Datasheets,Image,Digi-Key Part Number,Manufacturer Part Number,Manufacturer,Description,Quantity Available,Factory Stock,Unit Price (USD),@ qty,Minimum Quantity,"Packaging","Series","Part Status","Frequency","Features","Size / Dimension"
https://www.molex.com/pdm_docs/sd/1462360001_sd.pdf,-,WM22479-ND,1462360001,Molex,RECTANGLE STANDARD NFC ANTENNA 1,18242,0,"0.90000","0","1","-","146236","Active","13.56MHz","Near Field Communications (NFC)","15.00mm L x 25.00mm W x 0.17mm H"
http://productfinder.pulseeng.com/products/datasheets/L152.pdf,//media.digikey.com/Photos/Pulse%20Photos/MFG_W7001.jpg,553-2633-ND,W7001,PulseLarsen Antennas,NFC STAMP FLEX ANTENNA,4479,0,"1.61000","0","1","Bulk","-","Active","13.56MHz","25mm x 25mm x 0.12mm","25.00mm L x 25.00mm W x 0.12mm H"
https://cdn.taoglas.com/datasheets/FXR.01.07.0100C.A.pdf,//media.digikey.com/Photos/Taoglas/MFG_FXR.01.07.0100C.A.jpg,931-1242-ND,FXR.01.07.0100C.A,Taoglas Limited,RFID ANTENNA FLEX READER MHFI,575,0,"12.51000","0","1","Bulk","-","Active","13.56MHz","Near Field Communications (NFC)","-"
https://en.tdk.eu/inf/30/db/ind_2008/b82451n.pdf,//media.digikey.com/Photos/Epcos%20Photos/B82451N4754E2.jpg,495-6637-2-ND,B82451N4754E002,EPCOS (TDK),TRANSPONDER COIL 4.75MH SMD,1500,0,"0.92829","0","1500","Tape & Reel (TR)","Automotive, AEC-Q200, B82451N","Active","125kHz","-","-"
https://en.tdk.eu/inf/30/db/ind_2008/b82451n.pdf,//media.digikey.com/Photos/Epcos%20Photos/B82451N4754E2.jpg,495-6637-1-ND,B82451N4754E002,EPCOS (TDK),TRANSPONDER COIL 4.75MH SMD,2874,0,"2.24000","0","1","Cut Tape (CT)","Automotive, AEC-Q200, B82451N","Active","125kHz","-","-"
https://en.tdk.eu/inf/30/db/ind_2008/b82451n.pdf,//media.digikey.com/Photos/Epcos%20Photos/B82451N4754E2.jpg,495-6637-6-ND,B82451N4754E002,EPCOS (TDK),TRANSPONDER COIL 4.75MH SMD,2874,0,"Digi-Reel","0","1","Digi-Reel®","Automotive, AEC-Q200, B82451N","Active","125kHz","-","-"
https://www.tdk-electronics.tdk.com/inf/30/db/ind_2008/b82450a_a.pdf,//media.digikey.com/Renders/Epcos%20Renders/B82450A%20Series.jpg,495-2721-2-ND,B82450A7004A000,EPCOS (TDK),TRANSPONDER COIL 7MH SMD,2500,0,"1.04415","0","2500","Tape & Reel (TR)","Automotive, AEC-Q200, B82450A","Active","125kHz","-","-"
https://www.tdk-electronics.tdk.com/inf/30/db/ind_2008/b82450a_a.pdf,//media.digikey.com/Renders/Epcos%20Renders/B82450A%20Series.jpg,495-2721-1-ND,B82450A7004A000,EPCOS (TDK),TRANSPONDER COIL 7MH SMD,3775,0,"2.60000","0","1","Cut Tape (CT)","Automotive, AEC-Q200, B82450A","Active","125kHz","-","-"
https://www.tdk-electronics.tdk.com/inf/30/db/ind_2008/b82450a_a.pdf,//media.digikey.com/Renders/Epcos%20Renders/B82450A%20Series.jpg,495-2721-6-ND,B82450A7004A000,EPCOS (TDK),TRANSPONDER COIL 7MH SMD,3775,0,"Digi-Reel","0","1","Digi-Reel®","Automotive, AEC-Q200, B82450A","Active","125kHz","-","-"
https://www.molex.com/pdm_docs/sd/1462360031_sd.pdf,//media.digikey.com/Photos/Molex/MFG_1462360031.jpg,WM16672-ND,1462360031,Molex,RECTANGLE STANDARD NFC ANTENNA 4,4695,0,"2.56000","0","1","Bulk","-","Active","13.56MHz","-","55.00mm L x 45.00mm W x 0.17mm H"
https://abracon.com/datasheets/ANFCA-101-2515-A02.pdf,//media.digikey.com/photos/Abracon%20Corporation%20Photos/ANFCA-2515-A02.JPG,535-14516-ND,ANFCA-101-2515-A02,Abracon LLC,NFC ANTENNA FOR IOT,920,0,"3.39000","0","1","-","-","Active","13.56MHz","Near Field Communications (NFC)","-"
//media.digikey.com/pdf/Data%20Sheets/Sumida%20PDFs/CAS143.pdf,//media.digikey.com/Photos/Sumida%20Photos/CAS143-47.jpg,308-2270-2-ND,CAS143-47,Sumida America Components Inc.,ANTENNA RECEIVER,3000,0,"3.83460","0","500","Tape & Reel (TR)","-","Active","125kHz","-","-"
//media.digikey.com/pdf/Data%20Sheets/Sumida%20PDFs/CAS143.pdf,//media.digikey.com/Photos/Sumida%20Photos/CAS143-47.jpg,308-2270-1-ND,CAS143-47,Sumida America Components Inc.,ANTENNA RECEIVER,3175,0,"6.66000","0","1","Cut Tape (CT)","-","Active","125kHz","-","-"
//media.digikey.com/pdf/Data%20Sheets/Sumida%20PDFs/CAS143.pdf,//media.digikey.com/Photos/Sumida%20Photos/CAS143-47.jpg,308-2270-6-ND,CAS143-47,Sumida America Components Inc.,ANTENNA RECEIVER,3175,0,"Digi-Reel","0","1","Digi-Reel®","-","Active","125kHz","-","-"
https://www.molex.com/pdm_docs/sd/1462360031_sd.pdf,//media.digikey.com/Photos/Molex/MFG_1462360031.jpg,WM16796-ND,1462360121,Molex,STANDARD NFC ANTENNA 34X46(WITH,3917,0,"4.01000","0","1","Tray","146236","Active","13.56MHz","Near Field Communications (NFC)","46.10mm x 34.39mm x 0.27mm"
http://products.sumida.com/products/pdf/AS705A%20datasheet.pdf,//media.digikey.com/Photos/Sumida%20Photos/AS705-125A-XH.jpg,308-2268-ND,AS705-125A-XH,Sumida America Components Inc.,ANTENNA,2014,0,"6.66000","0","1","Bulk","-","Active","125kHz","-","-"
https://cdn.taoglas.com/datasheets/FXR.08.52.0075X.A.pdf,//media.digikey.com/Photos/Taoglas/MFG_FXR.08.52.0075X.jpg,931-1423-ND,FXR.08.52.0075X.A,Taoglas Limited,ANTENNA,206,0,"8.24000","0","1","-","-","Active","13.56MHz","-","-"
https://cdn.taoglas.com/datasheets/FXR.07.52.0075X.A.pdf,//media.digikey.com/Photos/Taoglas/MFG_FXR.07.52.0075X.jpg,931-1422-ND,FXR.07.52.0075X.A,Taoglas Limited,ANTENNA,253,0,"8.39000","0","1","-","-","Active","13.56MHz","-","-"
https://abracon.com/RFID-Readers/ARRCN5-868.000MHz.pdf,//media.digikey.com/Photos/Abracon%20Corporation%20Photos/ARRCN5[1].jpg,535-12930-ND,ARRCN5-868.000MHZ,Abracon LLC,RFID READER PASSIVE EU,284,0,"16.40000","0","1","Tray","-","Active","868MHz","-","-"
https://www.tdk-electronics.tdk.com/inf/30/ds/b82451l_e.pdf,//media.digikey.com/Photos/Epcos%20Photos/MFG_B82451L.jpg,495-7514-2-ND,B82451L4814E402,EPCOS (TDK),TRANSPONDER COIL 4.81MH 40.7 OHM,0,0,"0.92829","0","1500","Tape & Reel (TR)","Automotive, AEC-Q200, B82451L","Active","125kHz","-","-"
https://www.tdk-electronics.tdk.com/inf/30/ds/b82451l_e.pdf,//media.digikey.com/Photos/Epcos%20Photos/MFG_B82451L.jpg,495-7514-1-ND,B82451L4814E402,EPCOS (TDK),TRANSPONDER COIL 4.81MH 40.7 OHM,1446,0,"2.24000","0","1","Cut Tape (CT)","Automotive, AEC-Q200, B82451L","Active","125kHz","-","-"
https://www.tdk-electronics.tdk.com/inf/30/ds/b82451l_e.pdf,//media.digikey.com/Photos/Epcos%20Photos/MFG_B82451L.jpg,495-7514-6-ND,B82451L4814E402,EPCOS (TDK),TRANSPONDER COIL 4.81MH 40.7 OHM,1446,0,"Digi-Reel","0","1","Digi-Reel®","Automotive, AEC-Q200, B82451L","Active","125kHz","-","-"
https://www.tdk-electronics.tdk.com/inf/30/ds/b82451l_e.pdf,//media.digikey.com/Photos/Epcos%20Photos/MFG_B82451L.jpg,495-7512-2-ND,B82451L4664E402,EPCOS (TDK),TRANSPONDER COIL 4.66MH 38.5 OHM,0,0,"0.92829","0","1500","Tape & Reel (TR)","Automotive, AEC-Q200, B82451L","Active","125kHz","-","-"
https://www.tdk-electronics.tdk.com/inf/30/ds/b82451l_e.pdf,//media.digikey.com/Photos/Epcos%20Photos/MFG_B82451L.jpg,495-7512-1-ND,B82451L4664E402,EPCOS (TDK),TRANSPONDER COIL 4.66MH 38.5 OHM,1442,0,"2.24000","0","1","Cut Tape (CT)","Automotive, AEC-Q200, B82451L","Active","125kHz","-","-"
https://www.tdk-electronics.tdk.com/inf/30/ds/b82451l_e.pdf,//media.digikey.com/Photos/Epcos%20Photos/MFG_B82451L.jpg,495-7512-6-ND,B82451L4664E402,EPCOS (TDK),TRANSPONDER COIL 4.66MH 38.5 OHM,1442,0,"Digi-Reel","0","1","Digi-Reel®","Automotive, AEC-Q200, B82451L","Active","125kHz","-","-"
https://www.tdk-electronics.tdk.com/inf/30/ds/b82451l_e.pdf,//media.digikey.com/Photos/Epcos%20Photos/MFG_B82451L.jpg,495-7509-2-ND,B82451L1004E402,EPCOS (TDK),TRANSPONDER COIL 1MH 9 OHM SMD,0,0,"0.92829","0","1500","Tape & Reel (TR)","Automotive, AEC-Q200, B82451L","Active","125kHz","-","-"
https://www.tdk-electronics.tdk.com/inf/30/ds/b82451l_e.pdf,//media.digikey.com/Photos/Epcos%20Photos/MFG_B82451L.jpg,495-7509-1-ND,B82451L1004E402,EPCOS (TDK),TRANSPONDER COIL 1MH 9 OHM SMD,1359,0,"2.24000","0","1","Cut Tape (CT)","Automotive, AEC-Q200, B82451L","Active","125kHz","-","-"
https://www.tdk-electronics.tdk.com/inf/30/ds/b82451l_e.pdf,//media.digikey.com/Photos/Epcos%20Photos/MFG_B82451L.jpg,495-7509-6-ND,B82451L1004E402,EPCOS (TDK),TRANSPONDER COIL 1MH 9 OHM SMD,1359,0,"Digi-Reel","0","1","Digi-Reel®","Automotive, AEC-Q200, B82451L","Active","125kHz","-","-"
https://www.tdk-electronics.tdk.com/inf/30/ds/b82451l_e.pdf,//media.digikey.com/Photos/Epcos%20Photos/MFG_B82451L.jpg,495-7513-2-ND,B82451L4754E402,EPCOS (TDK),TRANSPONDER COIL 4.75MH 40.3 OHM,0,0,"0.92829","0","1500","Tape & Reel (TR)","Automotive, AEC-Q200, B82451L","Active","125kHz","-","-"
https://www.tdk-electronics.tdk.com/inf/30/ds/b82451l_e.pdf,//media.digikey.com/Photos/Epcos%20Photos/MFG_B82451L.jpg,495-7513-1-ND,B82451L4754E402,EPCOS (TDK),TRANSPONDER COIL 4.75MH 40.3 OHM,1358,0,"2.24000","0","1","Cut Tape (CT)","Automotive, AEC-Q200, B82451L","Active","125kHz","-","-"
https://www.tdk-electronics.tdk.com/inf/30/ds/b82451l_e.pdf,//media.digikey.com/Photos/Epcos%20Photos/MFG_B82451L.jpg,495-7513-6-ND,B82451L4754E402,EPCOS (TDK),TRANSPONDER COIL 4.75MH 40.3 OHM,1358,0,"Digi-Reel","0","1","Digi-Reel®","Automotive, AEC-Q200, B82451L","Active","125kHz","-","-"
https://www.tdk-electronics.tdk.com/inf/30/ds/b82451l_e.pdf,//media.digikey.com/Photos/Epcos%20Photos/MFG_B82451L.jpg,495-7515-2-ND,B82451L7804E402,EPCOS (TDK),TRANSPONDER COIL 7.8MH 84.5 OHM,0,0,"0.92829","0","1500","Tape & Reel (TR)","Automotive, AEC-Q200, B82451L","Active","125kHz","-","-"
https://www.tdk-electronics.tdk.com/inf/30/ds/b82451l_e.pdf,//media.digikey.com/Photos/Epcos%20Photos/MFG_B82451L.jpg,495-7515-1-ND,B82451L7804E402,EPCOS (TDK),TRANSPONDER COIL 7.8MH 84.5 OHM,1241,0,"2.24000","0","1","Cut Tape (CT)","Automotive, AEC-Q200, B82451L","Active","125kHz","-","-"
https://www.tdk-electronics.tdk.com/inf/30/ds/b82451l_e.pdf,//media.digikey.com/Photos/Epcos%20Photos/MFG_B82451L.jpg,495-7515-6-ND,B82451L7804E402,EPCOS (TDK),TRANSPONDER COIL 7.8MH 84.5 OHM,1241,0,"Digi-Reel","0","1","Digi-Reel®","Automotive, AEC-Q200, B82451L","Active","125kHz","-","-"
https://abracon.com/NFC-antenna/ANFCA-3225-A02.pdf,//media.digikey.com/photos/Abracon%20Corporation%20Photos/ANFCA-3225-A02.JPG,535-12515-ND,ANFCA-3225-A02,Abracon LLC,NFC STAMP FLEX ANTENNA 32X25MM,4470,0,"2.37000","0","1","Bulk","-","Obsolete","13.56MHz","-","-"
https://www.tdk-electronics.tdk.com/inf/30/ds/b82451l_e.pdf,//media.digikey.com/Photos/Epcos%20Photos/MFG_B82451L.jpg,495-7510-2-ND,B82451L1005E402,EPCOS (TDK),TRANSPONDER COIL 10MH 104OHM SMD,0,0,"0.99324","0","1500","Tape & Reel (TR)","Automotive, AEC-Q200, B82451L","Active","125kHz","-","-"
https://www.tdk-electronics.tdk.com/inf/30/ds/b82451l_e.pdf,//media.digikey.com/Photos/Epcos%20Photos/MFG_B82451L.jpg,495-7510-1-ND,B82451L1005E402,EPCOS (TDK),TRANSPONDER COIL 10MH 104OHM SMD,1030,0,"2.39000","0","1","Cut Tape (CT)","Automotive, AEC-Q200, B82451L","Active","125kHz","-","-"
https://www.tdk-electronics.tdk.com/inf/30/ds/b82451l_e.pdf,//media.digikey.com/Photos/Epcos%20Photos/MFG_B82451L.jpg,495-7510-6-ND,B82451L1005E402,EPCOS (TDK),TRANSPONDER COIL 10MH 104OHM SMD,1030,0,"Digi-Reel","0","1","Digi-Reel®","Automotive, AEC-Q200, B82451L","Active","125kHz","-","-"
https://www.tdk-electronics.tdk.com/inf/30/db/ind_2008/b82450a_a.pdf,//media.digikey.com/Renders/Epcos%20Renders/B82450A%20Series.jpg,495-2720-2-ND,B82450A2364A000,EPCOS (TDK),TRANSPONDER COIL 2.36MH SMD,0,0,"1.04415","0","2500","Tape & Reel (TR)","Automotive, AEC-Q200, B82450A","Active","125kHz","-","-"
https://www.tdk-electronics.tdk.com/inf/30/db/ind_2008/b82450a_a.pdf,//media.digikey.com/Renders/Epcos%20Renders/B82450A%20Series.jpg,495-2720-1-ND,B82450A2364A000,EPCOS (TDK),TRANSPONDER COIL 2.36MH SMD,1901,0,"2.60000","0","1","Cut Tape (CT)","Automotive, AEC-Q200, B82450A","Active","125kHz","-","-"
https://www.tdk-electronics.tdk.com/inf/30/db/ind_2008/b82450a_a.pdf,//media.digikey.com/Renders/Epcos%20Renders/B82450A%20Series.jpg,495-2720-6-ND,B82450A2364A000,EPCOS (TDK),TRANSPONDER COIL 2.36MH SMD,1901,0,"Digi-Reel","0","1","Digi-Reel®","Automotive, AEC-Q200, B82450A","Active","125kHz","-","-"
https://www.tdk-electronics.tdk.com/inf/30/db/ind_2008/b82450a_a.pdf,//media.digikey.com/Renders/Epcos%20Renders/B82450A%20Series.jpg,495-76995-2-ND,B82450A7204A000,EPCOS (TDK),TRANSPONDER COIL 11MM 7.2MH 3%,0,0,"1.04415","0","2500","Tape & Reel (TR)","-","Active","125kHz","-","11.40mm L x 3.50mm W x 2.40mm H"
https://www.tdk-electronics.tdk.com/inf/30/db/ind_2008/b82450a_a.pdf,//media.digikey.com/Renders/Epcos%20Renders/B82450A%20Series.jpg,495-76995-1-ND,B82450A7204A000,EPCOS (TDK),TRANSPONDER COIL 11MM 7.2MH 3%,1659,0,"2.60000","0","1","Cut Tape (CT)","*","Active","-","-","-"
https://www.tdk-electronics.tdk.com/inf/30/db/ind_2008/b82450a_a.pdf,//media.digikey.com/Renders/Epcos%20Renders/B82450A%20Series.jpg,495-76995-6-ND,B82450A7204A000,EPCOS (TDK),TRANSPONDER COIL 11MM 7.2MH 3%,1659,0,"Digi-Reel","0","1","Digi-Reel®","*","Active","-","-","-"
https://www.tdk-electronics.tdk.com/inf/30/db/ind_2008/b82450a_e.pdf,//media.digikey.com/Renders/Epcos%20Renders/B82450A%20Series.jpg,495-6635-2-ND,B82450A7004E000,EPCOS (TDK),TRANSPONDER COIL 7MH SMD,0,0,"1.16025","0","2500","Tape & Reel (TR)","Automotive, AEC-Q200, B82450A","Active","125kHz","-","-"
https://www.tdk-electronics.tdk.com/inf/30/db/ind_2008/b82450a_e.pdf,//media.digikey.com/Renders/Epcos%20Renders/B82450A%20Series.jpg,495-6635-1-ND,B82450A7004E000,EPCOS (TDK),TRANSPONDER COIL 7MH SMD,2471,0,"2.89000","0","1","Cut Tape (CT)","Automotive, AEC-Q200, B82450A","Active","125kHz","-","-"
https://www.tdk-electronics.tdk.com/inf/30/db/ind_2008/b82450a_e.pdf,//media.digikey.com/Renders/Epcos%20Renders/B82450A%20Series.jpg,495-6635-6-ND,B82450A7004E000,EPCOS (TDK),TRANSPONDER COIL 7MH SMD,2471,0,"Digi-Reel","0","1","Digi-Reel®","Automotive, AEC-Q200, B82450A","Active","125kHz","-","-"
https://www.tdk-electronics.tdk.com/inf/30/db/ind_2008/b82450a_e.pdf,//media.digikey.com/Renders/Epcos%20Renders/B82450A%20Series.jpg,495-6633-2-ND,B82450A1004E000,EPCOS (TDK),TRANSPONDER COIL 1MH SMD,0,0,"1.16025","0","2500","Tape & Reel (TR)","Automotive, AEC-Q200, B82450A","Active","125kHz","-","-"
https://www.tdk-electronics.tdk.com/inf/30/db/ind_2008/b82450a_e.pdf,//media.digikey.com/Renders/Epcos%20Renders/B82450A%20Series.jpg,495-6633-1-ND,B82450A1004E000,EPCOS (TDK),TRANSPONDER COIL 1MH SMD,2342,0,"2.89000","0","1","Cut Tape (CT)","Automotive, AEC-Q200, B82450A","Active","125kHz","-","-"
https://www.tdk-electronics.tdk.com/inf/30/db/ind_2008/b82450a_e.pdf,//media.digikey.com/Renders/Epcos%20Renders/B82450A%20Series.jpg,495-6633-6-ND,B82450A1004E000,EPCOS (TDK),TRANSPONDER COIL 1MH SMD,2342,0,"Digi-Reel","0","1","Digi-Reel®","Automotive, AEC-Q200, B82450A","Active","125kHz","-","-"
https://www.tdk-electronics.tdk.com/inf/30/db/ind_2008/b82450a_e.pdf,//media.digikey.com/Renders/Epcos%20Renders/B82450A%20Series.jpg,495-6634-2-ND,B82450A2364E000,EPCOS (TDK),TRANSPONDER COIL 2.36MH SMD,0,0,"1.16025","0","2500","Tape & Reel (TR)","Automotive, AEC-Q200, B82450A","Active","125kHz","-","-"
https://www.tdk-electronics.tdk.com/inf/30/db/ind_2008/b82450a_e.pdf,//media.digikey.com/Renders/Epcos%20Renders/B82450A%20Series.jpg,495-6634-1-ND,B82450A2364E000,EPCOS (TDK),TRANSPONDER COIL 2.36MH SMD,1932,0,"2.89000","0","1","Cut Tape (CT)","Automotive, AEC-Q200, B82450A","Active","125kHz","-","-"
https://www.tdk-electronics.tdk.com/inf/30/db/ind_2008/b82450a_e.pdf,//media.digikey.com/Renders/Epcos%20Renders/B82450A%20Series.jpg,495-6634-6-ND,B82450A2364E000,EPCOS (TDK),TRANSPONDER COIL 2.36MH SMD,1932,0,"Digi-Reel","0","1","Digi-Reel®","Automotive, AEC-Q200, B82450A","Active","125kHz","-","-"
https://www.tdk-electronics.tdk.com/inf/30/ds/B82450H2364A000.pdf,//media.digikey.com/Renders/Epcos%20Renders/B82450A%20Series.jpg,495-6636-2-ND,B82450H2364A000,EPCOS (TDK),TRANSPONDER COIL 2.36MH HQ SMD,0,0,"1.43895","0","2500","Tape & Reel (TR)","Automotive, AEC-Q200, B82450H","Active","125kHz","-","-"
https://www.tdk-electronics.tdk.com/inf/30/ds/B82450H2364A000.pdf,//media.digikey.com/Renders/Epcos%20Renders/B82450A%20Series.jpg,495-6636-1-ND,B82450H2364A000,EPCOS (TDK),TRANSPONDER COIL 2.36MH HQ SMD,2490,0,"3.31000","0","1","Cut Tape (CT)","Automotive, AEC-Q200, B82450H","Active","125kHz","-","-"
https://www.tdk-electronics.tdk.com/inf/30/ds/B82450H2364A000.pdf,//media.digikey.com/Renders/Epcos%20Renders/B82450A%20Series.jpg,495-6636-6-ND,B82450H2364A000,EPCOS (TDK),TRANSPONDER COIL 2.36MH HQ SMD,2490,0,"Digi-Reel","0","1","Digi-Reel®","Automotive, AEC-Q200, B82450H","Active","125kHz","-","-"
https://abracon.com/NFC-antenna/ANFCA-4545-A01.pdf,//media.digikey.com/photos/Abracon%20Corporation%20Photos/ANFCA-4545-A01.JPG,535-12513-ND,ANFCA-4545-A01,Abracon LLC,NFC STAMP FLEX ANTENNA 45X45MM,2864,0,"5.07000","0","1","Bulk","-","Obsolete","13.56MHz","-","-"
https://abracon.com/NFC-antenna/ANFCA-6040-A02.pdf,//media.digikey.com/photos/Abracon%20Corporation%20Photos/ANFCA-6040-A02.JPG,535-12512-ND,ANFCA-6040-A02,Abracon LLC,NFC STAMP FLEX ANTENNA 60X40MM,1414,0,"6.17000","0","1","Bulk","-","Obsolete","13.56MHz","-","-"
http://productfinder.pulseeng.com/products/datasheets/L151.pdf,//media.digikey.com/Photos/Pulse%20Photos/MFG_W3580.jpg,553-2632-ND,W3580,PulseLarsen Antennas,NFC FERRITE LOADED ANTENNA,336,0,"7.13000","0","1","Bulk","-","Active","13.56MHz","50mm x 35mm x 0.45mm","50.00mm L x 35.00mm W x 0.45mm H"
http://productfinder.pulseeng.com/products/datasheets/L153.pdf,//media.digikey.com/Photos/Pulse%20Photos/W7002.JPG,553-2634-ND,W7002,PulseLarsen Antennas,NFC WIRE LOOP ANTENNA,198,0,"7.20000","0","1","Bulk","-","Active","13.56MHz","94.6mm x 56.8mm x 3.65mm","94.60mm L x 56.80mm W x 3.65mm H"
https://www.tdk-electronics.tdk.com/inf/30/ds/b82453c_a.pdf,//media.digikey.com/Photos/Epcos%20Photos/MFG_B82453Cxxxx.jpg,495-76077-2-ND,B82453C0285A000,EPCOS (TDK),"3D-TRANSPONDER XY6,30MH Z9,00MH",0,0,"3.63000","0","900","Tape & Reel (TR)","-","Active","125kHz","-","-"
https://www.tdk-electronics.tdk.com/inf/30/ds/b82453c_a.pdf,//media.digikey.com/Photos/Epcos%20Photos/MFG_B82453Cxxxx.jpg,495-76077-1-ND,B82453C0285A000,EPCOS (TDK),"3D-TRANSPONDER XY6,30MH Z9,00MH",879,0,"7.65000","0","1","Cut Tape (CT)","-","Active","125kHz","-","-"
https://www.tdk-electronics.tdk.com/inf/30/ds/b82453c_a.pdf,//media.digikey.com/Photos/Epcos%20Photos/MFG_B82453Cxxxx.jpg,495-76077-6-ND,B82453C0285A000,EPCOS (TDK),"3D-TRANSPONDER XY6,30MH Z9,00MH",879,0,"Digi-Reel","0","1","Digi-Reel®","-","Active","125kHz","-","-"
https://www.tdk-electronics.tdk.com/inf/30/ds/b82453c_a.pdf,//media.digikey.com/Photos/Epcos%20Photos/MFG_B82453Cxxxx.jpg,495-76078-2-ND,B82453C0300A000,EPCOS (TDK),"3D-TRANSPONDER XY4,75MH Z5,85MH",0,0,"3.63000","0","900","Tape & Reel (TR)","-","Active","125kHz","-","-"
https://www.tdk-electronics.tdk.com/inf/30/ds/b82453c_a.pdf,//media.digikey.com/Photos/Epcos%20Photos/MFG_B82453Cxxxx.jpg,495-76078-1-ND,B82453C0300A000,EPCOS (TDK),"3D-TRANSPONDER XY4,75MH Z5,85MH",874,0,"7.65000","0","1","Cut Tape (CT)","-","Active","125kHz","-","-"
https://www.tdk-electronics.tdk.com/inf/30/ds/b82453c_a.pdf,//media.digikey.com/Photos/Epcos%20Photos/MFG_B82453Cxxxx.jpg,495-76078-6-ND,B82453C0300A000,EPCOS (TDK),"3D-TRANSPONDER XY4,75MH Z5,85MH",874,0,"Digi-Reel","0","1","Digi-Reel®","-","Active","125kHz","-","-"
https://www.tdk-electronics.tdk.com/inf/30/ds/b82453c_a.pdf,//media.digikey.com/Photos/Epcos%20Photos/MFG_B82453Cxxxx.jpg,495-76079-2-ND,B82453C0301A000,EPCOS (TDK),"3D-TRANSPONDER XY6,3MH Z11,0MH",0,0,"3.63000","0","900","Tape & Reel (TR)","-","Active","125kHz","-","-"
https://www.tdk-electronics.tdk.com/inf/30/ds/b82453c_a.pdf,//media.digikey.com/Photos/Epcos%20Photos/MFG_B82453Cxxxx.jpg,495-76079-1-ND,B82453C0301A000,EPCOS (TDK),"3D-TRANSPONDER XY6,3MH Z11,0MH",874,0,"7.65000","0","1","Cut Tape (CT)","-","Active","125kHz","-","-"
https://www.tdk-electronics.tdk.com/inf/30/ds/b82453c_a.pdf,//media.digikey.com/Photos/Epcos%20Photos/MFG_B82453Cxxxx.jpg,495-76079-6-ND,B82453C0301A000,EPCOS (TDK),"3D-TRANSPONDER XY6,3MH Z11,0MH",874,0,"Digi-Reel","0","1","Digi-Reel®","-","Active","125kHz","-","-"
https://www.tdk-electronics.tdk.com/inf/30/ds/b82453c_a.pdf,//media.digikey.com/Photos/Epcos%20Photos/MFG_B82453Cxxxx.jpg,495-76076-2-ND,B82453C0275A000,EPCOS (TDK),3D-TRANSPONDER 20MV/MT,0,0,"3.63000","0","900","Tape & Reel (TR)","-","Active","125kHz","-","-"
https://www.tdk-electronics.tdk.com/inf/30/ds/b82453c_a.pdf,//media.digikey.com/Photos/Epcos%20Photos/MFG_B82453Cxxxx.jpg,495-76076-1-ND,B82453C0275A000,EPCOS (TDK),3D-TRANSPONDER 20MV/MT,727,0,"7.65000","0","1","Cut Tape (CT)","-","Active","125kHz","-","-"
https://www.tdk-electronics.tdk.com/inf/30/ds/b82453c_a.pdf,//media.digikey.com/Photos/Epcos%20Photos/MFG_B82453Cxxxx.jpg,495-76076-6-ND,B82453C0275A000,EPCOS (TDK),3D-TRANSPONDER 20MV/MT,727,0,"Digi-Reel","0","1","Digi-Reel®","-","Active","125kHz","-","-"
https://www.tdk-electronics.tdk.com/inf/30/ds/b82453c_a.pdf,//media.digikey.com/Photos/Epcos%20Photos/MFG_B82453Cxxxx.jpg,495-76081-2-ND,B82453C0270A000,EPCOS (TDK),"3D-TRANSPONDER XY6,75MH Z13,2MH",0,0,"3.63000","0","900","Tape & Reel (TR)","-","Active","125kHz","-","-"
https://www.tdk-electronics.tdk.com/inf/30/ds/b82453c_a.pdf,//media.digikey.com/Photos/Epcos%20Photos/MFG_B82453Cxxxx.jpg,495-76081-1-ND,B82453C0270A000,EPCOS (TDK),"3D-TRANSPONDER XY6,75MH Z13,2MH",254,0,"7.65000","0","1","Cut Tape (CT)","-","Active","125kHz","-","-"
https://www.tdk-electronics.tdk.com/inf/30/ds/b82453c_a.pdf,//media.digikey.com/Photos/Epcos%20Photos/MFG_B82453Cxxxx.jpg,495-76081-6-ND,B82453C0270A000,EPCOS (TDK),"3D-TRANSPONDER XY6,75MH Z13,2MH",254,0,"Digi-Reel","0","1","Digi-Reel®","-","Active","125kHz","-","-"
http://productfinder.pulseeng.com/products/datasheets/L150.pdf,-,553-2631-ND,W3579,PulseLarsen Antennas,NFC FERRITE LOADED ANTENNA,204,0,"8.13000","0","1","Bulk","-","Active","13.56MHz","50mm x 35mm x 0.3mm","50.00mm L x 35.00mm W x 0.30mm H"
https://cdn.sparkfun.com/datasheets/Sensors/ID/GSM-34-900-58-30CM-1814.pdf,//media.digikey.com/Photos/Sparkfun%20Elec%20%20Photos/MFG_WRL-14131.jpg,1568-1806-ND,WRL-14131,SparkFun Electronics,UHF RFID ANTENNA (TNC),49,0,"34.95000","0","1","Bulk","-","Active","860MHz ~ 960MHz","-","-"
https://www.molex.com/pdm_docs/sd/1462360031_sd.pdf,//media.digikey.com/Photos/Molex/MFG_1462360031.jpg,WM16797-ND,1462360021,Molex,STANDARD NFC ANTENNA 34X46,34,0,"1.77000","0","1","Tray","146236","Active","13.56MHz","Near Field Communications (NFC)","46.10mm x 34.39mm x 0.17mm"
https://cdn.taoglas.com/datasheets/FXR.06.52.0075X.A.pdf,//media.digikey.com/Photos/Taoglas/MFG_FXR.06.52.0075X.jpg,931-1421-ND,FXR.06.52.0075X.A,Taoglas Limited,ANTENNA,77,0,"8.47000","0","1","-","-","Active","13.56MHz","-","-"
https://cdn.taoglas.com/datasheets/FXR.08.52.0075X.A.dg.pdf,//media.digikey.com/Photos/Taoglas/MFG_FXR.08.52.0075X.A.DG.jpg,931-1426-ND,FXR.08.52.0075X.A.DG,Taoglas Limited,ANTENNA,91,0,"10.81000","0","1","-","-","Active","13.56MHz","-","-"
https://cdn.taoglas.com/datasheets/FXR.07.52.0075X.A.dg.pdf,//media.digikey.com/Photos/Taoglas/MFG_FXR.07.52.0075X.A.DG.jpg,931-1425-ND,FXR.07.52.0075X.A.DG,Taoglas Limited,ANTENNA,96,0,"11.15000","0","1","-","-","Active","13.56MHz","-","-"
http://www.dlpdesign.com/rf/dlp-lp8c-ds-v17.pdf,//media.digikey.com/photos/DLP%20Design%20Inc/DLP-FANT.JPG,813-1021-ND,DLP-FANT,DLP Design Inc.,ANTENNA FERRITE,65,0,"19.95000","0","1","Bulk","-","Active","13.56MHz","SMA Style","-"
http://www.dlpdesign.com/rf/dlp-lp8c-ds-v17.pdf,//media.digikey.com/photos/DLP%20Design%20Inc/DLP-RFID-ANT.JPG,813-1023-ND,DLP-RFID-ANT,DLP Design Inc.,ANTENNA ROUND WITH COAX,37,0,"39.95000","0","1","Bulk","-","Active","13.56MHz","-","-"
http://www.feig.de/fileadmin/user_upload/Downloads/Datenblaetter/Data_sheet_Identification_Antennas_ID_ISC_ANT340_240.pdf,//media.digikey.com/photos/Feig%20Elect%20Photos/1663.000.00.00.jpg,629-1025-ND,1663.000.00,FEIG Electronic,ID ISC.ANT340/240 PAD ANT,6,0,"195.69000","0","1","Bulk","ANT340/240","Active","13.56MHz","MR, Pad","-"
https://cdn.taoglas.com/datasheets/FXR.08.A.dg.pdf,//media.digikey.com/Photos/Taoglas/MFG_FXR.08.A.DG.jpg,931-1420-ND,FXR.08.A.DG,Taoglas Limited,ANTENNA,76,0,"8.58000","0","1","-","-","Active","13.56MHz","-","-"
//media.digikey.com/pdf/Data%20Sheets/Harting%20PDFs/2093610_Series.pdf,//media.digikey.com/Photos/Harting/MFG_2093610120020.jpg,1195-6096-ND,2093610120020,HARTING,LOCFIELD ANTENNA SMA FCC,12,0,"352.71000","0","1","-","-","Active","902MHz ~ 928MHz","SMA Style","-"
//media.digikey.com/pdf/Data%20Sheets/Harting%20PDFs/Ha-VIS_RFID_Flyer.pdf.pdf,//media.digikey.com/Photos/Harting/20932010103.jpg,1195-3435-ND,20932010103,HARTING,WIDE RANGE ANT TNC SOCKET US,5,0,"358.48000","0","1","Bulk","-","Active","902MHz ~ 928MHz","Compact Size","-"
http://www.harting-rfid.com/fileadmin/harting/documents/rfid/produkte/antennen/datasheet_ha-vis_rf-ant-lr10.pdf,//media.digikey.com/Photos/Harting/20932010303.jpg,1195-3437-ND,20932010303,HARTING,UHF ULTRA LOW RANGE ANTENNA,2,0,"419.78000","0","1","Bulk","-","Active","860MHz ~ 930MHz","Compact Size","-"
https://www.murata.com/~/media/webrenewal/products/rfid/rfid/uhf/readerwriter-module/pdf/uhf%20rfid%20short%20range%20antenna%20lxrfzzucca-036_037_preliminary%20datasheet_rev03_171102.ashx?la=en-us,//media.digikey.com/Photos/Murata%20Photos/MFG_LXRFZZUCCA-036.jpg,490-16517-ND,LXRFZZUCCA-036,Murata Electronics North America,RFID UHF LOOP ANTENNA - USED WIT,9,0,"43.95000","0","1","Tray","-","Active","902MHz ~ 928MHz","-","1.752"" L x 1.024"" W x 0.031"" H (44.50mm x 26.00mm x 0.80mm)"
https://www.jadaktech.com/wp-content/uploads/2019/03/EL6e-2nd-release-data-sheet-031819.pdf,-,1523-1513-ND,PLT-RFID-ANT-EL6E-NA,"ThingMagic, a JADAK brand",EL6E ANTENNA KIT NORTH AMERICA,50,0,"50.00000","0","1","-","-","Active","915MHz ~ 928MHz","-","-"
https://www.jadaktech.com/wp-content/uploads/2019/03/EL6e-2nd-release-data-sheet-031819.pdf,-,1523-1514-ND,PLT-RFID-ANT-EL6E-EU,"ThingMagic, a JADAK brand",EL6E RFID ANTENNA KIT EUROPE,49,0,"50.00000","0","1","-","-","Active","865MHz ~ 868MHz","-","-"
http://www.ia.omron.com/data_pdf/cat/v640_series_ds_e_10_3_csm1356.pdf,//media.digikey.com/Photos/Omron%20Auto/V640-HS61-2M.jpg,Z12671-ND,V640-HS61 2M,Omron Automation and Safety,TIRIS RFID ANTENNA FOR SEMI 2M,10,156,"262.89000","0","1","Bulk","V640","Active","134kHz","-","-"
https://www.feig-electronics.com/fileadmin/user_upload/Downloads/Datenblaetter/Data_sheet_Identification_Antennas_ID_ISC_ANT310_310.pdf,-,629-1073-ND,3249.000.00,FEIG Electronic,IDISC.ANT310/310-A HF ANTENNA,10,0,"585.13000","0","1","-","-","Active","13.56MHz","SMA Style","-"
https://abracon.com/NFC-antenna/ANFCA-2515-A02.pdf,//media.digikey.com/photos/Abracon%20Corporation%20Photos/ANFCA-2515-A02.JPG,535-12516-ND,ANFCA-2515-A02,Abracon LLC,NFC STAMP FLEX ANTENNA 25X15MM,646,0,"1.91000","0","1","Bulk","-","Obsolete","13.56MHz","-","-"
https://www.tdk-electronics.tdk.com/inf/30/ds/b82451l_e.pdf,//media.digikey.com/Photos/Epcos%20Photos/MFG_B82451L.jpg,495-7511-2-ND,B82451L2364E402,EPCOS (TDK),TRANSPONDER COIL 2.36MH 20 OHM,0,0,"0.92829","0","1500","Tape & Reel (TR)","Automotive, AEC-Q200, B82451L","Active","125kHz","-","-"
https://www.tdk-electronics.tdk.com/inf/30/ds/b82451l_e.pdf,//media.digikey.com/Photos/Epcos%20Photos/MFG_B82451L.jpg,495-7511-1-ND,B82451L2364E402,EPCOS (TDK),TRANSPONDER COIL 2.36MH 20 OHM,684,0,"2.24000","0","1","Cut Tape (CT)","Automotive, AEC-Q200, B82451L","Active","125kHz","-","-"
https://www.tdk-electronics.tdk.com/inf/30/ds/b82451l_e.pdf,//media.digikey.com/Photos/Epcos%20Photos/MFG_B82451L.jpg,495-7511-6-ND,B82451L2364E402,EPCOS (TDK),TRANSPONDER COIL 2.36MH 20 OHM,684,0,"Digi-Reel","0","1","Digi-Reel®","Automotive, AEC-Q200, B82451L","Active","125kHz","-","-"
https://www.tdk-electronics.tdk.com/inf/30/db/ind_2008/b82450a_a.pdf,//media.digikey.com/Renders/Epcos%20Renders/B82450A%20Series.jpg,495-2719-2-ND,B82450A1004A000,EPCOS (TDK),TRANSPONDER COIL 1MH SMD,0,0,"1.04415","0","2500","Tape & Reel (TR)","Automotive, AEC-Q200, B82450A","Active","125kHz","-","-"
https://www.tdk-electronics.tdk.com/inf/30/db/ind_2008/b82450a_a.pdf,//media.digikey.com/Renders/Epcos%20Renders/B82450A%20Series.jpg,495-2719-1-ND,B82450A1004A000,EPCOS (TDK),TRANSPONDER COIL 1MH SMD,624,0,"2.60000","0","1","Cut Tape (CT)","Automotive, AEC-Q200, B82450A","Active","125kHz","-","-"
https://www.tdk-electronics.tdk.com/inf/30/db/ind_2008/b82450a_a.pdf,//media.digikey.com/Renders/Epcos%20Renders/B82450A%20Series.jpg,495-2719-6-ND,B82450A1004A000,EPCOS (TDK),TRANSPONDER COIL 1MH SMD,624,0,"Digi-Reel","0","1","Digi-Reel®","Automotive, AEC-Q200, B82450A","Active","125kHz","-","-"
https://www.tdk-electronics.tdk.com/inf/30/ds/b82453c_a.pdf,//media.digikey.com/Photos/Epcos%20Photos/MFG_B82453Cxxxx.jpg,495-76080-2-ND,B82453C0203A000,EPCOS (TDK),"3D-TRANSPONDER XY4,75MH Z7,20MH",0,0,"3.63000","0","900","Tape & Reel (TR)","-","Active","125kHz","-","-"
https://www.tdk-electronics.tdk.com/inf/30/ds/b82453c_a.pdf,//media.digikey.com/Photos/Epcos%20Photos/MFG_B82453Cxxxx.jpg,495-76080-1-ND,B82453C0203A000,EPCOS (TDK),"3D-TRANSPONDER XY4,75MH Z7,20MH",50,0,"7.65000","0","1","Cut Tape (CT)","-","Active","125kHz","-","-"
https://www.tdk-electronics.tdk.com/inf/30/ds/b82453c_a.pdf,//media.digikey.com/Photos/Epcos%20Photos/MFG_B82453Cxxxx.jpg,495-76080-6-ND,B82453C0203A000,EPCOS (TDK),"3D-TRANSPONDER XY4,75MH Z7,20MH",50,0,"Digi-Reel","0","1","Digi-Reel®","-","Active","125kHz","-","-"
-,"//media.digikey.com/photos/Texas%20Instr%20Photos/MFG_RR-IDISC-ANT8-6-A,-B.jpg",481-1058-ND,RR-IDISC-ANT8-6-B,Texas Instruments,RFID ANT TYPE-B 600X800 13.56MHZ,2,0,"933.45000","0","1","Bulk","ANT800/600","Obsolete","13.56MHz","LR Loop","-"
https://product.tdk.com/info/en/catalog/datasheets/transpondercoil_automotive_tplc55_en.pdf,//media.digikey.com/Photos/TDK%20Photos/MFG_TPLC553030.JPG,445-180090-2-ND,TPLC553030-592H,TDK Corporation,TRANSPONDER COIL FOR LF ANTENNA,0,0,"0.43090","0","2500","Tape & Reel (TR)","TPLC","Active","125kHz","-","5.50mm L x 3.00mm W x 3.00mm H"
https://product.tdk.com/info/en/catalog/datasheets/transpondercoil_automotive_tplc55_en.pdf,//media.digikey.com/Photos/TDK%20Photos/MFG_TPLC553030.JPG,445-180090-1-ND,TPLC553030-592H,TDK Corporation,TRANSPONDER COIL FOR LF ANTENNA,0,0,"1.12000","0","1","Cut Tape (CT)","TPLC","Active","125kHz","-","5.50mm L x 3.00mm W x 3.00mm H"
https://product.tdk.com/info/en/catalog/datasheets/transpondercoil_automotive_tplc55_en.pdf,//media.digikey.com/Photos/TDK%20Photos/MFG_TPLC553030.JPG,445-180090-6-ND,TPLC553030-592H,TDK Corporation,TRANSPONDER COIL FOR LF ANTENNA,0,0,"Digi-Reel","0","1","Digi-Reel®","TPLC","Active","125kHz","-","5.50mm L x 3.00mm W x 3.00mm H"
https://cdn.taoglas.com/datasheets/FXR.06.52.0075X.A.dg.pdf,//media.digikey.com/Photos/Taoglas/MFG_FXR.06.52.0075X.A.DG.jpg,931-1424-ND,FXR.06.52.0075X.A.DG,Taoglas Limited,ANTENNA,0,0,"11.30000","0","1","-","-","Active","13.56MHz","-","-"
https://cdn.taoglas.com/datasheets/FXR.07.A.dg.pdf,//media.digikey.com/Photos/Taoglas/MFG_FXR.07.A.DG.jpg,931-1419-ND,FXR.07.A.DG,Taoglas Limited,ANTENNA,9,0,"8.93000","0","1","-","-","Active","13.56MHz","-","-"
https://cdn.taoglas.com/datasheets/FXR.06.A.dg.pdf,//media.digikey.com/Photos/Taoglas/MFG_FXR.06.A.DG.jpg,931-1418-ND,FXR.06.A.DG,Taoglas Limited,ANTENNA,13,0,"9.12000","0","1","-","-","Active","13.56MHz","-","-"
//media.digikey.com/pdf/Data%20Sheets/Harting%20PDFs/2093610_Series.pdf,//media.digikey.com/Photos/Harting/MFG_2093610120020.jpg,1195-6929-ND,2093610120030,HARTING,LOCFIELD ANTENNA SMA FCC,1,0,"335.07000","0","1","-","-","Active","902MHz ~ 928MHz","SMA Style","-"
https://b2b.harting.com/files/download/PRD/PDF_TS/20932010302_100230793DRW002A.pdf,//media.digikey.com/Photos/Harting/20932010302.jpg,1195-3439-ND,20932010302,HARTING,MID RANGE ANT TNC SOCKET US,1,0,"401.29000","0","1","Bulk","-","Active","902MHz ~ 928MHz","Compact Size","-"
http://www.vishay.com/docs/45219/vj5106w240gxcmt.pdf,-,VJ5106W240GXCMT-ND,VJ5106W240GXCMT,Vishay Vitramon,VJ5106W240GXCMT,0,0,"0.22838","0","2000","Tape & Reel (TR)","VJ5106W240","Active","2.4GHz ~ 2.5GHz","-","3.10mm L x 1.60mm W x 0.60mm H"
http://www.vishay.com/docs/45216/vj5103w240gxcmt.pdf,-,VJ5103W240GXCMT-ND,VJ5103W240GXCMT,Vishay Vitramon,VJ5103W240GXCMT,0,0,"0.34249","0","2000","Tape & Reel (TR)","VJ5103W240","Active","2.4GHz ~ 2.5GHz","-","8.00mm L x 1.05mm W x 0.80mm H"
http://www.vishay.com/docs/45218/vj5105w240gxcmt.pdf,-,VJ5105W240GXCMT-ND,VJ5105W240GXCMT,Vishay Vitramon,VJ5105W240GXCMT,0,0,"0.34249","0","2000","Tape & Reel (TR)","VJ5105W240","Active","2.4GHz ~ 2.5GHz","-","3.20mm L x 1.60mm W x 1.20mm H"
http://www.vishay.com/docs/45220/vj5120w500gxcmt.pdf,-,VJ5120W500GXCMT-ND,VJ5120W500GXCMT,Vishay Vitramon,VJ5120W500GXCMT,0,0,"0.34249","0","2000","Tape & Reel (TR)","VJ5120W500T","Active","4.9GHz ~ 5.85GHz","-","3.10mm L x 1.60mm W x 0.60mm H"
https://www.molex.com/pdm_docs/sd/1462360011_sd.pdf,-,1462360011-ND,1462360011,Molex,RECTANGLE STANDARD NFC ANTENNA 2,0,0,"0.38438","0","15000","-","146236","Active","13.56MHz","Near Field Communications (NFC)","27.30mm L x 23.00mm W x 0.17mm H"
https://www.tdk-electronics.tdk.com/inf/30/ds/TC1812.pdf,-,B82451A2384D000-ND,B82451A2384D000,EPCOS (TDK),TRANSPONDER COIL 2.38MH 43 OHM,0,0,"0.40800","0","7500","-","Automotive, AEC-Q200, B82451A","Active","125kHz","-","-"
http://www.vishay.com/docs/45217/vj5104w240gxcmt.pdf,-,VJ5104W240GXCMT-ND,VJ5104W240GXCMT,Vishay Vitramon,VJ5104W240GXCMT,0,0,"0.46844","0","2000","Tape & Reel (TR)","VJ5104W240","Active","2.4GHz ~ 2.5GHz","-","5.20mm L x 2.00mm W x 1.10mm H"
https://www.tdk-electronics.tdk.com/inf/30/ds/TC1210.pdf,-,B82450A1084C000-ND,B82450A1084C000,EPCOS (TDK),RFID TRANSPONDER COIL 125KHZ SMT,0,0,"0.49300","0","20000","-","Automotive, AEC-Q200, B82450A","Active","125kHz","-","-"
https://www.tdk-electronics.tdk.com/inf/30/ds/TC1210.pdf,-,B82450A1344C000-ND,B82450A1344C000,EPCOS (TDK),RFID TRANSPONDER COIL 125KHZ SMT,0,0,"0.54345","0","8000","-","Automotive, AEC-Q200, B82450A","Active","125kHz","-","-"
http://www.vishay.com/docs/45215/vj5101w157gxcmt.pdf,-,VJ5101W157GXCMT-ND,VJ5101W157GXCMT,Vishay Vitramon,VJ5101W157GXCMT,0,0,"0.55104","0","2000","Tape & Reel (TR)","VJ5101W157","Active","1.575GHz","-","10.00mm L x 3.20mm W x 0.80mm H"
https://www.molex.com/pdm_docs/sd/1462360101_sd.pdf,-,1462360101-ND,1462360101,Molex,STANDARD NFC ANTENNA 15X25(WITH,0,0,"0.64975","0","10800","-","146236","Active","13.56MHz","Near Field Communications (NFC)","15.00mm L x 25.00mm W x 0.27mm H"
https://www.molex.com/pdm_docs/sd/1462360111_sd.pdf,-,1462360111-ND,1462360111,Molex,STANDARD NFC ANTENNA 23X27(WITH,0,0,"0.99099","0","9000","-","146236","Active","13.56MHz","Near Field Communications (NFC)","27.30mm L x 23.00mm W x 0.27mm H"
https://www.tdk-electronics.tdk.com/inf/30/db/ind_2008/b82450a_a.pdf,-,B82450A4904A000-ND,B82450A4904A000,EPCOS (TDK),RFID TRANSPONDER COIL 125KHZ SMT,0,0,"1.04415","0","2500","-","Automotive, AEC-Q200, B82450A","Active","125kHz","-","-"
https://www.tdk-electronics.tdk.com/inf/30/db/ind_2008/b82450a_e.pdf,-,B82450A1855E001-ND,B82450A1855E001,EPCOS (TDK),TRANSPONDER COIL 8MM 18.52MH 3%,0,0,"1.16025","0","2500","-","-","Active","125kHz","-","7.80mm L x 2.70mm W x 2.70mm H"
https://www.tdk-electronics.tdk.com/inf/30/db/ind_2008/b82450a_e.pdf,-,B82450A7204E000-ND,B82450A7204E000,EPCOS (TDK),TRANSPONDER COIL 8MM 7.2MH 3%,0,0,"1.16025","0","2500","-","-","Active","125kHz","-","7.80mm L x 2.70mm W x 2.70mm H"
https://abracon.com/NFC-antenna/ANFCA-1510-A02.pdf,//media.digikey.com/photos/Abracon%20Corporation%20Photos/ANFCA-1510-A02.JPG,535-12517-ND,ANFCA-1510-A02,Abracon LLC,NFC STAMP FLEX ANTENNA 15X10MM,0,0,"1.27764","0","5000","Bulk","-","Obsolete","13.56MHz","-","-"
https://productfinder.pulseeng.com/doc_type/WEB301/doc_num/W7000/doc_part/W7000.pdf,-,W7000-ND,W7000,PulseLarsen Antennas,NFC PLANAR SHEET ANTENNA WITH WI,0,0,"1.72501","0","875","-","-","Active","13.56MHz","Near Field Communications (NFC), Picoblade Connector, 22.3mm Cable","43.00mm L x 34.00mm W"
https://www.molex.com/pdm_docs/sd/1462360131_sd.pdf,-,1462360131-ND,1462360131,Molex,STANDARD NFC ANTENNA 45X55(WITH,0,0,"2.33189","0","3600","-","146236","Active","13.56MHz","Near Field Communications (NFC)","45.00mm L x 55.00mm W x 0.27mm H"
https://productfinder.pulseeng.com/doc_type/WEB301/doc_num/W3509/doc_part/W3509.pdf,-,W3509-ND,W3509,PulseLarsen Antennas,RFID RADIATOR + FERRITE NPB,0,0,"3.07101","0","545","-","-","Active","13.56MHz","Near Field Communications (NFC), U.FL Connector, 90mm Cable","35.05mm L x 50.04mm W x 0.31mm H"
https://www.rfsolutions.co.uk/downloads/1457021091DS-ANT-125K.pdf,//media.digikey.com/Photos/RF%20Solutions%20Photos/MFG_ANT-125K.jpg,ANT-125K-ND,ANT-125K,RF Solutions,ANTENNA RFID COIL 125KHZ,0,0,"10.60500","0","12","Bulk","-","Active","125kHz","-","-"
//media.digikey.com/pdf/Data%20Sheets/Sparkfun%20PDFs/SPX-15113_Web.pdf,-,SPX-15113-ND,SPX-15113,SparkFun Electronics,UHF RFID RING ANTENNA,0,0,"12.44000","0","1","-","-","Active","865MHz ~ 928MHz","-","-"
https://www.rfsolutions.co.uk/downloads/1457023977ANT-1356M.PDF,//media.digikey.com/Photos/RF%20Solutions%20Photos/MFG_ANT-1356M.jpg,ANT-1356M-ND,ANT-1356M,RF Solutions,ANTENNA RFID COIL 13.56MHZ,0,0,"18.12857","0","7","Bulk","-","Active","13.56MHz","-","-"
-,-,IXI-P041205-ND,IXI-P041205,DLP Design Inc.,"RFID ANTENNA, SEC",0,0,"33.20050","0","20","-","*","Active","-","-","-"
-,-,IXI-P042702-ND,IXI-P042702,DLP Design Inc.,ANT 13.56MHZ PCB #2 REV A,0,0,"33.20050","0","20","-","*","Active","-","-","-"
-,-,IXI-P041259-ND,IXI-P041259,DLP Design Inc.,"RF ANTENNA, SCI",0,0,"37.50000","0","20","-","*","Active","-","-","-"
http://www.feig.de/fileadmin/user_upload/Downloads/Datenblaetter/Data_sheet_Identification_Antennas_ID_ISC_ANT40.30_100.100.pdf,//media.digikey.com/photos/Feig%20Elect%20Photos/1967.000.00.00.jpg,629-1038-ND,1967.000.00,FEIG Electronic,ID ISC.ANT40/30-A ANT 50 OHM,0,0,"50.38000","0","1","Bulk","ANT40/30","Active","13.56MHz","PR, Pad","-"
http://www.feig.de/fileadmin/user_upload/Downloads/Datenblaetter/Data_sheet_Identification_Antennas_ID_ISC_ANT40.30_100.100.pdf,//media.digikey.com/photos/Feig%20Elect%20Photos/1968.000.00.00.jpg,629-1039-ND,1968.000.00,FEIG Electronic,ID ISC.ANT100/100-A ANT 50 OHM,0,0,"53.79000","0","1","Bulk","ANT100/100","Active","13.56MHz","PR, Pad","-"
http://www.ia.omron.com/data_pdf/cat/v680_series_q267-e1_1_19_csm1003322.pdf?id=1863,-,V680-HS52-W2M-ND,V680-HS52-W 2M,Omron Automation and Safety,IP67 HF M22 DIA. ANTENNA,0,7,"230.70000","0","1","-","-","Active","134.2kHz","-","-"
http://www.ia.omron.com/data_pdf/cat/v680_series_q267-e1_1_19_csm1003322.pdf?id=1863,-,V680-HS63-W2M-ND,V680-HS63-W 2M,Omron Automation and Safety,IP67 HF BLOCK ANTENNA,0,23,"230.70000","0","1","-","-","Active","134.2kHz","-","-"
http://www.ia.omron.com/data_pdf/cat/v680_series_q267-e1_1_19_csm1003322.pdf?id=1863,-,V680-HS65-W2M-ND,V680-HS65-W 2M,Omron Automation and Safety,ANTENNA 100SQ 2M CABLE,0,0,"257.52000","0","1","-","-","Active","134.2kHz","-","-"
http://www.ia.omron.com/data_pdf/cat/v640_series_ds_e_10_3_csm1356.pdf,-,V640-HS621.9M-ND,V640-HS62 1.9M,Omron Automation and Safety,CABLE ANTENNA FOR HAM12 1.9M,0,0,"284.35000","0","1","Bulk","V640","Active","134kHz","-","-"
http://www.ia.omron.com/data_pdf/cat/v680_series_q267-e1_1_19_csm1003322.pdf?id=1863,-,V680-HS52-W12.5M-ND,V680-HS52-W 12.5M,Omron Automation and Safety,IP67 HF M22 DIA ANTENNA,0,0,"284.35000","0","1","-","-","Active","134.2kHz","-","-"
http://www.ia.omron.com/data_pdf/cat/v680_series_q267-e1_1_19_csm1003322.pdf?id=1863,-,V680-HS63-W12.5M-ND,V680-HS63-W 12.5M,Omron Automation and Safety,IP67 HF BLOCK ANTENNA,0,24,"289.71000","0","1","-","-","Active","134.2kHz","-","-"
-,//media.digikey.com/photos/Feig%20Elect%20Photos/2717.000.00.00.jpg,629-1056-ND,2717.000.00,FEIG Electronic,ID ISC.ANT200/200 HAND HELD HF,0,0,"345.74000","0","1","Bulk","ANT200/200","Active","13.56MHz","MR, Handheld Loop","-"
http://www.ia.omron.com/data_pdf/cat/v680_series_q267-e1_1_19_csm1003322.pdf?id=1863,-,V680-HS52-R2M-ND,V680-HS52-R 2M,Omron Automation and Safety,ROBOTIC HF M22 DIA. ANTENNA,0,0,"348.73000","0","1","-","-","Active","134.2kHz","-","-"
http://www.ia.omron.com/data_pdf/cat/v680_series_q267-e1_1_19_csm1003322.pdf?id=1863,-,V680-HS65-W12.5M-ND,V680-HS65-W 12.5M,Omron Automation and Safety,ANTENNA 100SQ 12.5M CABLE,0,0,"348.73000","0","1","-","-","Active","134.2kHz","-","-"
http://www.ia.omron.com/data_pdf/cat/v680_series_q267-e1_1_19_csm1003322.pdf?id=1863,-,V680-HS63-R2M-ND,V680-HS63-R 2M,Omron Automation and Safety,ROBOTIC HF BLOCK ANTENNA,0,0,"354.09000","0","1","-","-","Active","134.2kHz","-","-"
-,-,20932010102-ND,20932010102,HARTING,RF-ANT-WR30-EU,0,0,"355.75000","0","1","Bulk","-","Active","865MHz ~ 870MHz","Compact Size","-"
-,-,20932010301-ND,20932010301,HARTING,RF-ANT-MR20-EU,0,0,"357.52000","0","1","Bulk","-","Active","865MHz ~ 870MHz","Compact Size","-"
http://www.ia.omron.com/data_pdf/cat/v680_series_q267-e1_1_19_csm1003322.pdf?id=1863,-,V680-HS65-R2M-ND,V680-HS65-R 2M,Omron Automation and Safety,V680 HEAD 100MM SQ FLEX 2M CBL,0,0,"404.60000","0","1","-","-","Active","134.2kHz","-","-"
"//media.digikey.com/pdf/Data%20Sheets/FEIG%20Electronic%20PDFs/ID%20ISC.ANTS370-270,%20%20ID%20ISC.SPAD102.pdf",//media.digikey.com/Photos/Feig%20Elect%20Photos/ID%20ISC.ANTS370%5E270-A%20HF.JPG,629-1060-ND,3512.000.00,FEIG Electronic,SHIELDED HF PAD ANTENNA,0,0,"446.97000","0","1","-","-","Active","13.56MHz","-","-"
-,-,WE70-CA05M-ND,WE70-CA05M,Omron Automation and Safety,ANTENNA EXTENSION CABLE 5 MTR,0,0,"504.50000","0","1","-","-","Active","-","-","-"
//media.digikey.com/pdf/Data%20Sheets/Harting%20PDFs/2093610_Series.pdf,-,2093610220010-ND,2093610220010,HARTING,LOCFIELD ANTENNA SMA FCC,0,0,"513.09000","0","1","-","-","Active","902MHz ~ 928MHz","SMA Style","-"
-,-,Z2638-ND,V740-HS02CA,Omron Automation and Safety,RFID ANTENNA BISTATIC 915MHZ,0,0,"533.25000","0","1","Bulk","V740","Active","915MHz","Bistatic, 6dBi Gain Max","-"
http://omron.com.ru/dynamic/managers/manage_23/files/z127e1-1.pdf,-,V600-H122M-ND,V600-H12 2M,Omron Automation and Safety,V600 ANTENNA,0,0,"611.82000","0","1","-","-","Active","530kHz","-","-"
http://omron.com.ru/dynamic/managers/manage_23/files/z127e1-1.pdf,-,V600-H125M-ND,V600-H12 5M,Omron Automation and Safety,V600 ANTENNA,0,0,"617.76000","0","1","-","-","Active","530kHz","-","-"
http://omron.com.ru/dynamic/managers/manage_23/files/z127e1-1.pdf,-,V600-H1210M-ND,V600-H12 10M,Omron Automation and Safety,V600 ANTENNA W/ 10M CABLE,0,0,"641.52000","0","1","-","-","Active","530kHz","-","-"
-,-,20932010203-ND,20932010203,HARTING,RF-ANT-WR80-30-EU,0,0,"654.32000","0","1","Bulk","-","Active","865MHz ~ 870MHz","Compact Size","-"
-,-,20932010204-ND,20932010204,HARTING,RF-ANT-WR80-30-US,0,0,"654.32000","0","1","Bulk","-","Active","902MHz ~ 928MHz","Compact Size","-"
http://www.ia.omron.com/data_pdf/cat/v680_series_q267-e1_1_19_csm1003322.pdf?id=1863,-,V680-HS52-R12.5M-ND,V680-HS52-R 12.5M,Omron Automation and Safety,ROBOTIC HF M22 DIA. ANTENNA,0,0,"750.36000","0","1","-","-","Active","134.2kHz","-","-"
http://www.ia.omron.com/data_pdf/cat/v680_series_q267-e1_1_19_csm1003322.pdf?id=1863,-,V680-HS63-R12.5M-ND,V680-HS63-R 12.5M,Omron Automation and Safety,ROBOTIC HF BLOCK ANTENNA,0,0,"750.36000","0","1","-","-","Active","134.2kHz","-","-"
http://www.ia.omron.com/data_pdf/cat/v680_series_q267-e1_1_19_csm1003322.pdf?id=1863,-,V680-HS65-R12.5M-ND,V680-HS65-R 12.5M,Omron Automation and Safety,V680 HEAD 100MM SQ FLEX 12.5M,0,0,"875.42000","0","1","-","-","Active","134.2kHz","-","-"
//media.digikey.com/pdf/Data%20Sheets/Omron%20PDFs/V600_Series.pdf,-,V600-H52-W3M-ND,V600-H52-W 3M,Omron Automation and Safety,WEP CYLINDICAL ANTENNA,0,0,"904.28000","0","1","-","-","Active","530kHz","-","-"
-,-,V700-A4650M-ND,V700-A46 50M,Omron Automation and Safety,CABLE 50M,0,0,"909.09000","0","1","-","*","Active","-","-","-"
//media.digikey.com/pdf/Data%20Sheets/Omron%20PDFs/V600-HAM42-DRT.pdf,-,V600-HS672M-ND,V600-HS67 2M,Omron Automation and Safety,RFID ANTENNA WITH 2M CABLE,0,17,"909.09000","0","1","-","-","Active","530kHz","-","-"
-,-,Z2639-ND,V740-HS01CA,Omron Automation and Safety,RFID ANTENNA MONOSTATIC 915MH,0,0,"909.48000","0","1","Bulk","V740","Active","915MHz","Monostatic, 6dBi Gain Max","-"
-,-,V740-A0120M-ND,V740-A01 20M,Omron Automation and Safety,ANTENNA CABLE 20 METER,0,0,"966.68000","0","1","-","*","Active","-","-","-"
http://www.feig.de/fileadmin/user_upload/Downloads/Datenblaetter/Data_sheet_Identification_Antennas_ID_ISC_ANT800_600.pdf,//media.digikey.com/photos/Feig%20Elect%20Photos/MFG_1451.008.00.00.jpg,629-1008-ND,1451.008.00,FEIG Electronic,ID ISC.ANT800/600-DA ANT W/DAT,0,0,"1459.34000","0","1","Bulk","ANT800/600","Active","13.56MHz","LR Loop","-"
//media.digikey.com/pdf/Data%20Sheets/Omron%20PDFs/V720%20Series.pdf,-,Z2644-ND,V720-HS04,Omron Automation and Safety,RFID ANTENNA HF 13.56MHZ,0,0,"2307.20000","0","1","Bulk","V720","Active","13.56MHz","Panel with IP50 Housing","407.00mm L x 334.00mm W x 35.00mm H"
http://www.ia.omron.com/data_pdf/cat/v680_series_q267-e1_1_19_csm1003322.pdf?id=1863,-,V680-H01-V2-ND,V680-H01-V2,Omron Automation and Safety,READ/WRITE ANTENNA W/BUILT IN,0,0,"2813.18000","0","1","Bulk","V850","Active","13.56MHz","-","-"
-,-,V700-PDALONGWAND-ND,V700-PDA LONG WAND,Omron Automation and Safety,WAND FOR PDA 6FT,0,0,"5706.88000","0","1","-","*","Active","-","-","-"
-,//media.digikey.com/Photos/Seeed%20Technology%20Ltd/MFG_113990051.jpg,113990051-ND,113990051,"Seeed Technology Co., Ltd",NFC ANTENNA,0,0,"2.95800","0","15","-","-","Active","13.56MHz","Near Field Communications (NFC)","50.00mm L x 45.00mm W x 1.50mm H"
//media.digikey.com/pdf/Data%20Sheets/Texas%20Instruments%20PDFs/RI-ANT-S01_2C_Rev2008.pdf,//media.digikey.com/photos/Texas%20Instr%20Photos/RI-ANT-S01C-00.jpg,481-1040-ND,RI-ANT-S01C-00,Texas Instruments,RFID STICK ANT W/1M CABLE 134.2K,0,0,"Obsolete","0","1","Bulk","Stick Antenna","Obsolete","134.2kHz","0.1m Cable","-"
//media.digikey.com/pdf/Data%20Sheets/Texas%20Instruments%20PDFs/RI-ANT-x_Rev2009.pdf,//media.digikey.com/photos/Texas%20Instr%20Photos/RI-ANT-S02C-00.jpg,481-1041-ND,RI-ANT-S02C-00,Texas Instruments,RFID STICK ANT W/3M CABLE 134.2K,0,0,"Obsolete","0","1","Bulk","Stick Antenna","Obsolete","134.2kHz","0.1m Cable","-"
//media.digikey.com/pdf/Data%20Sheets/Texas%20Instruments%20PDFs/RI-ANT-x_Rev2009.pdf,//media.digikey.com/photos/Texas%20Instr%20Photos/RI-ANT-P02A-00.jpg,481-1042-ND,RI-ANT-P02A-00,Texas Instruments,RFID STICK ANT MINI RFM 134.2K,0,0,"Obsolete","0","1","Bulk","Stick Antenna","Obsolete","134.2kHz","0.1m Cable","-"
http://www.ti.com/general/docs/suppproductinfo.tsp?distId=10&gotoUrl=http%3A%2F%2Fwww.ti.com%2Flit%2Fgpn%2Fri-ant-g01e,//media.digikey.com/photos/Texas%20Instr%20Photos/RI-ANT-G02E.jpg,296-43766-ND,RI-ANT-G02E-30,Texas Instruments,RFID GATE ANTENNA SMALL 134.2KHZ,0,0,"Obsolete","0","2","Bulk","Gate Antenna","Obsolete","134.2kHz","-","200.00mm L x 200.00mm W x 25.00mm H"
http://www.ti.com/general/docs/suppproductinfo.tsp?distId=10&gotoUrl=http%3A%2F%2Fwww.ti.com%2Flit%2Fgpn%2Fri-ant-g01e,//media.digikey.com/photos/Texas%20Instr%20Photos/RI-ANT-G01E.jpg,296-43767-ND,RI-ANT-G01E-30,Texas Instruments,RFID GATE ANT MEDIUM 134.2KHZ,0,0,"Obsolete","0","2","Bulk","Gate Antenna","Obsolete","134.2kHz","-","715.00mm L x 270.00mm W x 25.00mm H"
//media.digikey.com/pdf/Data%20Sheets/Texas%20Instruments%20PDFs/RI-ANT-x_Rev2009.pdf,-,481-1045-ND,RI-ANT-G04E,Texas Instruments,RFID GATE ANTENNA LARGE 134.2KHZ,0,0,"Obsolete","0","1","Bulk","Gate Antenna","Obsolete","134.2kHz","-","1018.00mm L x 518.00mm W x 47.00mm H"
//media.digikey.com/pdf/Data%20Sheets/Texas%20Instruments%20PDFs/RI-ANT-T01AdataSheet.pdf,//media.digikey.com/photos/Texas%20Instr%20Photos/RI-ANT-T01A-00.jpg,481-1051-ND,RI-ANT-T01A-00,Texas Instruments,RFID 6000 300MM GATE ANT 13.56M,0,0,"Obsolete","0","1","Bulk","Gate Antenna","Obsolete","13.56MHz","-","337.00mm L x 322.00mm W x 38.00mm H"
-,"//media.digikey.com/photos/Texas%20Instr%20Photos/MFG_RR-IDISC-ANT14-7A,7B,7C.jpg",RR-IDISC-ANT14-7A-ND,RR-IDISC-ANT14-7A,Texas Instruments,RFID ANT 1400X700MM 13.56MHZ,0,0,"Obsolete","0","1","Bulk","ANT1400/700","Obsolete","13.56MHz","LR, Gate","-"
-,"//media.digikey.com/photos/Texas%20Instr%20Photos/MFG_RR-IDISC-ANT14-7A,7B,7C.jpg",RR-IDISC-ANT14-7B-ND,RR-IDISC-ANT14-7B,Texas Instruments,RFID ANT TYPEB 1400X700 13.56MHZ,0,0,"Obsolete","0","1","Bulk","ANT1400/700","Obsolete","13.56MHz","LR, Gate","-"
-,"//media.digikey.com/photos/Texas%20Instr%20Photos/MFG_RR-IDISC-ANT14-7A,7B,7C.jpg",RR-IDISC-ANT14-7C-ND,RR-IDISC-ANT14-7C,Texas Instruments,RFID ANT TYPEC 1400X700 13.56MHZ,0,0,"Obsolete","0","1","Bulk","ANT1400/700","Obsolete","13.56MHz","LR, Gate","-"
-,//media.digikey.com/photos/Texas%20Instr%20Photos/RR-IDISC-ANT1-1-A.jpg,RR-IDISC-ANT1-1-A-ND,RR-IDISC-ANT1-1-A,Texas Instruments,RFID ANT 100X100MM FOR IDISC-M02,0,0,"Obsolete","0","5","Bulk","ANT100/100","Obsolete","13.56MHz","PR, Pad","-"
-,//media.digikey.com/photos/Texas%20Instr%20Photos/RR-IDISC-ANT4-3-A.jpg,RR-IDISC-ANT4-3-A-ND,RR-IDISC-ANT4-3-A,Texas Instruments,RFID ANT 40X30MM FOR IDISC-M02,0,0,"Obsolete","0","5","Bulk","ANT40/30","Obsolete","13.56MHz","PR, Pad","-"
-,//media.digikey.com/photos/Texas%20Instr%20Photos/RR-IDISC-ANT34-24.jpg,481-1056-ND,RR-IDISC-ANT34-24,Texas Instruments,RFID ANT PAD 320X240MM 13.56MHZ,0,0,"Obsolete","0","1","Bulk","ANT340/240","Obsolete","13.56MHz","MR, Pad","-"
-,"//media.digikey.com/photos/Texas%20Instr%20Photos/MFG_RR-IDISC-ANT8-6-A,-B.jpg",481-1057-ND,RR-IDISC-ANT8-6-A,Texas Instruments,RFID ANT 600X800MM 13.56MHZ,0,0,"Obsolete","0","1","Bulk","ANT800/600","Obsolete","13.56MHz","LR Loop","-"
-,//media.digikey.com/photos/Feig%20Elect%20Photos/1451.000.00.01.JPG,629-1007-ND,1451.000.00,FEIG Electronic,ID ISC.ANT300/300 ANTENNA,0,0,"Obsolete","0","1","Bulk","ANT300/300","Obsolete","13.56MHz","LR or MR, Loop","-"
"//media.digikey.com/pdf/Data%20Sheets/FEIG%20Electronic%20PDFs/ID%20ISC.ANT.U250%20250-EU,%20FCC.pdf",//media.digikey.com/photos/Feig%20Elect%20Photos/1451.009.02.00.JPG,629-1009-ND,1451.009.02,FEIG Electronic,ID ISC.ANT.U250/250-FCC CIRC UHF,0,0,"Obsolete","0","1","Bulk","ANT.U250/250","Obsolete","865MHz ~ 960MHz","UHF LR, Circular Polarized","-"
-,-,2149.000.01-ND,2149.000.01,FEIG Electronic,ID ISC.ANT1400/760-B GATEANTENNA,0,0,"Obsolete","0","1","Bulk","ANT1400/700","Obsolete","-","-","-"
//media.digikey.com/pdf/Data%20Sheets/Texas%20Instruments%20PDFs/RI-ANT-x_Rev2009.pdf,//media.digikey.com/photos/Texas%20Instr%20Photos/MFG_RI-ANT-G04E.jpg,481-1118-ND,RI-ANT-G04E-30,Texas Instruments,RFID GATE ANTENNA LARGE 134.2KHZ,0,0,"Obsolete","0","1","Bulk","Gate Antenna","Obsolete","134.2kHz","-","1018.00mm L x 518.00mm W x 47.00mm H"
//media.digikey.com/pdf/Data%20Sheets/Texas%20Instruments%20PDFs/RI-ANT-x_Rev2009.pdf,//media.digikey.com/photos/Texas%20Instr%20Photos/MFG_RI-ANT-P02A.jpg,481-1119-ND,RI-ANT-P02A-30,Texas Instruments,RFID STICK ANT MINI RFM 134.2K,0,0,"Obsolete","0","3","Bulk","Stick Antenna","Obsolete","134.2kHz","0.1m Cable","-"
http://www.ti.com/general/docs/suppproductinfo.tsp?distId=10&gotoUrl=http%3A%2F%2Fwww.ti.com%2Flit%2Fgpn%2Fri-ant-g01e,//media.digikey.com/photos/Texas%20Instr%20Photos/MFG_RI-ANT-S01C-30.jpg,481-1120-ND,RI-ANT-S01C-30,Texas Instruments,RFID STICK ANT W/1M CABLE 134.2K,0,0,"Obsolete","0","2","Bulk","Stick Antenna","Obsolete","134.2kHz","0.1m Cable","-"
"//media.digikey.com/pdf/Data%20Sheets/Texas%20Instruments%20PDFs/RI-ANT-S01C,S02C.pdf",//media.digikey.com/photos/Texas%20Instr%20Photos/RI-ANT-S02C-30.JPG,296-41175-ND,RI-ANT-S02C-30,Texas Instruments,RFID STICK ANT W/3M CABLE 134.2K,0,0,"Obsolete","0","2","Bulk","Stick Antenna","Obsolete","134.2kHz","0.1m Cable","-"
-,-,RR-IDISC-ANT14-76A-ND,RR-IDISC-ANT14-76A,Texas Instruments,RR-IDISC-ANT14-76A,0,0,"Obsolete","0","1","Bulk","-","Obsolete","13.56MHz","LR, Gate","-"
-,-,RR-IDISC-ANT14-76B-ND,RR-IDISC-ANT14-76B,Texas Instruments,RR-IDISC-ANT14-76B,0,0,"Obsolete","0","1","Bulk","-","Obsolete","13.56MHz","LR, Gate","-"
-,-,RR-IDISC-ANT8-6-DA-ND,RR-IDISC-ANT8-6-DA,Texas Instruments,RR-IDISC-ANT8-6-DA,0,0,"Obsolete","0","1","Bulk","-","Obsolete","13.56MHz","LR Loop","-"
-,-,RR-IDISC-ANT-PS-B-ND,RR-IDISC-ANT-PS-B,Texas Instruments,RR-IDISC-ANT-PS-B,0,0,"Obsolete","0","1","Bulk","-","Obsolete","13.56MHz","SMA Style","-"
//media.digikey.com/pdf/Data%20Sheets/Omron%20PDFs/WE70.pdf,-,WE70-AT001H-ND,WE70-AT001H,Omron Automation and Safety,REMOTE ANTENNA KIT,0,0,"Obsolete","0","1","Bulk","-","Obsolete","2.4GHz, 5GHz","-","-"
https://abracon.com/NFC-antenna/ANFCA-4030-A01.pdf,//media.digikey.com/photos/Abracon%20Corporation%20Photos/ANFCA-4030-A01.JPG,535-12514-ND,ANFCA-4030-A01,Abracon LLC,NFC STAMP FLEX ANTENNA 40X30MM,0,0,"Obsolete","0","1","Bulk","-","Obsolete","13.56MHz","-","-"
https://abracon.com/NFC-antenna/ANFCA-5040-A02.pdf,//media.digikey.com/photos/Abracon%20Corporation%20Photos/MFG_ANFCA-5040-A02.jpg,ANFCA-5040-A02-ND,ANFCA-5040-A02,Abracon LLC,NFC STAMP FLEX ANTENNA 50X40MM,0,0,"Obsolete","0","5000","-","-","Obsolete","13.56MHz","Near Field Communications (NFC)","-"
https://abracon.com/NFC-antenna/ANFCA-5035-A01.pdf,//media.digikey.com/photos/Abracon%20Corporation%20Photos/MFG_ANFCA-5035-A01.jpg,ANFCA-5035-A01-ND,ANFCA-5035-A01,Abracon LLC,NFC STAMP FLEX ANTENNA 50X35MM,0,0,"Obsolete","0","5000","-","-","Obsolete","13.56MHz","Near Field Communications (NFC)","-"
https://abracon.com/NFC-antenna/ANFCA-4535-A01.pdf,//media.digikey.com/photos/Abracon%20Corporation%20Photos/MFG_ANFCA-4535-A01.jpg,ANFCA-4535-A01-ND,ANFCA-4535-A01,Abracon LLC,NFC STAMP FLEX ANTENNA 45X35MM,0,0,"Obsolete","0","5000","-","-","Obsolete","13.56MHz","Near Field Communications (NFC)","-"
https://abracon.com/NFC-antenna/ANFCA-4040-A02.pdf,//media.digikey.com/photos/Abracon%20Corporation%20Photos/MFG_ANFCA-4040-A02.jpg,ANFCA-4040-A02-ND,ANFCA-4040-A02,Abracon LLC,NFC STAMP FLEX ANTENNA 40X40MM,0,0,"Obsolete","0","5000","-","-","Obsolete","13.56MHz","Near Field Communications (NFC)","-"
https://abracon.com/NFC-antenna/ANFCA-4030-A02.pdf,//media.digikey.com/photos/Abracon%20Corporation%20Photos/MFG_ANFCA-4030-A02.jpg,ANFCA-4030-A02-ND,ANFCA-4030-A02,Abracon LLC,NFC STAMP FLEX ANTENNA 40X30MM,0,0,"Obsolete","0","5000","-","-","Obsolete","13.56MHz","Near Field Communications (NFC)","-"
https://abracon.com/NFC-antenna/ANFCA-2525-A02.pdf,//media.digikey.com/photos/Abracon%20Corporation%20Photos/MFG_ANFCA-2525-A02.jpg,ANFCA-2525-A02-ND,ANFCA-2525-A02,Abracon LLC,NFC STAMP FLEX ANTENNA 25X25MM,0,0,"Obsolete","0","5000","-","-","Obsolete","13.56MHz","Near Field Communications (NFC)","-"
https://abracon.com/NFC-antenna/ANFCA-5035-A01-IPEX.pdf,//media.digikey.com/Photos/Abracon%20Corporation%20Photos/MFG_ANFCA-5035-A01-IPEX.jpg,535-13403-ND,ANFCA-5035-A01-IPEX,Abracon LLC,NFC ANTENNA 13.56MHZ W IPEX CON,0,0,"Obsolete","0","100","-","-","Obsolete","13.56MHz","-","-"
-,-,SP-AN-01-ND,SP-AN-01,Skyetek Inc,M1/MINI ANTENNA,0,0,"Discontinued at Digi-Key","0","1","-","-","Discontinued at Digi-Key","13.56MHz","-","-"
//media.digikey.com/pdf/Data%20Sheets/Skyetek%20PDFs/SP-AN-04.pdf,-,SP-AN-04-ND,SP-AN-04,Skyetek Inc,M2/M4 HF ANTENNA,0,0,"Discontinued at Digi-Key","0","2","-","-","Discontinued at Digi-Key","13.56MHz","-","-"
-,-,753-1032-ND,SP-AN-BB,Skyetek Inc,UHF BROADBAND ANTENNA,0,0,"Discontinued at Digi-Key","0","1","-","-","Discontinued at Digi-Key","860MHz ~ 960MHz","-","-"
