Datasheets,Image,Digi-Key Part Number,Manufacturer Part Number,Manufacturer,Description,Quantity Available,Factory Stock,Unit Price (USD),@ qty,Minimum Quantity,"Packaging","Series","Part Status","Type","Frequency","Interface","Standards","Package / Case","Supplier Device Package"
http://www.dlpdesign.com/rf/dlp-rfid2-ds-v114.pdf,//media.digikey.com/Photos/DLP%20Design%20Inc/DLP-RFID2.jpg,813-1043-ND,DLP-RFID2,DLP Design Inc.,RFID READER R/W 13.56MHZ MOD,1242,0,"34.95000","0","1","Bulk","-","Active","Read/Write","13.56MHz","TTL","ISO 14443,  ISO 15693, ISO 18000-3, NFC","Module","-"
http://www.ti.com/lit/pdf/scbu049,//media.digikey.com/Photos/Texas%20Instr%20Photos/RI-STU-MRD2.jpg,296-35897-ND,RI-STU-MRD2,Texas Instruments,RFID READER R/W 134.2KHZ MODULE,665,10000,"92.40000","0","1","Bulk","-","Active","Read/Write","134.2kHz","TTL, USB","-","Module","Module"
http://www.dlpdesign.com/rf/dlp-rfid1-ds-v15.pdf,//media.digikey.com/photos/DLP%20Design%20Inc/DLP-RFID1-OG.JPG,813-1013-ND,DLP-RFID1-OG,DLP Design Inc.,RFID READER R/W 13.56MHZ MODULE,47,0,"94.50000","0","1","Bulk","-","Active","Read/Write","13.56MHz","USB","ISO 15693, ISO 18000-3","Module","Module"
http://www.dlpdesign.com/rf/dlp-rfid1-ds-v15.pdf,//media.digikey.com/Photos/DLP%20Design%20Inc/MFG_DLP-RFID1.jpg,813-1012-ND,DLP-RFID1,DLP Design Inc.,RFID READER R/W 13.56MHZ MODULE,49,0,"119.95000","0","1","Bulk","-","Active","Read/Write","13.56MHz","USB","ISO 15693, ISO 18000-3","Module","Module"
//media.digikey.com/pdf/Data%20Sheets/ThingMagic%20PDF's/Micro-LTE.pdf,//media.digikey.com/Photos/ThingMagic/MFG_M6E-MICRO.jpg,1523-1004-ND,M6E-MICRO,"ThingMagic, a JADAK brand",RFID READER R/W 865-928MHZ MOD,877,0,"234.00000","0","1","Bulk","Mercury®6e","Active","Read/Write","865MHz ~ 928MHz","UART, USB","EPC, ISO 18000-6","Module","-"
//media.digikey.com/pdf/Data%20Sheets/ThingMagic%20PDF's/Micro.pdf,//media.digikey.com/Photos/ThingMagic/MFG_M6E-M.jpg,1523-1003-ND,M6E-M,"ThingMagic, a JADAK brand",RFID READER R/W 865-928MHZ MOD,174,0,"291.00000","0","1","Bulk","-","Active","Read/Write","865MHz ~ 928MHz","UART, USB","EPC, ISO 18000-6","Module","-"
http://www.feig.de/fileadmin/user_upload/Downloads/Datenblaetter/Data_sheet_Identification_Handheld_Readers_ID_ISC_PRH101_102.pdf,//media.digikey.com/photos/Feig%20Elect%20Photos/1524.001.01.00.JPG,629-1011-ND,1524.001.01,FEIG Electronic,RFID READER READ ONLY 13.56MHZ,34,0,"398.21000","0","1","Bulk","OBID® i-scan® Proximity PRH101","Active","Read Only","13.56MHz","USB","ISO 15693, ISO 18000-3","Hand-held 231x80x100 mm, USB","-"
//media.digikey.com/pdf/Data%20Sheets/ThingMagic%20PDF's/UHF%20RFID%20Module%20Family.pdf,//media.digikey.com/Photos/ThingMagic/MFG_M6E.jpg,1523-1002-ND,M6E,"ThingMagic, a JADAK brand",RFID READER R/W 865-928MHZ MOD,57,0,"406.00000","0","1","Bulk","Mercury®6e","Active","Read/Write","865MHz ~ 928MHz","UART, USB","EPC, ISO 18000-6","Module","-"
http://www.thingmagic.com/images/pdfs/USB-ProReader-datasheet.pdf,//media.digikey.com/Photos/ThingMagic/MFG_USB-6EP-DEVKIT.jpg,1523-1013-ND,USB-6EP,"ThingMagic, a JADAK brand",RFID READER R/W 865-928MHZ,95,0,"495.00000","0","1","Bulk","-","Active","Read/Write","865MHz ~ 928MHz","USB","EPC, ISO 18000-6","Finished Unit","-"
http://www.dlpdesign.com/rf/dlp-lp8c-ds-v17.pdf,//media.digikey.com/photos/DLP%20Design%20Inc/DLP-RFID-LP8C.JPG,813-1020-ND,DLP-RFID-LP8C,DLP Design Inc.,RFID READER R/W 13.56MHZ MODULE,26,0,"199.95000","0","1","Bulk","-","Active","Read/Write","13.56MHz","USB","ISO 14443, ISO 15693, ISO 18000-3","Module","Module"
https://abracon.com/RFID-Readers/ARRUN5-915.000MHz.pdf,//media.digikey.com/Photos/Abracon%20Corporation%20Photos/ARRUN5[1].jpg,535-12941-ND,ARRUN5-915.000MHZ,Abracon LLC,RFID READER 915MHZ MODULE,146,0,"54.16000","0","1","Bulk","-","Active","-","915MHz","-","-","Module","-"
https://www.jadaktech.com/wp-content/uploads/2019/03/EL6e-2nd-release-data-sheet-031819.pdf,//media.digikey.com/Photos/ThingMagic/MFG_PLT-RFID-EL6E-UHF.jpg,1523-1511-ND,PLT-RFID-EL6E-UHF-0-232,"ThingMagic, a JADAK brand",EL6E RFID MODULE RS232 27DBM,30,0,"349.00000","0","1","-","-","Active","Read/Write","-","RS 232","EPC, ISO 18000-6","Module","-"
"//media.digikey.com/pdf/Data%20Sheets/ThingMagic%20PDF's/Elara_Mar21,2019_DS.pdf",//media.digikey.com/Photos/ThingMagic/MFG_PLT-RFID-EL6-UXX.jpg,1523-1516-ND,PLT-RFID-EL6-UHB-4-USB,"ThingMagic, a JADAK brand",ELARA PLUG PLAY READER NA 915MHZ,37,0,"475.00000","0","1","-","-","Active","Read/Write","915MHz ~ 928MHz","USB","EPC, ISO 18000-6","Module","-"
//media.digikey.com/pdf/Data%20Sheets/ThingMagic%20PDF's/NANO.PDF,//media.digikey.com/Photos/ThingMagic/MFG_M6E-NANO.jpg,1523-1009-2-ND,M6E-NANO,"ThingMagic, a JADAK brand",RFID READER R/W 859-930MHZ MOD,0,0,"104.40000","0","200","Tape & Reel (TR)","Mercury®6e","Active","Read/Write","859MHz ~ 930MHz","UART","EPC, ISO 18000-6","Module","-"
//media.digikey.com/pdf/Data%20Sheets/ThingMagic%20PDF's/NANO.PDF,//media.digikey.com/Photos/ThingMagic/MFG_M6E-NANO.jpg,1523-1009-1-ND,M6E-NANO,"ThingMagic, a JADAK brand",RFID READER R/W 859-930MHZ MOD,84,0,"128.00000","0","1","Cut Tape (CT)","Mercury®6e","Active","Read/Write","859MHz ~ 930MHz","UART","EPC, ISO 18000-6","Module","-"
//media.digikey.com/pdf/Data%20Sheets/ThingMagic%20PDF's/NANO.PDF,//media.digikey.com/Photos/ThingMagic/MFG_M6E-NANO.jpg,1523-1009-6-ND,M6E-NANO,"ThingMagic, a JADAK brand",RFID READER R/W 859-930MHZ MOD,84,0,"Digi-Reel","0","1","Digi-Reel®","Mercury®6e","Active","Read/Write","859MHz ~ 930MHz","UART","EPC, ISO 18000-6","Module","-"
-,//media.digikey.com/photos/Feig%20Elect%20Photos/1260.022.00.JPG,629-1004-ND,1260.022.00,FEIG Electronic,RFID READER READ ONLY 13.56MHZ,26,0,"2221.40000","0","1","Bulk","OBID® i-scan® HF LRM2000","Obsolete","Read Only","13.56MHz","RS 232, RS 485","EPC, ISO 15693, ISO 18000-3","Module","-"
http://www.dlpdesign.com/rf/dlp-rfid2-ds-v114.pdf,//media.digikey.com/Photos/DLP%20Design%20Inc/DLP-RFID2D.JPG,813-1044-ND,DLP-RFID2D,DLP Design Inc.,RFID READER R/W 13.56MHZ MOD,62,0,"69.95000","0","1","Bulk","-","Active","Read/Write","13.56MHz","TTL","ISO 14443,  ISO 15693, ISO 18000-3, NFC","Module","-"
http://www.feig.de/fileadmin/user_upload/Downloads/Datenblaetter/Data_sheet_Identification_Desktop_Reader_ID_ISC_MR102.pdf,//media.digikey.com/Photos/Feig%20Elect%20Photos/ID%20ISC.MR102-A%20HF.JPG,629-1061-ND,3605.000.00,FEIG Electronic,RFID READER RD ONLY 13.56MHZ MOD,2,0,"295.70000","0","1","Bulk","-","Active","Read Only","13.56MHz","Ethernet, RS 232, RS 485, USB","ISO 15693, ISO 18000-3","Module","Module"
https://www.parallax.com/sites/default/files/downloads/28140-28340-RFID-Reader-Documentation-v2.3.pdf,//media.digikey.com/Photos/Parallax%20Photos/28340.jpg,28340-ND,28340,Parallax Inc.,RFID READER READ ONLY 125KHZ MOD,35,0,"49.99000","0","1","Bulk","-","Active","Read Only","125kHz","USB","-","Module","-"
https://www.parallax.com/sites/default/files/downloads/28440-RFID-Read-Write-Documentation-v1.0.pdf,//media.digikey.com/Photos/Parallax%20Photos/28440.JPG,28440PAR-ND,28440,Parallax Inc.,RFID READER R/W 125KHZ MODULE,23,0,"49.99000","0","1","Bulk","-","Active","Read/Write","125kHz","TTL","-","Module","Module"
https://www.parallax.com/sites/default/files/downloads/28140-28340-RFID-Reader-Documentation-v2.3.pdf,//media.digikey.com/Photos/Parallax%20Photos/28140.jpg,28140-ND,28140,Parallax Inc.,RFID READER READ ONLY 125KHZ MOD,11,0,"49.99000","0","1","Bulk","-","Active","Read Only","125kHz","TTL","-","Module","Module"
https://abracon.com/RFID-Readers/ARRUN5-868.000MHz.pdf,//media.digikey.com/Photos/Abracon%20Corporation%20Photos/ARRUN5[1].jpg,535-12935-ND,ARRUN5-868.000MHZ,Abracon LLC,RFID READER 868MHZ MODULE,77,0,"54.16000","0","1","Bulk","-","Active","-","868MHz","-","-","Module","-"
https://download.mikroe.com/documents/add-on-boards/other/wireless-connectivity/rfid-reader/rfid-reader-board-manual-v100.pdf,//media.digikey.com/Photos/MikroElektronika/MFG_MIKROE-262.JPG,1471-1165-ND,MIKROE-262,MikroElektronika,RFID READER READ ONLY 125KHZ MOD,19,0,"24.48000","0","1","Bulk","-","Active","Read Only","125kHz","-","-","Module","-"
//media.digikey.com/pdf/Data%20Sheets/FEIG%20Electronic%20PDFs/ID%20ISC.MR102.pdf,//media.digikey.com/Photos/Feig%20Elect%20Photos/ID%20ISC.MR102-A%20HF.JPG,629-1059-ND,3601.000.00,FEIG Electronic,RFID READER RD ONLY 13.56MHZ MOD,4,0,"347.17000","0","1","Bulk","-","Active","Read Only","13.56MHz","RS 232","ISO 15693, ISO 18000-3","Module","Module"
https://abracon.com/RFID-Readers/ARRAN5-868.000MHz.pdf,//media.digikey.com/Photos/Abracon%20Corporation%20Photos/ARRAN5[1].jpg,535-12931-ND,ARRAN5-868.000MHZ,Abracon LLC,RFID READER 868MHZ MODULE,49,0,"18.40000","0","1","Tray","-","Active","-","868MHz","-","-","Module","-"
https://abracon.com/RFID-Readers/ARRRN5-868.000MHz.pdf,//media.digikey.com/Photos/Abracon%20Corporation%20Photos/ARRRN5[1].jpg,535-12932-ND,ARRRN5-868.000MHZ,Abracon LLC,RFID READER 868MHZ MODULE,39,0,"27.64000","0","1","Bulk","-","Active","-","868MHz","-","-","Module","-"
https://abracon.com/RFID-Readers/ARRTN5-915.000MHz.pdf,//media.digikey.com/Photos/Abracon%20Corporation%20Photos/ARRTN5[1].jpg,535-12940-ND,ARRTN5-915.000MHZ,Abracon LLC,RFID READER 915MHZ MODULE,87,0,"37.34000","0","1","Bulk","-","Active","-","915MHz","-","-","Module","-"
https://b2b.harting.com/files/2095000000X00_MICA_GB.PDF,//media.digikey.com/Photos/Harting/MFG_20911051101.jpg,1195-5690-ND,20911051101,HARTING,RFID READER 865-928MHZ,2,0,"1751.37000","0","1","Bulk","-","Active","-","865MHz ~ 928MHz","Ethernet, USB","-","Finished Unit","-"
http://www.dlpdesign.com/DLP-RFID2P-DS-v10.pdf,//media.digikey.com/photos/DLP%20Design%20Inc/DLP-RFID2P.jpg,813-1055-ND,DLP-RFID2P,DLP Design Inc.,RFID READER R/W 13.56MHZ MODULE,9,0,"169.95000","0","1","-","-","Active","Read/Write","13.56MHz","USB","ISO 14443, ISO 15693","Module","Module"
https://www.feig-electronics.com/fileadmin/user_upload/Downloads/Datenblaetter/Data_sheet_Identification_Modules_ID_CPR74.pdf,-,629-1065-ND,4606.000.00,FEIG Electronic,ID CPR74-CUSB READER MODULE,8,0,"206.40000","0","1","Box","-","Active","Read Only","13.56MHz","-","ISO 14443, ISO 15693, ISO 18000-3, NFC","Module","-"
https://www.feig-electronics.com/fileadmin/user_upload/Downloads/Datenblaetter/Data_sheet_Identification_Desktop_Reader_ID_CPR30.pdf,-,629-1072-ND,3600.000.01,FEIG Electronic,ID CPR30-USB 13.56MHZ DESKTOPRDR,6,0,"242.77000","0","1","-","-","Active","Read Only","13.56MHz","USB","ISO 14443, ISO 15693, NFC","Module","-"
//media.digikey.com/pdf/Data%20Sheets/Omron%20PDFs/V600-HAM42-DRT.pdf,//media.digikey.com/Photos/Omron%20Auto/V600-HS61-2M.jpg,Z12670-ND,V600-HS61 2M,Omron Automation and Safety,RFID READER R/W 530KHZ W/2M CAB,3,14,"305.81000","0","1","Bulk","-","Active","Read/Write","530kHz","-","-","Module, Connector","-"
//media.digikey.com/pdf/Data%20Sheets/Omron%20PDFs/V600-HAM42-DRT.pdf,//media.digikey.com/Photos/Omron%20Auto/V600-HS51-2M.jpg,Z12669-ND,V600-HS51 2M,Omron Automation and Safety,RFID READER R/W 530KHZ W/2M CAB,17,70,"343.36000","0","1","Bulk","-","Active","Read/Write","530kHz","-","-","Module, Connector","-"
https://www.feig-electronics.com/fileadmin/user_upload/Downloads/Datenblaetter/Data_sheet_Identification_Modules_ID_ISC_MU02.pdf,-,629-1062-ND,3478.000.00,FEIG Electronic,ID ISC.MU02.02-CU UHF READRMOD,10,0,"357.12000","0","1","-","-","Active","Read Only","860MHz ~ 928MHz","RS 232, TTL, USB","ISO 18000-6","Module","-"
https://www.feig-electronics.com/fileadmin/user_upload/Downloads/Datenblaetter/Data_sheet_Identification_Stationary_Readers_ID_CPR50.pdf,-,629-1066-ND,3361.000.00,FEIG Electronic,ID CPR50.10-E PROXIMITY READER,10,0,"456.78000","0","1","-","-","Active","Read Only","13.56MHz","Ethernet","ISO 14443, ISO 15693, NFC","Module","-"
"//media.digikey.com/pdf/Data%20Sheets/ThingMagic%20PDF's/Elara_Mar21,2019_DS.pdf",//media.digikey.com/Photos/ThingMagic/MFG_PLT-RFID-EL6-UXX.jpg,1523-1517-ND,PLT-RFID-EL6-ULB-4-USB,"ThingMagic, a JADAK brand",ELARA PLUG PLAY READER EU 868MHZ,19,0,"475.00000","0","1","-","-","Active","Read/Write","865MHz ~ 868MHz","USB","EPC, ISO 18000-6","Module","-"
https://www.feig-electronics.com/fileadmin/user_upload/Downloads/Datenblaetter/Data_sheet_Identification_Desktop_Reader_ID_ISC_PR101.pdf,//media.digikey.com/photos/Feig%20Elect%20Photos/1638.003.02.01.jpg,629-1018-ND,1638.003.02,FEIG Electronic,RFID READER READ ONLY 13.56MHZ,9,0,"500.69000","0","1","Bulk","OBID® i-scan® Proximity PR101","Active","Read Only","13.56MHz","USB","ISO 15693, ISO 18000-3","145mm x 85mm x 31mm, USB","-"
https://www.feig-electronics.com/fileadmin/user_upload/Downloads/Datenblaetter/Data_sheet_Identification_Stationary_Readers_ID_ISC_LR1002.pdf,-,629-1063-ND,3757.000.00,FEIG Electronic,ID ISC.LRM1002-E HF LR READER,9,0,"841.06000","0","1","-","-","Active","Read Only","13.56MHz","Ethernet, RS 232, USB","ISO 15693, ISO 18000-3","Module","-"
https://www.feig-electronics.com/fileadmin/user_upload/Downloads/Datenblaetter/Data_sheet_Identification_Stationary_Readers_ID_ISC_LRU1002.pdf,-,629-1064-ND,4128.001.00,FEIG Electronic,ID ISC.LRU1002-FCC UHF LR READ,10,0,"1427.96000","0","1","-","-","Active","Read Only","902MHz ~ 928MHz","Ethernet, RS 232, USB","EPC, ISO 18000-6, ISO 29167","Module","-"
https://abracon.com/RFID-Readers/ARRSN5-915.000MHz.pdf,//media.digikey.com/Photos/Abracon%20Corporation%20Photos/ARRSN5[1].jpg,535-12939-ND,ARRSN5-915.000MHZ,Abracon LLC,RFID READER 915MHZ MODULE,31,0,"31.45000","0","1","Bulk","-","Active","-","915MHz","-","-","Module","-"
https://abracon.com/RFID-Readers/ARRTN5-868.000MHz.pdf,//media.digikey.com/Photos/Abracon%20Corporation%20Photos/ARRTN5[1].jpg,535-12934-ND,ARRTN5-868.000MHZ,Abracon LLC,RFID READER 868MHZ MODULE,22,0,"37.34000","0","1","Tray","-","Active","-","868MHz","-","-","Module","-"
http://www.feig.de/fileadmin/user_upload/Downloads/Datenblaetter/Data_sheet_Identification_Handheld_Readers_ID_ISC_PRH101_102.pdf,//media.digikey.com/photos/Feig%20Elect%20Photos/1524.000.01.00.JPG,629-1010-ND,1524.000.01,FEIG Electronic,RFID READER READ ONLY 13.56MHZ,23,0,"381.78000","0","1","Bulk","OBID® i-scan® Proximity PRH101","Active","Read Only","13.56MHz","RS 232","ISO 15693, ISO 18000-3","Hand-held 231x80x100 mm, RS232","-"
-,//media.digikey.com/photos/Free2Move%20Photos/FS901-AB0A.jpg,647-1031-ND,FS901-AB0A,Free2Move,RFID RDR RD ONLY 862-955MHZ MOD,12,0,"846.30000","0","1","Bulk","Gemia","Discontinued at Digi-Key","Read Only","862MHz ~ 955MHz","-","ISO 18000-6","Module","Module"
-,//media.digikey.com/photos/Texas%20Instr%20Photos/RR-IDISC-MR200-A.jpg,481-1064-ND,RR-IDISC-MR200-A,Texas Instruments,RFID READER R/W 13.56MHZ RS232,5,0,"1416.05000","0","1","Bulk","OBID® i-scan® HF Mid Range MR 200","Obsolete","Read/Write","13.56MHz","-","ISO 15693","145mm x 85mm x 31mm, RS232","-"
-,//media.digikey.com/photos/Feig%20Elect%20Photos/1260.021.00.00.jpg,629-1003-ND,1260.021.00,FEIG Electronic,RFID READER READ ONLY 13.56MHZ,2,0,"2441.71000","0","1","Bulk","OBID® i-scan® HF LRM2000","Obsolete","Read Only","13.56MHz","RS 232, RS 485","EPC, ISO 15693, ISO 18000-3","Module","-"
-,//media.digikey.com/Photos/Parallax%20Photos/32395.jpg,32395PAR-ND,32395,Parallax Inc.,RFID READER READ ONLY 125KHZ MOD,1,0,"59.99000","0","1","Bulk","-","Active","Read Only","125kHz","-","-","Module","-"
https://www.jadaktech.com/wp-content/uploads/2019/03/EL6e-2nd-release-data-sheet-031819.pdf,//media.digikey.com/Photos/ThingMagic/MFG_PLT-RFID-EL6E-UHF.jpg,1523-1510-ND,PLT-RFID-EL6E-UHF-0-USB,"ThingMagic, a JADAK brand",EL6E RFID MODULE USB 27DBM,0,0,"329.00000","0","1","-","-","Active","Read/Write","-","USB","EPC, ISO 18000-6","Module","-"
https://abracon.com/RFID-Readers/ARRCN5-915.000MHz.pdf,//media.digikey.com/Photos/Abracon%20Corporation%20Photos/ARRCN5[1].jpg,535-12936-ND,ARRCN5-915.000MHZ,Abracon LLC,RFID READER 915MHZ MODULE,0,0,"10.80975","0","600","Tray","-","Active","-","915MHz","-","-","Module","-"
https://abracon.com/RFID-Readers/ARRAN5-915.000MHz.pdf,//media.digikey.com/Photos/Abracon%20Corporation%20Photos/ARRAN5[1].jpg,535-12937-ND,ARRAN5-915.000MHZ,Abracon LLC,RFID READER 915MHZ MODULE,0,0,"15.47340","0","50","Tray","-","Active","-","915MHz","-","-","Module","-"
//media.digikey.com/pdf/Data%20Sheets/Sparkfun%20PDFs/SEN%E2%80%9015191_Web.pdf,-,1568-SEN-15191-ND,SEN-15191,SparkFun Electronics,RFID QWIIC READER,0,0,"19.95000","0","1","-","-","Active","Read Only","125kHz","I²C","-","Module","Module"
https://abracon.com/RFID-Readers/ARRRN5-915.000MHz.pdf,//media.digikey.com/Photos/Abracon%20Corporation%20Photos/ARRRN5[1].jpg,535-12938-ND,ARRRN5-915.000MHZ,Abracon LLC,RFID READER 915MHZ MODULE,0,0,"23.49060","0","50","Bulk","-","Active","-","915MHz","-","-","Module","-"
https://abracon.com/RFID-Readers/ARRSN5-868.000MHz.pdf,//media.digikey.com/Photos/Abracon%20Corporation%20Photos/ARRSN5[1].jpg,535-12933-ND,ARRSN5-868.000MHZ,Abracon LLC,RFID READER 868MHZ MODULE,0,0,"24.84869","0","160","Tray","-","Active","-","868MHz","-","-","Module","-"
https://cdn.sparkfun.com/datasheets/Sensors/ID/ID-3LA.pdf,//media.digikey.com/Photos/Sparkfun%20Elec%20%20Photos/MFG_SEN-11862.jpg,SEN-11862-ND,SEN-11862,SparkFun Electronics,RFID READER ID-3LA (125 KHZ),0,0,"25.95000","0","1","-","-","Active","-","125kHz","RS 232, UART","-","-","-"
//media.digikey.com/pdf/Data%20Sheets/Sparkfun%20PDFs/SEN-09963_Web.pdf,//media.digikey.com/Photos/Sparkfun%20Elec%20%20Photos/MFG_SEN-09963.jpg,SEN-09963-ND,SEN-09963,SparkFun Electronics,SPARKFUN RFID USB READER,0,0,"26.50000","0","1","-","-","Active","Read Only","125kHz","USB","-","Module","-"
https://www.sparkfun.com/datasheets/Sensors/ID/SM130.pdf,//media.digikey.com/Photos/Sparkfun%20Elec%20%20Photos/MFG_SEN-10126.JPG,SEN-10126-ND,SEN-10126,SparkFun Electronics,RFID MODULE - SM130 MIFAREA (13.,0,0,"29.95000","0","1","Bulk","-","Active","Read/Write","13.56MHz","UART","ISO 14443","Module","Module"
"https://cdn.sparkfun.com/datasheets/Sensors/ID/ID-2LA,%20ID-12LA,%20ID-20LA2013-4-10.pdf",//media.digikey.com/Photos/Sparkfun%20Elec%20%20Photos/MFG_SEN-11827.jpg,SEN-11827-ND,SEN-11827,SparkFun Electronics,RFID READER ID-12LA (125 KHZ),0,0,"29.95000","0","1","-","-","Active","Read Only","125kHz","RS 232, UART","-","-","-"
"https://cdn.sparkfun.com/datasheets/Sensors/ID/ID-2LA,%20ID-12LA,%20ID-20LA2013-4-10.pdf",//media.digikey.com/Photos/Sparkfun%20Elec%20%20Photos/MFG_SEN-11828.jpg,SEN-11828-ND,SEN-11828,SparkFun Electronics,RFID READER ID-20LA (125 KHZ),0,0,"34.95000","0","1","-","-","Active","Read Only","125kHz","RS 232, UART","-","-","-"
https://www.rfsolutions.co.uk/downloads/1457023465RWD-QT-R2.PDF,//media.digikey.com/Photos/RF%20Solutions%20Photos/MFG_RWD-QT-2.jpg,RWD-QT-R2-ND,RWD-QT-R2,RF Solutions,RFID READER R/W 125KHZ 24-DIL,0,0,"40.36667","0","3","Bulk","-","Active","Read/Write","125kHz","TTL","-","24-DIP (0.300"", 7.62mm), 16 Leads","24-DIL"
http://www.ti.com/lit/pdf/scbu049,-,RI-SMD-MRD2-ND,RI-SMD-MRD2,Texas Instruments,RFID READER R/W 134KHZ MODULE,0,230,"120.35600","0","10","Bulk","-","Active","Read/Write","134kHz","TTL, USB","ISO 14223, ISO 18000-2","Module","-"
http://www.feig.de/fileadmin/user_upload/Downloads/Datenblaetter/Data_sheet_Identification_Modules_ID_CPR40_CPR_M02.pdf,-,2873.000.01-ND,2873.000.01,FEIG Electronic,RFID READER R/W 13.56MHZ,0,0,"143.36000","0","1","Bulk","OBID® Classic-pro HF CPR.M02.VP/AB-BA/-CA","Active","Read/Write","13.56MHz","RS 232, TTL","ISO 14443, ISO 15693, NFC","-","-"
-,-,V720S-HMC73T-ND,V720S-HMC73T,Omron Automation and Safety,RFID READER R/W 13.56MHZ,0,0,"153.12000","0","1","-","*","Active","Read/Write","13.56MHz","-","ISO 15693","-","-"
http://www.feig.de/fileadmin/user_upload/Downloads/Datenblaetter/Data_sheet_Identification_Modules_ID_CPR40_CPR_M02.pdf,//media.digikey.com/photos/Feig%20Elect%20Photos/1916.000.00.00.JPG,629-1034-ND,1916.000.01,FEIG Electronic,RFID READER R/W 13.56MHZ MOD,0,0,"165.33000","0","1","Bulk","OBID® Classic-pro HF CPR.M02.VP/AB-B/BA","Active","Read/Write","13.56MHz","RS 232, TTL","ISO 14443, ISO 15693, NFC","Module","-"
http://www.feig.de/fileadmin/user_upload/Downloads/Datenblaetter/Data_sheet_Identification_Modules_ID_ISC_M02.pdf,//media.digikey.com/photos/Feig%20Elect%20Photos/1834.000.00.00.jpg,629-1032-ND,1834.000.00,FEIG Electronic,RFID READER READ ONLY 13.56MHZ,0,0,"169.94000","0","1","Bulk","OBID® i-scan® Proximity Multitag M02","Active","Read Only","13.56MHz","RS 232, TTL","ISO 15693","Module","-"
//media.digikey.com/pdf/Data%20Sheets/Omron%20PDFs/V600-HAM42-DRT.pdf,-,V600-HS632M-ND,V600-HS63 2M,Omron Automation and Safety,RFID READER R/W 530KHZ W/2M CAB,0,13,"338.00000","0","1","-","-","Active","Read/Write","530kHz","-","-","-","-"
//media.digikey.com/pdf/Data%20Sheets/Omron%20PDFs/V600-HAM42-DRT.pdf,-,V600-HS633M-ND,V600-HS63 3M,Omron Automation and Safety,RFID READER R/W 530KHZ W/3M CAB,0,0,"389.61000","0","1","-","-","Active","Read/Write","530kHz","-","-","-","-"
//media.digikey.com/pdf/Data%20Sheets/Omron%20PDFs/V600-HAM42-DRT.pdf,-,V600-HS61-R2M-ND,V600-HS61-R 2M,Omron Automation and Safety,RFID READER R/W 530KHZ 2M CAB,0,0,"399.60000","0","1","-","-","Active","Read/Write","530kHz","-","-","-","-"
http://www.feig.de/fileadmin/user_upload/Downloads/Datenblaetter/Data_sheet_Identification_Desktop_Reader_ID_ISC_PR101.pdf,//media.digikey.com/photos/Feig%20Elect%20Photos/1638.002.01.00.jpg,629-1017-ND,1638.002.01,FEIG Electronic,RFID READER READ ONLY 13.56MHZ,0,0,"416.49000","0","1","Bulk","OBID® i-scan® Proximity PR101","Active","Read Only","13.56MHz","RS 232, RS 485","ISO 15693, ISO 18000-3","145mm x 85mm x 31mm, RS232","-"
//media.digikey.com/pdf/Data%20Sheets/Omron%20PDFs/V600_Series.pdf,-,V600-H110.5M-ND,V600-H11 0.5M,Omron Automation and Safety,RFID READER R/W 530KHZ W/.5M CAB,0,20,"519.48000","0","1","-","-","Active","Read/Write","530kHz","-","-","-","-"
//media.digikey.com/pdf/Data%20Sheets/Omron%20PDFs/V600_Series.pdf,-,V600-H112M-ND,V600-H11 2M,Omron Automation and Safety,RFID READER R/W 530KHZ W/2M CAB,0,34,"524.48000","0","1","-","-","Active","Read/Write","530kHz","-","-","-","-"
//media.digikey.com/pdf/Data%20Sheets/Omron%20PDFs/V600_Series.pdf,-,V600-H070.5M-ND,V600-H07 0.5M,Omron Automation and Safety,RFID READER R/W 530KHZ W/.5M CAB,0,14,"634.37000","0","1","-","-","Active","Read/Write","530kHz","-","-","-","-"
//media.digikey.com/pdf/Data%20Sheets/Omron%20PDFs/V600_Series.pdf,-,V600-H072M-ND,V600-H07 2M,Omron Automation and Safety,RFID READER R/W 530KHZ W/2M CAB,0,0,"659.34000","0","1","-","-","Active","Read/Write","530kHz","-","-","-","-"
//media.digikey.com/pdf/Data%20Sheets/Omron%20PDFs/V600-HAM42-DRT.pdf,-,V600-HS63-R2M-ND,V600-HS63-R 2M,Omron Automation and Safety,RFID READER R/W 530KHZ W/2M CAB,0,0,"671.22000","0","1","-","-","Active","Read/Write","530kHz","-","-","-","-"
//media.digikey.com/pdf/Data%20Sheets/Omron%20PDFs/V600_Series.pdf,-,V600-H520.5M-ND,V600-H52 0.5M,Omron Automation and Safety,RFID READER R/W 530KHZ W/.5M CAB,0,0,"678.21000","0","1","-","-","Active","Read/Write","530kHz","-","-","-","-"
//media.digikey.com/pdf/Data%20Sheets/Omron%20PDFs/V600_Series.pdf,-,V600-H11-50.5M-ND,V600-H11-5 0.5M,Omron Automation and Safety,RFID READER R/W 530KHZ .5M CAB,0,0,"678.21000","0","1","-","-","Active","Read/Write","530kHz","-","-","-","-"
//media.digikey.com/pdf/Data%20Sheets/Omron%20PDFs/V600_Series.pdf,-,V600-H075M-ND,V600-H07 5M,Omron Automation and Safety,RFID READER R/W 530KHZ W/5M CAB,0,0,"683.02000","0","1","-","-","Active","Read/Write","530kHz","-","-","-","-"
//media.digikey.com/pdf/Data%20Sheets/Omron%20PDFs/V600_Series.pdf,-,V600-H522M-ND,V600-H52 2M,Omron Automation and Safety,RFID READER R/W 530KHZ W/2M CAB,0,0,"683.02000","0","1","-","-","Active","Read/Write","530kHz","-","-","-","-"
//media.digikey.com/pdf/Data%20Sheets/Omron%20PDFs/V600_Series.pdf,-,V600-H11-52M-ND,V600-H11-5 2M,Omron Automation and Safety,RFID READER R/W 530KHZ W/2M CAB,0,0,"683.02000","0","1","-","-","Active","Read/Write","530kHz","-","-","-","-"
//media.digikey.com/pdf/Data%20Sheets/Omron%20PDFs/V600_Series.pdf,-,V600-H11-55M-ND,V600-H11-5 5M,Omron Automation and Safety,RFID READER R/W 530KHZ W/5M CAB,0,3,"716.69000","0","1","-","-","Active","Read/Write","530kHz","-","-","-","-"
//media.digikey.com/pdf/Data%20Sheets/Omron%20PDFs/V600_Series.pdf,-,V600-H115M-ND,V600-H11 5M,Omron Automation and Safety,RFID READER R/W 530KHZ W/5M CAB,0,9,"716.69000","0","1","-","-","Active","Read/Write","530kHz","-","-","-","-"
//media.digikey.com/pdf/Data%20Sheets/Omron%20PDFs/V600_Series.pdf,-,V600-H510.5M-ND,V600-H51 0.5M,Omron Automation and Safety,RFID READER R/W 530KHZ W/.5M CAB,0,0,"721.50000","0","1","-","-","Active","Read/Write","530kHz","-","-","-","-"
//media.digikey.com/pdf/Data%20Sheets/Omron%20PDFs/V600_Series.pdf,-,V600-H1110M-ND,V600-H11 10M,Omron Automation and Safety,RFID READER R/W 530KHZ W/10M CAB,0,12,"726.31000","0","1","-","-","Active","Read/Write","530kHz","-","-","-","-"
//media.digikey.com/pdf/Data%20Sheets/Omron%20PDFs/V600_Series.pdf,-,V600-H0710M-ND,V600-H07 10M,Omron Automation and Safety,RFID READER R/W 530KHZ W/10M CAB,0,0,"726.31000","0","1","-","-","Active","Read/Write","530kHz","-","-","-","-"
//media.digikey.com/pdf/Data%20Sheets/Omron%20PDFs/V600_Series.pdf,-,V600-H525M-ND,V600-H52 5M,Omron Automation and Safety,RFID READER R/W 530KHZ W/5M CAB,0,0,"735.93000","0","1","-","-","Active","Read/Write","530kHz","-","-","-","-"
//media.digikey.com/pdf/Data%20Sheets/Omron%20PDFs/V600_Series.pdf,-,V600-H512M-ND,V600-H51 2M,Omron Automation and Safety,RFID READER R/W 530KHZ W/2M CAB,0,0,"735.93000","0","1","-","-","Active","Read/Write","530kHz","-","-","-","-"
//media.digikey.com/pdf/Data%20Sheets/Omron%20PDFs/V600_Series.pdf,-,V600-H515M-ND,V600-H51 5M,Omron Automation and Safety,RFID READER R/W 530KHZ W/5M CAB,0,0,"745.55000","0","1","-","-","Active","Read/Write","530kHz","-","-","-","-"
//media.digikey.com/pdf/Data%20Sheets/Omron%20PDFs/V600_Series.pdf,-,V600-H5210M-ND,V600-H52 10M,Omron Automation and Safety,RFID READER R/W 530KHZ W/10M CAB,0,6,"745.55000","0","1","-","-","Active","Read/Write","530kHz","-","-","-","-"
//media.digikey.com/pdf/Data%20Sheets/Omron%20PDFs/V600_Series.pdf,-,V600-H11-510M-ND,V600-H11-5 10M,Omron Automation and Safety,RFID READER R/W 530KHZ 10M CAB,0,0,"745.55000","0","1","-","-","Active","Read/Write","530kHz","-","-","-","-"
//media.digikey.com/pdf/Data%20Sheets/Omron%20PDFs/V600_Series.pdf,-,V600-H5110M-ND,V600-H51 10M,Omron Automation and Safety,RFID READER R/W 530KHZ W/10M CAB,0,0,"779.22000","0","1","-","-","Active","Read/Write","530kHz","-","-","-","-"
//media.digikey.com/pdf/Data%20Sheets/Texas%20Instruments%20PDFs/RI-STU-251B.pdf,//media.digikey.com/photos/Texas%20Instr%20Photos/RI-STU-251B-01.jpg,296-38844-ND,RI-STU-251B-30,Texas Instruments,RFID READER R/W 134.2KHZ,1,0,"880.00000","0","1","Bulk","2000","Obsolete","Read/Write","134.2kHz","RS 232, RS 422, RS 485","ISO 11785","200mm x 120mm x 120mm, RS232, RS422/485","-"
//media.digikey.com/pdf/Data%20Sheets/Omron%20PDFs/V600_Series.pdf,-,V600-H11-R0.5M-ND,V600-H11-R 0.5M,Omron Automation and Safety,RFID READER R/W 530KHZ W/.5M CAB,0,0,"918.71000","0","1","-","-","Active","Read/Write","530kHz","-","-","-","-"
//media.digikey.com/pdf/Data%20Sheets/Omron%20PDFs/V600_Series.pdf,-,V600-H11-R5M-ND,V600-H11-R 5M,Omron Automation and Safety,RFID READER R/W 530KHZ W/5M CAB,0,1,"937.95000","0","1","-","-","Active","Read/Write","530kHz","-","-","-","-"
http://www.ia.omron.com/data_pdf/cat/v680_series_q267-e1_1_19_csm1003322.pdf?id=1863,-,V680S-HMD63-ETN-ND,V680S-HMD63-ETN,Omron Automation and Safety,RFID READER R/W 13.56MHZ,0,0,"1097.68000","0","1","-","V680","Active","Read/Write","13.56MHz","Ethernet","-","-","-"
-,-,3758.000.00-ND,3758.000.00,FEIG Electronic,RFID READER RD ONLY 13.56MHZ MOD,0,0,"1124.21000","0","1","Bulk","-","Active","Read Only","13.56MHz","-","ISO 15693, ISO 18000-3","Module","-"
//media.digikey.com/pdf/Data%20Sheets/Omron%20PDFs/V600_Series.pdf,-,V600-H11-R10M-ND,V600-H11-R 10M,Omron Automation and Safety,RFID READER R/W 530KHZ W/10M CAB,0,0,"1139.97000","0","1","-","-","Active","Read/Write","530kHz","-","-","-","-"
https://www.onsemi.com/pub/Collateral/SPSPRDR1-8-D.PDF,-,SPSPRDR1-8-ND,SPSPRDR1-8,ON Semiconductor,SENSOR HUB READER - FCC,0,0,"1320.00000","0","20","-","-","Active","Read Only","865MHz ~ 868MHz, 902MHz ~ 928MHz","-","ISO 18000-6","Module","-"
http://www.ia.omron.com/data_pdf/cat/v680_series_q267-e1_1_19_csm1003322.pdf,-,V680-CH1D-ND,V680-CH1D,Omron Automation and Safety,RFID READER R/W 13.56MHZ 1.9M CB,0,0,"1420.80000","0","1","-","*","Active","Read/Write","13.56MHz","RS 232","ISO 15693, ISO 18000-3","-","-"
http://www.ia.omron.com/data_pdf/cat/v680_series_q267-e1_1_19_csm1003322.pdf,-,V680-CH1D-PSI-ND,V680-CH1D-PSI,Omron Automation and Safety,RFID READER R/W 13.56MHZ 1.9M CB,0,0,"1420.80000","0","1","-","*","Active","Read/Write","13.56MHz","RS 232","ISO 15693, ISO 18000-3","-","-"
http://www.ia.omron.com/data_pdf/cat/v680_series_q267-e1_1_19_csm1003322.pdf,-,V680-CHUD0.8M-ND,V680-CHUD 0.8M,Omron Automation and Safety,RFID READER R/W 13.56MHZ 0.8M CB,0,0,"1420.80000","0","1","-","*","Active","Read/Write","13.56MHz","USB","ISO 15693, ISO 18000-3","-","-"
https://www.onsemi.com/pub/Collateral/SPSPRDR1-8-D.PDF,-,SPSPRDR1-8CH-ND,SPSPRDR1-8CH,ON Semiconductor,SPS UHF READER HUB CHINA,0,0,"1485.00000","0","1","-","-","Active","Read Only","865MHz ~ 868MHz, 902MHz ~ 928MHz","-","ISO 18000-6","Module","-"
https://www.onsemi.com/pub/Collateral/SPSPRDR1-8-D.PDF,-,SPSPRDR1-8EU-ND,SPSPRDR1-8EU,ON Semiconductor,SPS UHF READER HUB EUROPE,0,0,"1485.00000","0","1","-","-","Active","Read Only","865MHz ~ 868MHz, 902MHz ~ 928MHz","-","ISO 18000-6","Module","-"
https://www.onsemi.com/pub/Collateral/SPSPRDR1-8-D.PDF,-,SPSPRDR1-8JP-ND,SPSPRDR1-8JP,ON Semiconductor,SPS UHF READER HUB JAPAN,0,0,"1485.00000","0","1","-","-","Active","Read Only","865MHz ~ 868MHz, 902MHz ~ 928MHz","-","ISO 18000-6","Module","-"
https://www.onsemi.com/pub/Collateral/SPSPRDR1-8-D.PDF,-,SPSPRDR1-8KR-ND,SPSPRDR1-8KR,ON Semiconductor,SPS UHF READER HUB KOREA,0,0,"1485.00000","0","1","-","-","Active","Read Only","865MHz ~ 868MHz, 902MHz ~ 928MHz","-","ISO 18000-6","Module","-"
https://www.onsemi.com/pub/Collateral/SPSPRDR1-8-D.PDF,-,SPSPRDR1-8NA-ND,SPSPRDR1-8NA,ON Semiconductor,SPS UHF READER HUB NORTH AMER,0,0,"1485.00000","0","1","-","-","Active","Read Only","865MHz ~ 868MHz, 902MHz ~ 928MHz","-","ISO 18000-6","Module","-"
http://www.ia.omron.com/data_pdf/cat/v680_series_q267-e1_1_19_csm1003322.pdf,-,V680-CHUD1.9M-ND,V680-CHUD 1.9M,Omron Automation and Safety,RFID READER R/W 13.56MHZ 1.9M CB,0,0,"1487.10000","0","1","-","*","Active","Read/Write","13.56MHz","USB","ISO 15693, ISO 18000-3","-","-"
http://www.ia.omron.com/data_pdf/cat/v680_series_q267-e1_1_19_csm1003322.pdf?id=1863,-,V680S-HMD64-ETN-ND,V680S-HMD64-ETN,Omron Automation and Safety,RFID READER R/W 13.56MHZ 75X75,0,77,"1510.78000","0","1","-","*","Active","Read/Write","13.56MHz","-","ISO 15693, ISO 18000-3","-","-"
//media.digikey.com/pdf/Data%20Sheets/Omron%20PDFs/V600-HAM42-DRT.pdf,-,V600-HS63-28M-ND,V600-HS63-2 8M,Omron Automation and Safety,RFID READER R/W 530KHZ W/8M CAB,0,0,"1804.42000","0","1","-","-","Active","Read/Write","530kHz","-","-","-","-"
http://www.ia.omron.com/data_pdf/cat/v680_series_q267-e1_1_19_csm1003322.pdf?id=1863,-,V680S-HMD66-ETN-ND,V680S-HMD66-ETN,Omron Automation and Safety,RFID READER R/W 13.56MHZ 120X120,0,0,"1900.28000","0","1","-","*","Active","Read/Write","13.56MHz","-","ISO 15693, ISO 18000-3","-","-"
http://www.ia.omron.com/data_pdf/cat/v640_series_ds_e_10_3_csm1356.pdf,-,V640-HAM12-ND,V640-HAM12,Omron Automation and Safety,RFID READER R/W 134KHZ,0,0,"1914.88000","0","1","-","*","Active","Read/Write","134kHz","-","-","-","-"
-,-,Z2636-ND,V740-BA50C22A-US,Omron Automation and Safety,RFID READER R/W 902-928MHZ,0,0,"2153.25000","0","1","Bulk","V740","Active","Read/Write","902MHz ~ 928MHz","Ethernet","EPC","308mm x 286mm x 40mm","-"
http://omron.com.ru/dynamic/managers/manage_23/files/z127e1-1.pdf,-,V600-CH1D-V2-ND,V600-CH1D-V2,Omron Automation and Safety,RFID READER R/W 530KHZ,0,0,"2197.80000","0","1","-","-","Active","Read/Write","530kHz","-","-","-","-"
http://omron.com.ru/dynamic/managers/manage_23/files/z127e1-1.pdf,-,V600-CH1D-PSI-ND,V600-CH1D-PSI,Omron Automation and Safety,RFID READER R/W 530KHZ,0,8,"2197.80000","0","1","-","-","Active","Read/Write","530kHz","-","-","-","-"
http://omron.com.ru/dynamic/managers/manage_23/files/z127e1-1.pdf,-,V600-CHUD0.8M-ND,V600-CHUD 0.8M,Omron Automation and Safety,RFID READER R/W 530KHZ 0.8M USB,0,0,"2257.74000","0","1","-","-","Active","Read/Write","530kHz","-","-","-","-"
http://omron.com.ru/dynamic/managers/manage_23/files/z127e1-1.pdf,-,V600-CHUD1.9M-ND,V600-CHUD 1.9M,Omron Automation and Safety,RFID READER R/W 530KHZ 1.9M USB,0,6,"2364.30000","0","1","-","-","Active","Read/Write","530kHz","-","-","-","-"
http://www.harting.com/fileadmin/harting/documents/lg/hartingconnectivitynetworks/news/newproducts/2011/ha-visrfidrf-r500reader/0644_ha-vis_rfid_rf_r500_reader_gb.pdf,-,20911041103-ND,20911041103,HARTING,RFID READER READ ONLY 860-960MHZ,0,0,"3204.36000","0","1","Bulk","-","Active","Read Only","860MHz ~ 960MHz","Ethernet, RS 232, RS 485, USB","EPC, ISO 18000-6","-","-"
https://b2b.harting.com/files/download/PRD/PDF_TS/20911041104_100213262DRW016C.pdf,//media.digikey.com/Photos/Harting/20911041104.jpg,1195-3436-ND,20911041104,HARTING,RFID READER READ ONLY 860-960MHZ,0,0,"3379.60000","0","1","Bulk","-","Active","Read Only","860MHz ~ 960MHz","Ethernet, RS 232, RS 485, USB","EPC, ISO 18000-6","-","-"
http://www.harting.com/fileadmin/harting/documents/lg/hartingconnectivitynetworks/news/newproducts/2011/ha-visrfidrf-r500reader/0644_ha-vis_rfid_rf_r500_reader_gb.pdf,-,20911041101-ND,20911041101,HARTING,RFID READER READ ONLY 860-960MHZ,0,0,"4358.96000","0","1","Bulk","-","Active","Read Only","860MHz ~ 960MHz","Ethernet, RS 232, RS 485, USB","EPC, ISO 18000-6","-","-"
http://www.harting.com/fileadmin/harting/documents/lg/hartingconnectivitynetworks/news/newproducts/2011/ha-visrfidrf-r500reader/0644_ha-vis_rfid_rf_r500_reader_gb.pdf,-,20911041102-ND,20911041102,HARTING,RFID READER READ ONLY 860-960MHZ,0,0,"4358.96000","0","1","Bulk","-","Active","Read Only","860MHz ~ 960MHz","Ethernet, RS 232, RS 485, USB","EPC, ISO 18000-6","-","-"
-,-,Z2637-ND,V740-BA50C04A-US,Omron Automation and Safety,RFID READER R/W 902-928MHZ,0,0,"4852.85000","0","1","Bulk","V740","Active","Read/Write","902MHz ~ 928MHz","Ethernet","EPC","308mm x 286mm x 40mm","-"
//media.digikey.com/pdf/Data%20Sheets/Omron%20PDFs/V720%20Series.pdf,-,Z2643-ND,V720S-BC5D4A-US,Omron Automation and Safety,RFID READER R/W 13.56MHZ 94X16MM,0,0,"5026.66000","0","1","Bulk","V720","Active","Read/Write","13.56MHz","RS 232, RS 485","ISO 15693","94mm x 16mm","-"
//media.digikey.com/pdf/Data%20Sheets/Omron%20PDFs/V750-BA50C04%20Series.pdf,-,Z2635-ND,V750-BA50C04-US,Omron Automation and Safety,RFID READER R/W 902.75-927.75MHZ,0,0,"6064.74000","0","1","Bulk","V750","Active","Read/Write","902.75MHz ~ 927.75MHz","Ethernet, RS 232","EPC","246mm x 215mm x 43.5mm","-"
http://www.harting.com/uploads/tx_news/Data_sheet_Ha-VIS_RFID_Box.pdf,-,20914211001-ND,20914211001,HARTING,RFID READER READ ONLY,0,0,"9297.47000","0","1","Bulk","-","Active","Read Only","-","-","ISO 18000-6","-","-"
-,//media.digikey.com/Photos/Seeed%20Technology%20Ltd/MFG_113990042.jpg,113990042-ND,113990042,"Seeed Technology Co., Ltd",RFID READER R/W 125KHZ MODULE,0,0,"10.09750","0","4","Bulk","-","Active","Read/Write","125kHz","TTL","-","Module","Module"
//media.digikey.com/pdf/Data%20Sheets/Seeed%20Technology/125Khz_RFID_Module_UART_Web.pdf,//media.digikey.com/Photos/Seeed%20Technology%20Ltd/MFG_113990014.jpg,113990014-ND,113990014,"Seeed Technology Co., Ltd",RFID READER R/W 125KHZ MODULE,0,0,"12.75000","0","3","Bulk","-","Active","Read/Write","125kHz","RS 232, TTL, UART","-","Module","Module"
//media.digikey.com/pdf/Data%20Sheets/Adafruit%20PDFs/923_Web.pdf,//media.digikey.com/photos/Adafruit%20Industries%20LLC/MFG_923.JPG,1528-1931-ND,923,Adafruit Industries LLC,RFID READER READ ONLY 13.56MHZ,0,0,"39.95000","0","1","Bulk","-","Active","Read Only","13.56MHz","-","NFC","Finished Unit","-"
"//media.digikey.com/pdf/Data%20Sheets/Texas%20Instruments%20PDFs/RI-STU-MB2A,6A.pdf","//media.digikey.com/photos/Texas%20Instr%20Photos/RI-STU-MB2A-03,RI-STU-MB6A-02.jpg",481-1026-ND,RI-STU-MB2A-03,Texas Instruments,RFID READER READ ONLY 134.2KHZ,0,0,"Obsolete","0","1","Bulk","2000","Obsolete","Read Only","134.2kHz","RS 232","ISO 11785","92mm x 82mm x 59mm, RS232","-"
"//media.digikey.com/pdf/Data%20Sheets/Texas%20Instruments%20PDFs/RI-STU-MB2A,6A.pdf","//media.digikey.com/photos/Texas%20Instr%20Photos/RI-STU-MB2A-03,RI-STU-MB6A-02.jpg",481-1027-ND,RI-STU-MB6A-02,Texas Instruments,RFID READER READ ONLY 134.2KHZ,0,0,"Obsolete","0","1","Bulk","2000","Obsolete","Read Only","134.2kHz","RS 422, RS 485","ISO 11785","92mm x 82mm x 59mm, RS422/485","-"
//media.digikey.com/pdf/Data%20Sheets/Texas%20Instruments%20PDFs/RI-STU-251B.pdf,//media.digikey.com/photos/Texas%20Instr%20Photos/RI-STU-251B-01.jpg,481-1028-ND,RI-STU-251B-01,Texas Instruments,RFID READER R/W 134.2KHZ RS232,0,0,"Obsolete","0","1","Bulk","2000","Obsolete","Read/Write","134.2kHz","RS 232, RS 422, RS 485","ISO 11785","200mm x 120mm x 120mm, RS232, RS422/485","-"
//media.digikey.com/pdf/Data%20Sheets/Texas%20Instruments%20PDFs/RI-STU-MRD1_Gde.pdf,//media.digikey.com/photos/Texas%20Instr%20Photos/RI-STU-MRD1.jpg,481-1029-ND,RI-STU-MRD1-30,Texas Instruments,RFID READER R/W 134.2KHZ,0,0,"Obsolete","0","5","Tube","2000","Obsolete","Read/Write","134.2kHz","TTL","ISO 11785","38.3mm x 29.3mm 13.5mm","-"
http://www.ti.com/lit/pdf/scbu021,//media.digikey.com/photos/Texas%20Instr%20Photos/RI-RFM-003B-00.jpg,481-1030-ND,RI-RFM-003B-00,Texas Instruments,RFID READER R/W 134.2KHZ MODULE,0,0,"Obsolete","0","10","Bulk","2000","Obsolete","Read/Write","134.2kHz","-","ISO 11785","Module","-"
//media.digikey.com/pdf/Data%20Sheets/Texas%20Instruments%20PDFs/RI-RFM-007B_Gde.pdf,//media.digikey.com/photos/Texas%20Instr%20Photos/RI-RFM-007B-00.jpg,481-1032-ND,RI-RFM-007B-00,Texas Instruments,RFID READER R/W 134.2KHZ MODULE,0,0,"Obsolete","0","2","Bulk","2000","Obsolete","Read/Write","134.2kHz","TTL","ISO 11785","83mm x 93mm x 44mm","-"
"//media.digikey.com/pdf/Data%20Sheets/Texas%20Instruments%20PDFs/RI-RFM-008B,RI-ACC-008B.pdf",//media.digikey.com/photos/Texas%20Instr%20Photos/RI-RFM-008B-00.jpg,481-1033-ND,RI-RFM-008B-00,Texas Instruments,RFID READER RD ONLY 134.2KHZ MOD,0,0,"Obsolete","0","2","Bulk","2000","Obsolete","Read Only","134.2kHz","RS 232","ISO 11785","83mm x 93mm x 44mm","-"
//media.digikey.com/pdf/Data%20Sheets/Texas%20Instruments%20PDFs/RI-STU-TRDC-02.pdf,//media.digikey.com/photos/Texas%20Instr%20Photos/RI-STU-TRDC-02.jpg,481-1048-ND,RI-STU-TRDC-02,Texas Instruments,RFID READER RD ONLY 13.56MHZ MOD,0,0,"Obsolete","0","1","Bulk","6350","Obsolete","Read Only","13.56MHz","RS 232","ISO 15693","Module","-"
//media.digikey.com/pdf/Data%20Sheets/Texas%20Instruments%20PDFs/RI-STU-650AdataSheet.pdf,//media.digikey.com/photos/Texas%20Instr%20Photos/RI-STU-650A-00.jpg,481-1049-ND,RI-STU-650A-00,Texas Instruments,RFID READER R/W 13.56MHZ,0,0,"Obsolete","0","1","Bulk","6500","Obsolete","Read/Write","13.56MHz","RS 232, RS 485","ISO 15693","160mm x 120mm x 67mm","-"
//media.digikey.com/pdf/Data%20Sheets/Texas%20Instruments%20PDFs/RI-STU-655AdataSheet.pdf,//media.digikey.com/photos/Texas%20Instr%20Photos/RI-STU-655A-00.jpg,481-1050-ND,RI-STU-655A-00,Texas Instruments,RFID READER R/W 13.56MHZ,0,0,"Obsolete","0","1","Bulk","6550","Obsolete","Read/Write","13.56MHz","RS 232, RS 485","ISO 15693","300mm x 200mm x 160mm","-"
-,//media.digikey.com/photos/Texas%20Instr%20Photos/RF-MGR-MNMN-N3.jpg,481-1052-ND,RF-MGR-MNMN-N3,Texas Instruments,RFID READR 134.2KHZ/13.56MHZ MOD,0,0,"Obsolete","0","6","Bulk","4100","Obsolete","Read/Write","134.2kHz, 13.56MHz","-","ISO 14443, ISO 15693","Module","-"
-,//media.digikey.com/photos/Texas%20Instr%20Photos/RR-IDISC-HH100A.jpg,RR-IDISC-HH100-A-ND,RR-IDISC-HH100-A,Texas Instruments,RFID READER R/W 13.56MHZ RS232,0,0,"Obsolete","0","2","Bulk","OBID® i-scan Proximity PRH100","Obsolete","Read/Write","13.56MHz","RS 232","ISO 15693","Hand-held 231x80x100 mm, RS232","-"
-,-,481-1075-ND,RR-IDISC-PRH1USB,Texas Instruments,RFID READER RD ONLY 13.56MHZ USB,0,0,"Obsolete","0","1","Bulk","OBID® i-scan® Proximity PRH101","Obsolete","Read Only","13.56MHz","USB","ISO 15693, ISO 18000-3","Hand-held 231x80x100 mm, USB","-"
-,-,RR-IDISC-MR100-A-ND,RR-IDISC-MR100-A,Texas Instruments,RFID READER READ ONLY 13.56MHZ,0,0,"Obsolete","0","1","Bulk","OBID® i-scan Multitag MR100","Obsolete","Read Only","13.56MHz","RS 232, RS 485, USB","ISO 15693","145mm x 85mm x 31mm, RS232","-"
-,-,RR-IDISC-MR-USB-ND,RR-IDISC-MR-USB,Texas Instruments,RFID READER READ ONLY 13.56MHZ,0,0,"Obsolete","0","1","Bulk","OBID® i-scan Multitag MR100","Obsolete","Read Only","13.56MHz","USB","ISO 15693","145mm x 85mm x 31mm, USB","-"
-,-,RR-IDISC-PR100-A-ND,RR-IDISC-PR100-A,Texas Instruments,RFID READER READ ONLY 13.56MHZ,0,0,"Obsolete","0","1","Bulk","OBID® i-scan Proximity PR100","Obsolete","Read Only","13.56MHz","RS 232, RS 485","ISO 15693","145mm x 85mm x 31mm, RS232","-"
-,-,RR-IDISC-PR-USB-ND,RR-IDISC-PR-USB,Texas Instruments,RFID READER READ ONLY 13.56MHZ,0,0,"Obsolete","0","1","Bulk","OBID® i-scan Proximity PR100","Obsolete","Read Only","13.56MHz","USB","ISO 15693","145mm x 85mm x 31mm, USB","-"
-,//media.digikey.com/photos/Texas%20Instr%20Photos/RR-IDISC-M01-A.jpg,RR-IDISC-M01-A-ND,RR-IDISC-M01-A,Texas Instruments,RFID READER R/W 13.56MHZ MOD,0,0,"Obsolete","0","1","Bulk","OBID® i-scan M01","Obsolete","Read/Write","13.56MHz","RS 232","ISO 15693","75mm x 50mm x 12mm","-"
-,//media.digikey.com/photos/Texas%20Instr%20Photos/RR-IDISC-M01-B.jpg,RR-IDISC-M01-B-ND,RR-IDISC-M01-B,Texas Instruments,RFID READER R/W 13.56MHZ MOD,0,0,"Obsolete","0","2","Bulk","OBID® i-scan M01","Obsolete","Read/Write","13.56MHz","RS 232, TTL","ISO 14443, ISO 15693","75mm x 50mm x 12mm","-"
-,//media.digikey.com/photos/Texas%20Instr%20Photos/RR-IDISC-M02AB-B.jpg,RR-IDISC-M02AB-B-ND,RR-IDISC-M02AB-B,Texas Instruments,RFID READER R/W 13.56MHZ MOD,0,0,"Obsolete","0","1","Bulk","OBID® i-scan® Proximity Multitag M02","Obsolete","Read/Write","13.56MHz","RS 232, TTL","ISO 14443, ISO 15693","Module","-"
-,//media.digikey.com/photos/Texas%20Instr%20Photos/RR-IDISC-M02AB-BA.jpg,RR-IDISC-M02AB-BA-ND,RR-IDISC-M02AB-BA,Texas Instruments,RFID READER R/W 13.56MHZ MOD,0,0,"Obsolete","0","3","Bulk","OBID® i-scan® Proximity Multitag M02","Obsolete","Read/Write","13.56MHz","RS 232, TTL","ISO 14443, ISO 15693","Module","-"
-,-,481-1076-ND,RR-IDISC-MR101-USB,Texas Instruments,RFID READER RD ONLY 13.56MHZ USB,0,0,"Obsolete","0","1","Bulk","OBID® i-scan® HF Mid Range MR101","Obsolete","Read Only","13.56MHz","USB","ISO 15693","145mm x 85mm x 31mm, USB","-"
-,//media.digikey.com/photos/Texas%20Instr%20Photos/MFG_RR-IDISC-PR101-USB.jpg,481-1077-ND,RR-IDISC-PR101-USB,Texas Instruments,RFID READER RD ONLY 13.56MHZ USB,0,0,"Obsolete","0","1","Bulk","OBID® i-scan® Proximity PR101","Obsolete","Read Only","13.56MHz","USB","ISO 15693, ISO 18000-3","145mm x 85mm x 31mm, USB","-"
-,//media.digikey.com/photos/Feig%20Elect%20Photos/0913.017.00.01.jpg,629-1001-ND,0913.017.00,FEIG Electronic,RFID READER R/W 13.56MHZ RS232,0,0,"Obsolete","0","1","Bulk","OBID® Classic-pro HF CPR.02.VP/AB-ATS","Obsolete","Read/Write","13.56MHz","RS 232","ISO 14443, ISO 15693","-","-"
-,//media.digikey.com/photos/Feig%20Elect%20Photos/1260.020.00.00.jpg,629-1002-ND,1260.020.00,FEIG Electronic,RFID READER READ ONLY 13.56MHZ,0,0,"Obsolete","0","1","Bulk","OBID® i-scan® HF LR2000","Obsolete","Read Only","13.56MHz","RS 232, RS 485","EPC, ISO 15693, ISO 18000-3","180mm x 320mm x 110mm","-"
//media.digikey.com/pdf/Data%20Sheets/FEIG%20Electronic%20PDFs/ID%20ISC.PRH110-A.pdf,//media.digikey.com/photos/Feig%20Elect%20Photos/1524.003.00.00.JPG,629-1012-ND,1524.003.00,FEIG Electronic,RFID READER READ ONLY 13.56MHZ,0,0,"Obsolete","0","1","Bulk","OBID® i-scan® Proximity PRH110","Obsolete","Read Only","13.56MHz","RS 232","EPC, ISO 15693, ISO 18000-3","Hand-held 230x80x100 mm, RS232","-"
-,//media.digikey.com/photos/Feig%20Elect%20Photos/1524.004.00.00.JPG,629-1013-ND,1524.004.00,FEIG Electronic,RFID READER READ ONLY 13.56MHZ,0,0,"Obsolete","0","1","Bulk","OBID® i-scan® Proximity PRH101","Obsolete","Read Only","13.56MHz","Bluetooth","ISO 15693, ISO 18000-3","Hand-held 231x80x100 mm, Bluetooth","-"
//media.digikey.com/pdf/Data%20Sheets/FEIG%20Electronic%20PDFs/I-Scan%20_HF_Midrange_Reader.pdf,//media.digikey.com/photos/Feig%20Elect%20Photos/1638.000.01.00.jpg,629-1015-ND,1638.000.01,FEIG Electronic,RFID READER READ ONLY 13.56MHZ,0,0,"Obsolete","0","1","Bulk","OBID® i-scan® HF Mid Range MR101","Obsolete","Read Only","13.56MHz","RS 232, RS 485, USB","EPC, ISO 15693, ISO 18000-3","145mm x 85mm x 31mm, RS232","-"
//media.digikey.com/pdf/Data%20Sheets/FEIG%20Electronic%20PDFs/I-Scan%20_HF_Midrange_Reader.pdf,//media.digikey.com/photos/Feig%20Elect%20Photos/1638.001.02.01.jpg,629-1016-ND,1638.001.02,FEIG Electronic,RFID READER READ ONLY 13.56MHZ,0,0,"Obsolete","0","1","Bulk","OBID® i-scan® HF Mid Range MR101","Obsolete","Read Only","13.56MHz","RS 232, RS 485, USB","EPC, ISO 15693, ISO 18000-3","145mm x 85mm x 31mm, USB","-"
//media.digikey.com/pdf/Data%20Sheets/FEIG%20Electronic%20PDFs/I-Scan%20_HF_Midrange_Reader.pdf,//media.digikey.com/photos/Feig%20Elect%20Photos/1638.005.01.00.jpg,629-1019-ND,1638.005.01,FEIG Electronic,RFID READER RD ONLY 13.56MHZ MOD,0,0,"Obsolete","0","1","Bulk","OBID® i-scan® HF Mid Range MR101","Obsolete","Read Only","13.56MHz","RS 232, RS 485, USB","EPC, ISO 15693, ISO 18000-3","PCB Module","Module"
http://www.feig.de/fileadmin/user_upload/Downloads/Datenblaetter/Data_sheet_ID_ISC.PR101.pdf,//media.digikey.com/photos/Feig%20Elect%20Photos/1638.007.01.00.jpg,629-1020-ND,1638.007.01,FEIG Electronic,RFID READER RD ONLY 13.56MHZ MOD,0,0,"Obsolete","0","1","Bulk","OBID® i-scan® Proximity PR101","Obsolete","Read Only","13.56MHz","RS 232, RS 485","ISO 15693, ISO 18000-3","PCB Module","Module"
http://www.feig.de/fileadmin/user_upload/Downloads/Datenblaetter/Data_sheet_Identification_Modules_ID_CPR40_CPR_M02.pdf,//media.digikey.com/photos/Feig%20Elect%20Photos/1916.001.00.00.jpg,629-1035-ND,1916.001.01,FEIG Electronic,RFID READER R/W 13.56MHZ MOD,0,0,"Obsolete","0","1","Bulk","OBID® Classic-pro HF CPR.M02.VP/AB-B/BA","Obsolete","Read/Write","13.56MHz","RS 232, TTL","ISO 14443, ISO 15693, NFC","Module","-"
-,//media.digikey.com/photos/Feig%20Elect%20Photos/2060.000.00.01.jpg,629-1041-ND,2060.000.00,FEIG Electronic,RFID READER READ ONLY 13.56MHZ,0,0,"Obsolete","0","1","Bulk","OBID® i-scan® HF Mid Range MR 200","Obsolete","Read Only","13.56MHz","RS 232, RS 485","EPC, ISO 15693, ISO 18000-3","145mm x 85mm x 31mm, RS232","-"
-,//media.digikey.com/photos/Feig%20Elect%20Photos/2221.000.00.01.jpg,629-1043-ND,2221.000.01,FEIG Electronic,RFID READER READ ONLY 13.56MHZ,0,0,"Obsolete","0","1","Bulk","OBID® i-scan® HF Mid Range MR 200","Obsolete","Read Only","13.56MHz","Ethernet","EPC, ISO 15693, ISO 18000-3","145mm x 85mm x 31mm, Ethernet","-"
//media.digikey.com/pdf/Data%20Sheets/FEIG%20Electronic%20PDFs/ID%20ISC.LRMU1000.pdf,-,629-1044-ND,2241.001.01,FEIG Electronic,RFID RDR RD ONLY 865-928MHZ MOD,0,0,"Obsolete","0","1","Bulk","OBID® i-scan® UHF Long Range LRMU1000","Obsolete","Read Only","865MHz ~ 928MHz","RS 232, RS 485","EPC, ISO 18000-6","Module","Module"
//media.digikey.com/pdf/Data%20Sheets/FEIG%20Electronic%20PDFs/ID%20ISC.LRU1000.pdf,"//media.digikey.com/photos/Feig%20Elect%20Photos/2241.002.12.00,2241.002.11.jpg",629-1045-ND,2241.002.12.00,FEIG Electronic,RFID READER READ ONLY 865-928MHZ,0,0,"Obsolete","0","1","Bulk","OBID® i-scan® UHF Long Range LRU1000","Obsolete","Read Only","865MHz ~ 928MHz","Ethernet, RS 232, RS 485","EPC, ISO 18000-6","170mm x 320mm x 48mm, RS232","-"
//media.digikey.com/pdf/Data%20Sheets/FEIG%20Electronic%20PDFs/ID%20ISC.LRU1000.pdf,"//media.digikey.com/photos/Feig%20Elect%20Photos/2241.002.12.00,2241.002.11.jpg",629-1046-ND,2241.002.00,FEIG Electronic,RFID READER READ ONLY 865-928MHZ,0,0,"Obsolete","0","1","Bulk","OBID® i-scan® UHF Long Range LRU1000","Obsolete","Read Only","865MHz ~ 928MHz","Ethernet, RS 232, RS 485","EPC, ISO 18000-6","170mm x 320mm x 48mm, RS232","-"
//media.digikey.com/pdf/Data%20Sheets/FEIG%20Electronic%20PDFs/ID%20ISC.LRMU1000.pdf,//media.digikey.com/photos/Feig%20Elect%20Photos/2481.001.11.00.jpg,629-1049-ND,2481.001.11.00,FEIG Electronic,RFID RDR RD ONLY 865-928MHZ MOD,0,0,"Obsolete","0","1","Bulk","OBID® i-scan® UHF Long Range LRMU1000","Obsolete","Read Only","865MHz ~ 928MHz","RS 232, RS 485","EPC, ISO 18000-6","PCB Module","Module"
-,//media.digikey.com/photos/Feig%20Elect%20Photos/2633.000.00.00.JPG,629-1054-ND,2633.000.00,FEIG Electronic,RFID READER READ ONLY 13.56MHZ,0,0,"Obsolete","0","1","Bulk","OBID® i-scan® HF Mid Range MR 200","Obsolete","Read Only","13.56MHz","Ethernet","EPC, ISO 15693, ISO 18000-3","145mm x 85mm x 31mm, WLAN","-"
-,//media.digikey.com/photos/Texas%20Instr%20Photos/RI-STU-TRDC-30.jpg,481-1102-ND,RI-STU-TRDC-30,Texas Instruments,RFID READER R/W 13.56MHZ MODULE,0,0,"Obsolete","0","3","Bulk","6350","Obsolete","Read/Write","13.56MHz","RS 232","ISO 15693","Module","-"
//media.digikey.com/PDF/Data%20Sheets/FEIG%20Electronic%20PDFs/CPR.M02%20Series.pdf,//media.digikey.com/photos/Feig%20Elect%20Photos/2873.000.00.JPG,629-1057-ND,2873.000.00,FEIG Electronic,RFID READER R/W 13.56MHZ MOD,0,0,"Obsolete","0","1","Bulk","OBID® Classic-pro HF CPR.M02.VP/AB-BA/-CA","Obsolete","Read/Write","13.56MHz","RS 232, TTL","ISO 14443, ISO 15693","-","-"
//media.digikey.com/pdf/Data%20Sheets/Texas%20Instruments%20PDFs/Mini-RFM%20RI-RFM-003C_Gde.pdf,//media.digikey.com/Photos/Texas%20Instr%20Photos/RI-RFM-003C-30.jpg,481-1124-ND,RI-RFM-003C-30,Texas Instruments,RFID READER R/W 134.2KHZ MODULE,0,0,"Obsolete","0","10","Bulk","2000","Obsolete","Read/Write","134.2kHz","-","-","Module","-"
//media.digikey.com/pdf/Data%20Sheets/Texas%20Instruments%20PDFs/RI-RFM-007.pdf,//media.digikey.com/Photos/Texas%20Instr%20Photos/RI-RFM-007B-30.jpg,296-41176-ND,RI-RFM-007B-30,Texas Instruments,RFID READER READ ONLY 134.2KHZ,0,0,"Obsolete","0","1","Bulk","2000","Obsolete","Read Only","134.2kHz","-","ISO 11785","83mm x 93mm x 44mm","-"
//media.digikey.com/pdf/Data%20Sheets/Texas%20Instruments%20PDFs/RI-RFM-007.pdf,//media.digikey.com/Photos/Texas%20Instr%20Photos/RI-RFM-008B-30.JPG,296-38843-ND,RI-RFM-008B-30,Texas Instruments,RFID READER READ ONLY 134.2KHZ,0,0,"Obsolete","0","1","Bulk","2000","Obsolete","Read Only","134.2kHz","-","ISO 11785","83mm x 93mm x 44mm","-"
-,-,RI-STU-MB6A-03-ND,RI-STU-MB6A-03,Texas Instruments,RFID READER RD ONLY 134.2KHZ MOD,0,0,"Obsolete","0","1","Bulk","2000","Obsolete","Read Only","134.2kHz","RS 232, RS 485","-","Module","Module"
-,-,RR-IDISC-HH101-A-ND,RR-IDISC-HH101-A,Texas Instruments,RFID READER R/W 13.56MHZ MODULE,0,0,"Obsolete","0","1","Bulk","-","Obsolete","Read/Write","13.56MHz","-","ISO 15693, ISO 18000-3","Module","Module"
-,-,RR-IDISC-HH101-B-ND,RR-IDISC-HH101-B,Texas Instruments,RFID READER R/W 13.56MHZ MODULE,0,0,"Obsolete","0","1","Bulk","-","Obsolete","Read/Write","13.56MHz","-","ISO 15693, ISO 18000-3","Module","Module"
-,-,RR-IDISC-LR2000HF-ND,RR-IDISC-LR2000HF,Texas Instruments,RFID READER RD ONLY 13.56MHZ MOD,0,0,"Obsolete","0","1","Bulk","-","Obsolete","Read Only","13.56MHz","-","ISO 15693, ISO 18000-3","Module","Module"
-,-,RR-IDISC-LRM2000HF-ND,RR-IDISC-LRM2000HF,Texas Instruments,RFID READER RD ONLY 13.56MHZ MOD,0,0,"Obsolete","0","1","Bulk","-","Obsolete","Read Only","13.56MHz","-","ISO 15693, ISO 18000-3","Module","Module"
-,-,RR-IDISC-MR101-A-ND,RR-IDISC-MR101-A,Texas Instruments,RFID READER READ ONLY 13.56MHZ,0,0,"Obsolete","0","1","-","-","Obsolete","Read Only","13.56MHz","RS 232, RS 485","ISO 15693","-","-"
-,-,RR-IDISC-MR101USB-ND,RR-IDISC-MR101USB,Texas Instruments,RFID READER READ ONLY 13.56MHZ,0,0,"Obsolete","0","1","-","-","Obsolete","Read Only","13.56MHz","USB","ISO 15693","-","-"
-,-,RR-IDISC-MR200-E-ND,RR-IDISC-MR200-E,Texas Instruments,RFID READER READ ONLY 13.56MHZ,0,0,"Obsolete","0","1","-","-","Obsolete","Read Only","13.56MHz","RS 232, RS 485","ISO 15693","-","-"
-,-,RR-IDISC-PR101USB-ND,RR-IDISC-PR101USB,Texas Instruments,RFID READER READ ONLY 13.56MHZ,0,0,"Obsolete","0","1","-","-","Obsolete","Read Only","13.56MHz","USB","ISO 15693","-","-"
//media.digikey.com/pdf/Data%20Sheets/3M%20PDFs/Mini%20RFID%20Tracking%20Pad.pdf,//media.digikey.com/Photos/3M%20Photos/75-4700-2841-8.jpg,3M9583-ND,75-4700-2841-8,3M,RFID READER R/W 13.56MHZ,0,0,"Obsolete","0","1","Bulk","M210","Obsolete","Read/Write","13.56MHz","USB","ISO 15693, ISO 18000-3","-","-"
//media.digikey.com/pdf/Data%20Sheets/DLP%20Design%20PDFs/DLP-RFID-UHF1B.pdf,//media.digikey.com/Photos/DLP%20Design%20Inc/DLP-RFID-UHF1B.jpg,813-1029-ND,DLP-RFID-UHF1B,DLP Design Inc.,RFID READR R/W 902.6-927.4MZ MOD,0,0,"Obsolete","0","1","Bulk","-","Obsolete","Read/Write","902.6MHz ~ 927.4MHz","USB","EPC, ISO 18000-6","Module","Module"
-,-,V750-BA50C04-US-A-ND,V750-BA50C04-US-A,Omron Automation and Safety,RFID READER R/W 902.75-927.75MHZ,0,0,"Obsolete","0","1","-","*","Obsolete","Read/Write","902.75MHz ~ 927.75MHz","Ethernet, RS 232","EPC","-","-"
http://ww1.microchip.com/downloads/en/DeviceDoc/rn-t7-tag_UG-1.0r.pdf,-,RN-T7-TAG-ND,RN-T7-TAG,Microchip Technology,RFID READER 802.11 RTLS,0,0,"Obsolete","0","20","-","-","Obsolete","-","-","-","-","-","-"
http://datasheets.bluetechnix.at/goto/NFC/NFC_Adapter-Programmable/NFC_Adapter-Programmable_HUM_V1.pdf,//media.digikey.com/Photos/Bluetechnix/MFG_909-2131-1.jpg,978-1024-ND,909-2131-1,Bluetechnix GmbH,RFID READER R/W 13.56MHZ,0,0,"Obsolete","0","1","Bulk","-","Obsolete","Read/Write","13.56MHz","UART, USB","ISO 14443, NFC","-","-"
http://datasheets.bluetechnix.at/goto/NFC/NFC_Adapter/NFC_Adapter_OV.pdf,//media.digikey.com/Photos/Bluetechnix/MFG_909-2145-1.jpg,978-1027-ND,909-2145-1,Bluetechnix GmbH,RFID READER R/W 13.56MHZ,0,0,"Obsolete","0","1","Bulk","-","Obsolete","Read/Write","13.56MHz","USB","ISO 14443, NFC","-","-"
-,-,20912111011-ND,20912111011,HARTING,RFID READER READ ONLY 868/915MHZ,0,0,"Obsolete","0","1","Bulk","-","Obsolete","Read Only","868MHz, 915MHz","-","-","-","-"
-,-,20912111311-ND,20912111311,HARTING,RFID READER READ ONLY 868/915MHZ,0,0,"Obsolete","0","1","Bulk","-","Obsolete","Read Only","868MHz, 915MHz","-","-","-","-"
//media.digikey.com/pdf/Data%20Sheets/ThingMagic%20PDF's/UHF%20RFID%20Module%20Family.pdf,//media.digikey.com/Photos/ThingMagic/MFG_M5E.jpg,1523-1000-ND,M5E,"ThingMagic, a JADAK brand",RFID READER R/W 860-960MHZ MOD,0,0,"Obsolete","0","50","Bulk","Mercury®5e","Obsolete","Read/Write","860MHz ~ 960MHz","UART","EPC, ISO 18000-6","Module","-"
//media.digikey.com/pdf/Data%20Sheets/ThingMagic%20PDF's/UHF%20RFID%20Module%20Family.pdf,//media.digikey.com/Photos/ThingMagic/MFG_M5E-C.jpg,1523-1001-ND,M5E-C,"ThingMagic, a JADAK brand",RFID READER R/W 860-960MHZ MOD,0,0,"Obsolete","0","50","Bulk","Mercury®5e","Obsolete","Read/Write","860MHz ~ 960MHz","UART","EPC, ISO 18000-6","Module","-"
//media.digikey.com/pdf/Data%20Sheets/ThingMagic%20PDF's/USB-Plus_ds.pdf,//media.digikey.com/Photos/ThingMagic/MFG_USB-5EC.jpg,1523-1011-ND,USB-5EC,"ThingMagic, a JADAK brand",RFID READER R/W 860-960MHZ MOD,0,0,"Obsolete","0","10","Bulk","-","Obsolete","Read/Write","860MHz ~ 960MHz","USB","EPC, ISO 18000-6","Module","Module"
http://www.thingmagic.com/images/pdfs/M5e-modules-datasheet.pdf,-,M5E-EU-ND,M5E-EU,"ThingMagic, a JADAK brand",RFID READER R/W 860-960MHZ,0,0,"Obsolete","0","0","-","Mercury®5e","Obsolete","Read/Write","860MHz ~ 960MHz","UART","EPC, ISO 18000-6","-","-"
http://www.thingmagic.com/images/pdfs/M5e-modules-datasheet.pdf,-,M5E-PRC-ND,M5E-PRC,"ThingMagic, a JADAK brand",RFID READER R/W 860-960MHZ,0,0,"Obsolete","0","0","-","*","Obsolete","Read/Write","860MHz ~ 960MHz","UART","EPC, ISO 18000-6","-","-"
//media.digikey.com/pdf/Data%20Sheets/ThingMagic%20PDF's/VEGA_datasheet.pdf,-,VEGA-ND,VEGA,"ThingMagic, a JADAK brand",RFID READER READ ONLY 860-960MHZ,0,0,"Obsolete","0","0","-","Vega","Obsolete","Read Only","860MHz ~ 960MHz","RS 232","EPC, ISO 18000-6","-","-"
//media.digikey.com/pdf/Data%20Sheets/NXP%20PDFs/HTRM440%20Family.pdf,-,568-2208-ND,"HTRM440/AIE,122",NXP USA Inc.,RFID READER R/W 125KHZ MODULE,0,0,"Obsolete","0","8","Bulk","HITAG® Proximity","Obsolete","Read/Write","125kHz","RS 232","-","Module","-"
//media.digikey.com/pdf/Data%20Sheets/NXP%20PDFs/HTRM800%20Family.pdf,-,568-2209-ND,"HTRM800/AED,122",NXP USA Inc.,RFID READER R/W 125KHZ RS232,0,0,"Obsolete","0","1","Bulk","HITAG® Long Range","Obsolete","Read/Write","125kHz","RS 232","-","160mm x 100mm x 43mm, RS232","-"
-,//media.digikey.com/photos/Skyetec%20Photos/SM-MN-00-HF-RC.JPG,753-1009-ND,SM-MN-00,Skyetek Inc,RFID READER R/W 13.56MHZ MODULE,0,0,"Discontinued at Digi-Key","0","2","Bulk","SkyeModule™ M1-Mini","Discontinued at Digi-Key","Read/Write","13.56MHz","I²C, SPI, TTL, UART","ISO 14443, ISO 15693, ISO 18000-3","Module","Module"
-,//media.digikey.com/photos/Skyetec%20Photos/SM-MN-00-HF-RCI2C.JPG,753-1010-ND,SM-MN-00-I2C,Skyetek Inc,RFID READER R/W 13.56MHZ MODULE,0,0,"Discontinued at Digi-Key","0","2","Bulk","SkyeModule™ M1-Mini","Discontinued at Digi-Key","Read/Write","13.56MHz","I²C, SPI, TTL, UART","ISO 14443, ISO 15693, ISO 18000-3","Module","Module"
-,//media.digikey.com/photos/Skyetec%20Photos/SM-MN-00-HF-RCSPI.JPG,753-1011-ND,SM-MN-00-SPI,Skyetek Inc,RFID READER R/W 13.56MHZ MODULE,0,0,"Discontinued at Digi-Key","0","2","Bulk","SkyeModule™ M1-Mini","Discontinued at Digi-Key","Read/Write","13.56MHz","I²C, SPI, TTL","ISO 14443, ISO 15693, ISO 18000-3","Module","Module"
-,//media.digikey.com/photos/Skyetec%20Photos/MFG_SM-M2-CF-HF.jpg,753-1012-ND,SM-M2-CF,Skyetek Inc,RFID READER R/W 13.56MHZ MODULE,0,0,"Discontinued at Digi-Key","0","100","Bulk","SkyeModule™ M2","Discontinued at Digi-Key","Read/Write","13.56MHz","I²C, SPI, TTL, USB","ISO 14443, ISO 15693","Module","Module"
-,//media.digikey.com/photos/Skyetec%20Photos/MFG_SM-M2-MH-HF.jpg,753-1013-ND,SM-M2-MH,Skyetek Inc,RFID READER R/W 13.56MHZ MODULE,0,0,"Discontinued at Digi-Key","0","1","Bulk","SkyeModule™ M2","Discontinued at Digi-Key","Read/Write","13.56MHz","I²C, SPI, TTL, USB","ISO 14443, ISO 15693","Module","Module"
-,"//media.digikey.com/photos/Skyetec%20Photos/MFG_SM-M9-CF-UF-V30,%20SM-M9-MH-UF-V30.jpg",753-1014-ND,SM-M9-CF,Skyetek Inc,RFID READER R/W 862-955MHZ MOD,0,0,"Discontinued at Digi-Key","0","25","Bulk","SkyeModule™ M9","Discontinued at Digi-Key","Read/Write","862MHz ~ 955MHz","I²C, SPI, TTL, USB","EPC, ISO 18000-6","Module","Module"
-,//media.digikey.com/Photos/Skyetec%20Photos/SM-M9-MH-UF-V30.JPG,753-1015-ND,SM-M9-MH,Skyetek Inc,RFID READER R/W 862-955MHZ MOD,0,0,"Discontinued at Digi-Key","0","25","Bulk","SkyeModule™ M9","Discontinued at Digi-Key","Read/Write","862MHz ~ 955MHz","I²C, SPI, TTL, USB","EPC, ISO 18000-6","Module","Module"
-,//media.digikey.com/photos/Skyetec%20Photos/Skyetek%20Inc.-SM-M4-00-HF-PA.jpg,753-1017-ND,SM-M4-MH-2.4-067C-T0,Skyetek Inc,RFID READER R/W 13.56MHZ MODULE,0,0,"Discontinued at Digi-Key","0","1","Bulk","SkyeModule™ M4","Discontinued at Digi-Key","Read/Write","13.56MHz","TTL, UART","ISO 14443, ISO 15693","Module","Module"
-,//media.digikey.com/photos/Skyetec%20Photos/Skyetek%20Inc.-SM-M4-00-HF-AC.jpg,753-1018-ND,SM-M4-MH-2.4-0615-T0,Skyetek Inc,RFID READER R/W 13.56MHZ MODULE,0,0,"Discontinued at Digi-Key","0","1","Bulk","SkyeModule™ M4","Discontinued at Digi-Key","Read/Write","13.56MHz","TTL, UART","ISO 14443, ISO 15693","Module","Module"
-,//media.digikey.com/photos/Skyetec%20Photos/Skyetek%20Inc.-SM-M4-00-HF-CP.jpg,753-1019-ND,SM-M4-00-HF-CP,Skyetek Inc,RFID READER R/W 13.56MHZ MODULE,0,0,"Obsolete","0","1","Bulk","SkyeModule™ M4","Obsolete","Read/Write","13.56MHz","TTL, UART","ISO 14443, ISO 15693","Module","Module"
-,-,SM-M1-00-ND,SM-M1-00,Skyetek Inc,RFID READER R/W 13.56MHZ MODULE,0,0,"Discontinued at Digi-Key","0","2","Bulk","SkyeModule™ M1","Discontinued at Digi-Key","Read/Write","13.56MHz","-","ISO 14443, ISO 15693","Module","Module"
-,-,SM-M1-00-I2C-ND,SM-M1-00-I2C,Skyetek Inc,RFID READER R/W 13.56MHZ MODULE,0,0,"Discontinued at Digi-Key","0","2","Bulk","SkyeModule™ M1","Discontinued at Digi-Key","Read/Write","13.56MHz","-","ISO 14443, ISO 15693","Module","Module"
-,-,SM-M1-00-SPI-ND,SM-M1-00-SPI,Skyetek Inc,RFID READER R/W 13.56MHZ MODULE,0,0,"Discontinued at Digi-Key","0","2","Bulk","SkyeModule™ M1","Discontinued at Digi-Key","Read/Write","13.56MHz","-","ISO 14443, ISO 15693","Module","Module"
-,//media.digikey.com/photos/Skyetec%20Photos/SM-M7-00-UF.JPG,753-1021-ND,SM-M7-MH,Skyetek Inc,RFID READER R/W 862-955MHZ MOD,0,0,"Discontinued at Digi-Key","0","1","Bulk","SkyeModule™ M7","Discontinued at Digi-Key","Read/Write","862MHz ~ 955MHz","TTL, UART, USB","EPC, ISO 18000-6","Module","Module"
-,//media.digikey.com/photos/Skyetec%20Photos/SM-M10-MH-UF.jpg,753-1022-ND,SM-MA-MH,Skyetek Inc,RFID READER R/W 860-960MHZ MOD,0,0,"Obsolete","0","1","Bulk","SkyeModule™ M10","Obsolete","Read/Write","860MHz ~ 960MHz","TTL, UART, USB","EPC, ISO 18000-6","Module","Module"
//media.digikey.com/pdf/Data%20Sheets/Skyetek%20PDFs/SR-70-NA.pdf,//media.digikey.com/Photos/Skyetec%20Photos/SR70-00-UHF.jpg,EV-S7-00-ND,EV-S7-00,Skyetek Inc,RFID READER R/W 902-928MHZ UHF,0,0,"Discontinued at Digi-Key","0","1","Bulk","SkyeModule™ SR70","Discontinued at Digi-Key","Read/Write","902MHz ~ 928MHz","USB","EPC, ISO 18000-6","UHF Unit","-"
-,-,"CLRD852,599-ND","CLRD852,599",NXP USA Inc.,RFID READER MIFARE,0,0,"Obsolete","0","1","-","MIFARE®","Obsolete","-","-","-","-","-","-"
-,-,"MFEV852,599-ND","MFEV852,599",NXP USA Inc.,RFID READER READ ONLY 13.56MHZ,0,0,"Obsolete","0","1","Bulk","MIFARE®","Obsolete","Read Only","13.56MHz","-","ISO 14443","-","-"
-,//media.digikey.com/photos/Skyetec%20Photos/SM-GM-UB.jpg,753-1027-ND,SM-GM-UB,Skyetek Inc,RFID READER R/W 13.56MHZ MODULE,0,0,"Discontinued at Digi-Key","0","10","Bulk","SkyeModule™ Gemini","Discontinued at Digi-Key","Read/Write","13.56MHz","I²C, RS 232, SPI, TTL, USB","ISO 14443, NFC","Module","Module"
//media.digikey.com/pdf/Data%20Sheets/Skyetek%20PDFs/novadatasheet-prelim.pdf,//media.digikey.com/Photos/Skyetec%20Photos/MFG_SM-NV-00.jpg,753-1029-ND,SM-NV-00,Skyetek Inc,RFID READER R/W 860-960MHZ MOD,0,0,"Discontinued at Digi-Key","0","1","Bulk","SkyeModule™ Nova","Discontinued at Digi-Key","Read/Write","860MHz ~ 960MHz","I²C, RS 232, SPI, TTL, UART, USB","EPC, ISO 18000-6","Module","Module"
//media.digikey.com/pdf/Data%20Sheets/Skyetek%20PDFs/SuperNova_Br.pdf,//media.digikey.com/Photos/NXP%20Semi%20Photos/MFG_SR-NV-00.jpg,753-1030-ND,SR-SN-00,Skyetek Inc,RFID READER R/W 860-960MHZ MOD,0,0,"Discontinued at Digi-Key","0","1","Bulk","-","Discontinued at Digi-Key","Read/Write","860MHz ~ 960MHz","USB","EPC, ISO 18000-6","Module","-"
-,-,SM-GM-MH-ND,SM-GM-MH,Skyetek Inc,RFID READER R/W 13.56MHZ MOD,0,0,"Discontinued at Digi-Key","0","2","Bulk","-","Discontinued at Digi-Key","Read/Write","13.56MHz","I²C, RS 232, SPI, TTL, USB","ISO 14443, NFC","Module","-"
//media.digikey.com/pdf/Data%20Sheets/Skyetek%20PDFs/SP-IB-00_RG.pdf,-,SP-IB-00-ND,SP-IB-00,Skyetek Inc,RFID READER MODULE,0,0,"Discontinued at Digi-Key","0","1","Bulk","-","Discontinued at Digi-Key","-","-","-","-","Module","-"
//media.digikey.com/pdf/Data%20Sheets/Skyetek%20PDFs/SR-70-NA.pdf,-,SR-70-NA-ND,SR-70-NA,Skyetek Inc,RFID READER R/W 902-928MHZ MOD,0,0,"Discontinued at Digi-Key","0","1","Bulk","-","Discontinued at Digi-Key","Read/Write","902MHz ~ 928MHz","USB","EPC, ISO 18000-6","Module","-"
-,//media.digikey.com/Photos/Seeed%20Technology%20Ltd/MFG_113990043.jpg,113990043-ND,113990043,"Seeed Technology Co., Ltd",RFID READER R/W 125KHZ MODULE,0,0,"Obsolete","0","4","Bulk","-","Obsolete","Read/Write","125kHz","TTL","-","Module","Module"
-,//media.digikey.com/Photos/Seeed%20Technology%20Ltd/MFG_113990041.jpg,113990041-ND,113990041,"Seeed Technology Co., Ltd",RFID READER R/W 125KHZ MODULE,0,0,"Obsolete","0","4","Bulk","-","Obsolete","Read/Write","125kHz","TTL","-","Module","Module"
-,//media.digikey.com/Photos/Seeed%20Technology%20Ltd/MFG_113990022.jpg,113990022-ND,113990022,"Seeed Technology Co., Ltd",RFID READER R/W 13.56MHZ MODULE,0,0,"Obsolete","0","2","Bulk","-","Obsolete","Read/Write","13.56MHz","TTL","ISO 14443, ISO 15693","Module","Module"
https://www.olimex.com/Products/Modules/RFID/MOD-RFID125/resources/MOD-RFID125.pdf,//media.digikey.com/Photos/Olimex%20LTD/MFG_MOD-RFID125.jpg,1188-1202-ND,MOD-RFID125,Olimex LTD,RFID READER READ ONLY 125KHZ,0,0,"Active","0","0","Bulk","-","Active","Read Only","125kHz","TTL, UART, USB","-","Finished Unit","-"
//media.digikey.com/pdf/Data%20Sheets/Seeed%20Technology/113990436_Web.pdf,//media.digikey.com/Photos/Seeed%20Technology%20Ltd/MFG_113990436.jpg,1597-1558-ND,113990436,"Seeed Technology Co., Ltd",RFID READER READ ONLY 13.56MHZ,0,0,"Obsolete","0","2","-","-","Obsolete","Read Only","13.56MHz","TTL","ISO 14443","-","-"
