Datasheets,Image,Digi-Key Part Number,Manufacturer Part Number,Manufacturer,Description,Quantity Available,Factory Stock,Unit Price (USD),@ qty,Minimum Quantity,"Series","Part Status","Type","Color","Size / Dimension"
-,//media.digikey.com/Photos/IXYS%20Photos/ZY180L350.jpg,ZY180L350-ND,ZY180L350,IXYS,X SERIES KEY PLUG W/WIRE 350MM,0,0,"2.08000","0","1","-","Active","Keyed Gate Cathode Twin Plugs","-","-"
//media.digikey.com/pdf/Data%20Sheets/PanaVise%20PDFs/851-00.pdf,//media.digikey.com/Photos/Panavise%20Photos/MFG_851-00.jpg,851-00PV-ND,851-00,Panavise,KNUCKLE W/MALE & FEMALE 1/4- 20,123,0,"15.99000","0","1","-","Active","Knuckle","Black","2.50"" H (63.5mm)"
//media.digikey.com/pdf/Data%20Sheets/PanaVise%20PDFs/727-04.pdf,//media.digikey.com/Photos/Panavise%20Photos/MFG_727-04.jpg,727-04PV-ND,727-04,Panavise,SLIMLINE 4"" RISE KNOB SET SCREW,228,0,"24.99000","0","1","-","Active","Mount","Black","4.00"" H (101.6mm)"
http://www.essentracomponents.com.sg/images-line/pdfs/V-CLIPS.pdf,//media.digikey.com/Photos/Essentra%20Components%20Photos/V-1030.JPG,RPC2144-ND,V-1028,Essentra Components,CLIP SCREW MNT BLACK 1.75"" DIA,355,0,"6.01000","0","1","-","Active","Clips","Black","1.75"" Dia x 1.75"" H (44.4mm x 44.4mm)"
//media.digikey.com/pdf/Data%20Sheets/PanaVise%20PDFs/727-06.pdf,//media.digikey.com/Photos/Panavise%20Photos/MFG_727-06.jpg,727-06PV-ND,727-06,Panavise,SLIMLINE 6"" RISE KNOB SET SM FT,384,0,"29.99000","0","1","-","Active","Mount","Black","6.00"" H (152.4mm)"
//media.digikey.com/pdf/Data%20Sheets/PanaVise%20PDFs/809-AMP.pdf,//media.digikey.com/Photos/Panavise%20Photos/MFG_809-AMP.jpg,809-AMPPV-ND,809-AMP,Panavise,WINDOW MNT W/AMPS PLATE,121,0,"29.99000","0","1","-","Active","Mount","Black","4.50"" H (114.3mm)"
//media.digikey.com/pdf/Data%20Sheets/PanaVise%20PDFs/797-14.pdf,//media.digikey.com/Photos/Panavise%20Photos/MFG_797-14.jpg,797-14PV-ND,797-14,Panavise,UNI-FLEX MNT 14"" RISE-KNOB & SET,340,0,"36.99000","0","1","-","Active","Mount","Black","14.00"" H (355.6mm)"
https://www.te.com/commerce/DocumentDelivery/DDEController?Action=srchrtrv&DocNm=2-1437837-1&DocType=Customer+Drawing&DocLang=English,//media.digikey.com/Photos/TE%20Connectivity/2-1437837-1.jpg,A128513-ND,2-1437837-1,TE Connectivity AMP Connectors,"104684=RR LAMP RETAINER, NAT",4000,0,"0.30000","0","1","-","Active","Retaining Clip","Natural","-"
https://cadlinks.rafhdwe.com/dk2d/M0400-ss/,//media.digikey.com/Photos/RAF%20Electronic%20Hardware/M0400-SS.jpg,1772-3188-ND,M0400-SS,RAF Electronic Hardware,CAPTIVE SCREW SPRING.....,4995,8500,"0.36000","0","1","*","Active","-","-","-"
https://cadlinks.rafhdwe.com/dk2d/M0401-ss/,-,1772-3960-ND,M0401-SS,RAF Electronic Hardware,STAINLESS STEEL SPRING,2500,4358,"0.43000","0","1","*","Active","-","-","-"
http://www.essentracomponents.com/wcsstore7.00.00.1011/ExtendedSitesCatalogAssetStore/images/Web%20Feed%20Documents/std.lang.all/27203.pdf,//media.digikey.com/Photos/Essentra%20Components%20Photos/MFG_20148.jpg,RPC3189-ND,RFRT-D2-152-G2,Essentra Components,DAMPER ROTARY SNAP IN BLK,497,0,"17.36000","0","1","-","Active","Rotary Damper","Black","0.94"" L x 0.59"" W x 0.23"" H (23.9mm x 15.0mm x 5.8mm)"
http://www.taica.co.jp/wp-content/themes/taica/gel_en/imgs/catalog/pro_1702.pdf,-,1880-1090-ND,GC-1,Taica North America Corporation,"SELF-ADHESIVE SILICONE PIECES, T",130,0,"23.33000","0","1","-","Active","Shock Absorption Chip","-","0.39"" L x 0.39"" W x 0.12"" H (10.0mm x 10.0mm x 3.0mm)"
https://b2b-api.panasonic.eu/file_stream/pids/fileversion/3247,//media.digikey.com/Photos/Panasonic%20Photos/MFG_U-VACUA-SERIES.jpg,TZB9830E-ND,TZB9830E,Panasonic Industrial Devices - FBD,VACUUM INSULATION PANELS 1=1PCS,134,0,"20.10000","0","1","U-Vacua™","Active","Vacuum Insulation Panels","-","19.90"" L x 10.20"" W x 0.59"" H (505.5mm x 259.1mm x 15.0mm)"
https://b2b-api.panasonic.eu/file_stream/pids/fileversion/3247,//media.digikey.com/Photos/Panasonic%20Photos/MFG_U-VACUA-SERIES.jpg,TZB9810E-ND,TZB9810E,Panasonic Industrial Devices - FBD,VACUUM INSULATION PANELS 1=1PCS,195,0,"21.44000","0","1","U-Vacua™","Active","Vacuum Insulation Panels","-","18.50"" L x 15.40"" W x 0.59"" H (469.9mm x 391.2mm x 15.0mm)"
-,//media.digikey.com/photos/IXYS%20Photos/ZY200L.JPG,ZY200L340-ND,ZY200L340,IXYS,ACCESSORY GATE WIRE FOR TO-240,296,0,"1.61000","0","1","-","Active","Keyed Gate Cathode Twin Plugs","-","-"
//media.digikey.com/pdf/Data%20Sheets/PanaVise%20PDFs/717-06.pdf,//media.digikey.com/Photos/Panavise%20Photos/MFG_717-06.jpg,717-06PV-ND,717-06,Panavise,SLIMLINE 2000 MNT 6"" KNOB SET,45,0,"18.99000","0","1","-","Active","Mount","Black","6.00"" H (152.4mm)"
//media.digikey.com/pdf/Data%20Sheets/PanaVise%20PDFs/717-09.pdf,//media.digikey.com/Photos/Panavise%20Photos/MFG_717-09.jpg,717-09PV-ND,717-09,Panavise,SLIMLINE 2000 MNT 9"" KNOB SET,90,0,"21.99000","0","1","-","Active","Mount","Black","9.00"" H (228.6mm)"
http://multimedia.3m.com/mws/media/707154O/3m-fire-barrier-plenum-wrap-5a.pdf,//media.digikey.com/Photos/3M%20Photos/MFG_PLENUM-WRAP.jpg,3M156188-ND,PLENUM-WRAP-5A+(24""),3M,FIRE BRR PLENUM WRAP 5A+ 1/2""X24,3,0,"448.61000","0","1","*","Active","Fire Barrier Plenum Wrap","-","-"
//media.digikey.com/pdf/Data%20Sheets/PanaVise%20PDFs/675-BT.pdf,//media.digikey.com/Photos/Panavise%20Photos/MFG_675-BT.jpg,675-BTPV-ND,675-BT,Panavise,MULTI MEDIA MNT NO HRDWRE,67,0,"8.99000","0","1","-","Active","Mount","Black","-"
//media.digikey.com/pdf/Data%20Sheets/PanaVise%20PDFs/909-06.pdf,//media.digikey.com/Photos/Panavise%20Photos/MFG_909-06.jpg,909-06PV-ND,909-06,Panavise,PREMIER SERIES MDT SHAFT ONLY 6"",24,0,"18.99000","0","1","-","Active","Shaft","Black","6.00"" H (152.4mm)"
//media.digikey.com/pdf/Data%20Sheets/PanaVise%20PDFs/845-246.pdf,//media.digikey.com/Photos/Panavise%20Photos/MFG_845-246.jpg,845-246PV-ND,845-246,Panavise,CCTV MICRO DELX 2""4""6"" RISE KNOB,87,0,"19.99000","0","1","-","Active","Mount","Black","-"
//media.digikey.com/pdf/Data%20Sheets/PanaVise%20PDFs/651-TS.pdf,//media.digikey.com/Photos/Panavise%20Photos/MFG_651-TS.jpg,651-TSPV-ND,651-TS,Panavise,T-BOLT HEAD KNUCKLE ASSEM BASE,18,0,"19.99000","0","1","-","Active","Knuckle","Black","2.50"" H (63.5mm)"
-,//media.digikey.com/Photos/Panavise%20Photos/MFG_105108B.jpg,105108BPV-ND,105108B,Panavise,SPEAKER STUD MOUNT BLACK,28,0,"22.99000","0","1","-","Active","-","Black","-"
//media.digikey.com/pdf/Data%20Sheets/PanaVise%20PDFs/883-03.pdf,//media.digikey.com/Photos/Panavise%20Photos/MFG_883-03.jpg,883-03PV-ND,883-03,Panavise,CCTV DUAL OPTION 3"" RISE KNOB,23,0,"25.99000","0","1","-","Active","Knuckle","Black","3.00"" H (76.2mm)"
//media.digikey.com/pdf/Data%20Sheets/PanaVise%20PDFs/336MDT.pdf,//media.digikey.com/Photos/Panavise%20Photos/MFG_336MDT.jpg,336MDTPV-ND,336MDT,Panavise,MDT BASE/HEAD - 0/90 TILT,42,0,"26.99000","0","1","-","Active","Base","Black","-"
//media.digikey.com/pdf/Data%20Sheets/PanaVise%20PDFs/899-06.pdf,//media.digikey.com/Photos/Panavise%20Photos/MFG_899-06.jpg,899-06PV-ND,899-06,Panavise,PASS THRU J-BOX STANDARD MNT BLK,33,0,"27.49000","0","1","-","Active","Mount","Black","6.00"" H (152.4mm)"
//media.digikey.com/pdf/Data%20Sheets/PanaVise%20PDFs/883-06.pdf,//media.digikey.com/Photos/Panavise%20Photos/MFG_883-06.jpg,883-06PV-ND,883-06,Panavise,CCTV DUAL OPTION 6"" RISE KNOB,23,0,"27.99000","0","1","-","Active","Mount","Black","6.00"" H (152.4mm)"
//media.digikey.com/pdf/Data%20Sheets/PanaVise%20PDFs/Prod%20Cat%202006.pdf#page=57,//media.digikey.com/Photos/Panavise%20Photos/MFG_305MDT.jpg,305MDTPV-ND,305MDT,Panavise,MOUNT BASE HEAD 90DEG W/MTG FOOT,42,0,"28.99000","0","1","-","Active","Base","Black","-"
//media.digikey.com/PDF/Data%20Sheets/PanaVise%20PDFs/809.pdf,//media.digikey.com/Photos/Panavise%20Photos/MFG_809.jpg,809PV-ND,809,Panavise,CAMERA WINDOW MNT W 1/4-20 STUD,54,0,"29.99000","0","1","-","Active","Mount","Black","4.50"" H (114.3mm)"
//media.digikey.com/PDF/Data%20Sheets/PanaVise%20PDFs/336-V75.pdf,//media.digikey.com/Photos/Panavise%20Photos/MFG_336-V75.jpg,336-V75PV-ND,336-V75,Panavise,75MM FLAT SCREEN BASE MOUNT,6,0,"32.99000","0","1","-","Active","Base","Black","-"
//media.digikey.com/pdf/Data%20Sheets/PanaVise%20PDFs/400MDT.pdf,//media.digikey.com/Photos/Panavise%20Photos/MFG_400MDT.jpg,400MDTPV-ND,400MDT,Panavise,MDT BASE - 0/90 TILT,22,0,"49.99000","0","1","-","Active","Base","Black","4.09"" L x 4.09"" W (103.9mm x 103.9mm)"
https://assets.tripplite.com/submittal-drawing/ddr1327sdd-submittal-drawing-en.pdf,-,TL2025-ND,DDR1327SDD,Tripp Lite,DUAL-MONITOR DESKTOP MOUNT STAND,2,0,"86.25000","0","1","-","Active","Mount","Black","10.00"" L x 31.69"" W x 18.11"" H (254.0mm x 804.9mm x 460.0mm)"
https://assets.tripplite.com/submittal-drawing/dmr1024x2-submittal-drawing-en.pdf,-,TL2026-ND,DMR1024X2,Tripp Lite,DUAL FLAT-PANEL RAIL WALL MOUNT,6,0,"192.54000","0","1","-","Active","Mount","Silver","3.35"" L x 50.00"" W x 4.72"" H (85.1mm x 1270.0mm x 119.9mm)"
http://multimedia.3m.com/mws/media/707154O/3m-fire-barrier-plenum-wrap-5a.pdf,//media.digikey.com/Photos/3M%20Photos/MFG_PLENUM-WRAP.jpg,3M156189-ND,PLENUM-WRAP-5A+(48""),3M,FIRE BRR PLENUM WRAP 5A+ 1/2""X48,6,0,"448.61000","0","1","*","Active","Fire Barrier Plenum Wrap","-","-"
https://cadlinks.rafhdwe.com/dk2d/7228-b-b/,-,1772-3951-ND,7228-B-B,RAF Electronic Hardware,CHASSIS FASTENER 4-40 THREAD,300,13216,"2.49000","0","1","-","Active","Round Standoff","-","-"
https://cadlinks.rafhdwe.com/dk2d/7229-d-al/,-,1772-3029-ND,7229-D-AL,RAF Electronic Hardware,CHASSIS FASTENER 6-32 THREAD,500,3950,"3.05000","0","1","-","Active","Round Standoff","-","-"
http://www.essentracomponents.com.sg/images-line/pdfs/RFRT-G2-XXXGX.pdf,//media.digikey.com/photos/Essentra%20Components%20Photos/MFG_RFRT-G2-101-G1.jpg,RPC3190-ND,RFRT-G2-101-G1,Essentra Components,DAMPER ROTARY SNAP IN BLK,82,0,"3.20000","0","1","-","Active","Rotary Damper","Black","0.94"" L x 0.59"" W x 0.26"" H (23.9mm x 15.0mm x 6.6mm)"
https://multimedia.3m.com/mws/media/201513O/3mtmfire-barrier-moldable-putty-pads-mpp-product-data-sheet.pd,//media.digikey.com/Photos/3M%20Photos/MFG_MPP+4X8.jpg,3M161867-ND,MPP+7X7,3M,FIRE BARRIER MOLDABLE PUTTY PADS,77,0,"8.24000","0","1","*","Active","Fire Barrier Moldable Putty","-","-"
https://multimedia.3m.com/mws/media/201513O/3mtmfire-barrier-moldable-putty-pads-mpp-product-data-sheet.pd,//media.digikey.com/Photos/3M%20Photos/MFG_MPP+4X8.jpg,3M161866-ND,MPP+4X8,3M,FIRE BARRIER MOLDABLE PUTTY PADS,100,0,"10.07000","0","1","*","Active","Fire Barrier Moldable Putty","-","-"
https://multimedia.3m.com/mws/media/201513O/3mtmfire-barrier-moldable-putty-pads-mpp-product-data-sheet.pd,-,3M161868-ND,MPP+9.5X9.5,3M,FIRE BARRIER MOLDABLE PUTTY PADS,46,0,"15.35000","0","1","*","Active","Fire Barrier Moldable Putty","-","-"
https://multimedia.3m.com/mws/media/695099O/3mtm-fire-block-foam-fb-foam.pdf?fn=3MFireBlockFoam_PDS_4627-9.pdf,//media.digikey.com/Photos/3M%20Photos/MFG_54907.jpg,3M159689-ND,54907,3M,"FIRE BLOCK FOAM FB-FOAM, ORANGE,",36,0,"18.92000","0","1","-","Active","Fire Barrier Foam","Orange","-"
https://multimedia.3m.com/mws/media/201492O/3m-fire-barrier-pillow.pdf,-,3M157177-ND,FB249,3M,FIRE BARRIER PILLOWS SML 2""X4""X9,24,0,"19.71000","0","1","*","Active","Fire Barrier Pillow","-","-"
http://www.taica.co.jp/wp-content/themes/taica/gel_en/imgs/catalog/pro_1702.pdf,-,1880-1098-ND,GT-1,Taica North America Corporation,"SELF-ADHESIVE SILICONE STRIP, T1",33,0,"20.52000","0","1","-","Active","Shock Absorption Tape","-","39.37"" L x 0.39"" W x 0.04"" H (1000.0mm x 10.0mm x 1.0mm)"
-,-,3M162387-ND,ULTRA-PPD3,3M,FIRE BARRIER ULTRA PPD 3.0,10,0,"20.96000","0","1","*","Active","Fire Barrier Plastic Pipe Device","-","-"
-,-,3M161864-ND,MP+STICK,3M,FIRE BARRIER MP+ STICK IN TUBE,24,0,"21.21000","0","1","*","Active","Fire Barrier Moldable Putty","-","-"
https://multimedia.3m.com/mws/media/201492O/3m-fire-barrier-pillow.pdf,-,3M161243-ND,FB269,3M,FIRE BARRIER PILLOWS MD 2""X6""X9,16,0,"23.04000","0","1","*","Active","Fire Barrier Pillow","-","-"
https://multimedia.3m.com/mws/media/201492O/3m-fire-barrier-pillow.pdf,-,3M161245-ND,FB369,3M,FIRE BARRIER PILLOWS LGE 3""X6""X9,20,0,"26.09000","0","1","*","Active","Fire Barrier Pillow","-","-"
https://assets.tripplite.com/submittal-drawing/dwt1327s-submittal-drawing-en.pdf,//media.digikey.com/Photos/Tripplite%20Photos/MFG_DWT1327S.jpg,TL2031-ND,DWT1327S,Tripp Lite,TV WALL MOUNT,33,0,"27.04000","0","1","DWT","Active","Mount","Black","-"
https://multimedia.3m.com/mws/media/201492O/3m-fire-barrier-pillow.pdf,-,3M161242-ND,FB249-SL,3M,FIRE BARRIER PILLOWS SML 2""X4""X9,24,0,"27.67000","0","1","*","Active","Fire Barrier Pillow","-","-"
http://www.taica.co.jp/wp-content/themes/taica/gel_en/imgs/catalog/pro_1702.pdf,-,1880-1091-ND,GC-2,Taica North America Corporation,"SELF-ADHESIVE SILICONE PIECES, T",35,0,"28.94000","0","1","-","Active","Shock Absorption Chip","-","0.39"" L x 0.39"" W x 0.20"" H (10.0mm x 10.0mm x 5.0mm)"
-,-,3M162001-ND,PM4-BULK,3M,FIRE BARRIER PG MATE PM4 4""X20.5,9,0,"29.31000","0","1","*","Active","Fire Barrier Packing Material","-","-"
https://multimedia.3m.com/mws/media/751181O/3mtm-fire-barrier-moldable-putty-stix-mp-product-data-sheet.pdf,-,3M161863-ND,MP+1.4X11,3M,FIRE BARRIER MOLDABLE PUTTY STIX,29,0,"30.76000","0","1","*","Active","Fire Barrier Moldable Putty","-","-"
http://www.taica.co.jp/wp-content/themes/taica/gel_en/imgs/catalog/pro_1702.pdf,-,1880-1100-ND,GT-3,Taica North America Corporation,"SELF-ADHESIVE SILICONE STRIP, T2",17,0,"32.40000","0","1","-","Active","Shock Absorption Tape","-","39.37"" L x 0.39"" W x 0.08"" H (1000.0mm x 10.0mm x 2.0mm)"
https://multimedia.3m.com/mws/media/201492O/3m-fire-barrier-pillow.pdf,-,3M161246-ND,FB369-SL,3M,FIRE BARRIER PILLOWS LGE 3""X6""X9,20,0,"32.77000","0","1","*","Active","Fire Barrier Pillow","-","-"
https://multimedia.3m.com/mws/media/201492O/3m-fire-barrier-pillow.pdf,-,3M161244-ND,FB269-SL,3M,FIRE BARRIER PILLOWS MD 2""X6""X9,16,0,"35.37000","0","1","*","Active","Fire Barrier Pillow","-","-"
http://www.taica.co.jp/wp-content/themes/taica/gel_en/imgs/catalog/pro_1702.pdf,-,1880-1099-ND,GT-2,Taica North America Corporation,"SELF-ADHESIVE SILICONE STRIP, T1",10,0,"36.29000","0","1","-","Active","Shock Absorption Tape","-","39.37"" L x 0.79"" W x 0.04"" H (1000.0mm x 20.0mm x 1.0mm)"
http://www.taica.co.jp/wp-content/themes/taica/gel_en/imgs/catalog/pro_1702.pdf,-,1880-1092-ND,GC-3,Taica North America Corporation,"SELF-ADHESIVE SILICONE PIECES, T",15,0,"37.15000","0","1","-","Active","Shock Absorption Chip","-","0.59"" L x 0.59"" W x 0.12"" H (15.0mm x 15.0mm x 3.0mm)"
https://assets.tripplite.com/product-pdfs/en/dctm.pdf,//media.digikey.com/Photos/Tripplite%20Photos/MFG_DCTM.jpg,TL1424-ND,DCTM,Tripp Lite,TV DESK MNT,20,0,"40.23000","0","1","DCTM","Active","Mount","Black","38.00"" L x 6.30"" W x 5.40"" H (965.2mm x 160.0mm x 117.2mm)"
http://www.taica.co.jp/wp-content/themes/taica/gel_en/imgs/catalog/pro_1702.pdf,-,1880-1102-ND,GT-5,Taica North America Corporation,"SELF-ADHESIVE SILICONE STRIP, T3",100,0,"41.90000","0","1","-","Active","Shock Absorption Tape","-","39.37"" L x 0.39"" W x 0.12"" H (1000.0mm x 10.0mm x 3.0mm)"
http://www.taica.co.jp/wp-content/themes/taica/gel_en/imgs/catalog/pro_1702.pdf,-,1880-1093-ND,GC-4,Taica North America Corporation,"SELF-ADHESIVE SILICONE PIECES, T",15,0,"42.77000","0","1","-","Active","Shock Absorption Chip","-","0.59"" L x 0.59"" W x 0.20"" H (15.0mm x 15.0mm x 5.0mm)"
https://assets.tripplite.com/submittal-drawing/dwf2655x-submittal-drawing-en.pdf,//media.digikey.com/Photos/Tripplite%20Photos/MFG_DWF2655X.jpg,TL2027-ND,DWF2655X,Tripp Lite,TV WALL MOUNT,9,0,"43.76000","0","1","DWF","Active","Mount","Black","-"
http://www.taica.co.jp/wp-content/themes/taica/gel_en/imgs/catalog/pro_1702.pdf,-,1880-1095-ND,GC-6,Taica North America Corporation,"SELF-ADHESIVE SILICONE PIECES, T",70,0,"45.15000","0","1","-","Active","Shock Absorption Chip","-","0.79"" L x 0.79"" W x 0.12"" H (20.0mm x 20.0mm x 3.0mm)"
https://assets.tripplite.com/submittal-drawing/dwm1327se-submittal-drawing-en.pdf,//media.digikey.com/Photos/Tripplite%20Photos/MFG_DWM1327SE.jpg,TL2028-ND,DWM1327SE,Tripp Lite,TV WALL MOUNT,17,0,"46.08000","0","1","DWM","Active","Mount","Black","-"
http://www.taica.co.jp/wp-content/themes/taica/gel_en/imgs/catalog/pro_1702.pdf,-,1880-1101-ND,GT-4,Taica North America Corporation,"SELF-ADHESIVE SILICONE STRIP, T2",10,0,"46.83000","0","1","-","Active","Shock Absorption Tape","-","39.37"" L x 0.79"" W x 0.08"" H (1000.0mm x 20.0mm x 2.0mm)"
http://www.taica.co.jp/wp-content/themes/taica/gel_en/imgs/catalog/pro_1702.pdf,//media.digikey.com/Photos/Taica-North-America/TAICA-SAMPLE-KIT-01.JPG,1880-1134-ND,TAICA-SAMPLE-KIT-01,Taica North America Corporation,TAICA SAMPLE KIT,46,0,"49.00000","0","1","*","Active","-","-","-"
http://www.taica.co.jp/wp-content/themes/taica/gel_en/imgs/catalog/pro_1702.pdf,-,1880-1096-ND,GC-7,Taica North America Corporation,"SELF-ADHESIVE SILICONE PIECES, T",30,0,"52.92000","0","1","-","Active","Shock Absorption Chip","-","0.79"" L x 0.79"" W x 0.20"" H (20.0mm x 20.0mm x 5.0mm)"
http://www.taica.co.jp/wp-content/themes/taica/gel_en/imgs/catalog/pro_1702.pdf,-,1880-1103-ND,GT-6,Taica North America Corporation,"SELF-ADHESIVE SILICONE STRIP, T3",57,0,"55.44000","0","1","-","Active","Shock Absorption Tape","-","39.37"" L x 0.79"" W x 0.12"" H (1000.0mm x 20.0mm x 3.0mm)"
http://www.taica.co.jp/wp-content/themes/taica/gel_en/imgs/catalog/pro_1702.pdf,-,1880-1094-ND,GC-5,Taica North America Corporation,"SELF-ADHESIVE SILICONE PIECES, T",48,0,"60.48000","0","1","-","Active","Shock Absorption Chip","-","0.59"" L x 0.59"" W x 0.39"" H (15.0mm x 15.0mm x 10.0mm)"
https://assets.tripplite.com/product-pdfs/en/dcpu1.pdf,//media.digikey.com/Photos/Tripplite%20Photos/MFG_DCPU1.jpg,TL1423-ND,DCPU1,Tripp Lite,TV DESK MNT,10,0,"64.95000","0","1","DCP","Active","Mount","Gray","-"
http://www.taica.co.jp/wp-content/themes/taica/gel_en/imgs/catalog/pro_1702.pdf,-,1880-1097-ND,GC-8,Taica North America Corporation,"SELF-ADHESIVE SILICONE PIECES, T",17,0,"79.17000","0","1","-","Active","Shock Absorption Chip","-","0.79"" L x 0.79"" W x 0.39"" H (20.0mm x 20.0mm x 10.0mm)"
-,-,3M161170-ND,E-FIS,3M,FIRE BARRIER E-FIS 1/2"" X 50',10,0,"79.69000","0","1","*","Active","Intumescent Strip","-","-"
https://multimedia.3m.com/mws/media/893998O/3mtm-fire-barrier-rated-foam-fip-1step-faq.pdf,-,3M161271-ND,FIP,3M,"FIRE BARRIER RATED FOAM, FIP 1-S",12,0,"89.47000","0","1","FIP 1-Step","Active","Fire Barrier Foam","-","-"
http://www.taica.co.jp/wp-content/themes/taica/gel_en/imgs/catalog/pro_1702.pdf,//media.digikey.com/Photos/Taica-North-America/SN-50.JPG,1880-1132-ND,SN-50,Taica North America Corporation,"SILICONE SHEET, VIBRATION DAMPIN",10,0,"98.53000","0","1","-","Active","Shock Absorption Sheet","Blue","3.94"" L x 3.94"" W x 0.28"" H (100.0mm x 100.0mm x 7.0mm)"
http://www.taica.co.jp/wp-content/themes/taica/gel_en/imgs/catalog/pro_1702.pdf,//media.digikey.com/Photos/Taica-North-America/SN-15.JPG,1880-1129-ND,SN-15,Taica North America Corporation,"SILICONE SHEET, VIBRATION DAMPIN",9,0,"98.53000","0","1","-","Active","Shock Absorption Sheet","Orange","3.94"" L x 3.94"" W x 0.28"" H (100.0mm x 100.0mm x 7.0mm)"
http://www.taica.co.jp/wp-content/themes/taica/gel_en/imgs/catalog/pro_1702.pdf,//media.digikey.com/Photos/Taica-North-America/SN-5.JPG,1880-1131-ND,SN-5,Taica North America Corporation,"SILICONE SHEET, VIBRATION DAMPIN",9,0,"98.53000","0","1","-","Active","Shock Absorption Sheet","Green","3.94"" L x 3.94"" W x 0.28"" H (100.0mm x 100.0mm x 7.0mm)"
http://www.taica.co.jp/wp-content/themes/taica/gel_en/imgs/catalog/pro_1702.pdf,//media.digikey.com/Photos/Taica-North-America/SN-2.JPG,1880-1130-ND,SN-2,Taica North America Corporation,"SILICONE SHEET, VIBRATION DAMPIN",8,0,"98.53000","0","1","-","Active","Shock Absorption Sheet","Yellow","3.94"" L x 3.94"" W x 0.28"" H (100.0mm x 100.0mm x 7.0mm)"
https://multimedia.3m.com/mws/media/446190O/3m-fire-barrier-pass-through-technical-data-sheet.pdf,-,3M162030-ND,PT4SD,3M,FIRE BARRIER PASS-THROUGH DEVICE,4,0,"158.48000","0","1","-","Active","Fire Barrier Pass Through Device","-","-"
https://multimedia.3m.com/mws/media/446190O/3m-fire-barrier-pass-through-technical-data-sheet.pdf,-,3M162029-ND,PT4RD,3M,FIRE BARRIER PASS-THROUGH DEVICE,25,0,"167.15000","0","1","-","Active","Fire Barrier Pass Through Device","-","-"
https://assets.tripplite.com/submittal-drawing/dwm60100xx-submittal-drawing-en.pdf,//media.digikey.com/Photos/Tripplite%20Photos/MFG_DWM60100XX.jpg,TL2030-ND,DWM60100XX,Tripp Lite,TV WALL MOUNT,2,0,"199.60000","0","1","DWM","Active","Mount","Black","36.50"" L x 24.62"" W x 24.20"" H (927.1mm x 625.3mm x 614.7mm)"
https://us.schurter.com/pdf/english/typ_TS-701.pdf,-,486-5900-ND,A-0701-HT,Schurter Inc.,LARGE ROUND METAL,300,0,"0.32000","0","1","-","Active","-","-","-"
https://b2b-api.panasonic.eu/file_stream/pids/fileversion/3247,//media.digikey.com/Photos/Panasonic%20Photos/MFG_U-VACUA-SERIES.jpg,TZB9860E-ND,TZB9860E,Panasonic Industrial Devices - FBD,VACUUM INSULATION PANELS 1=1PCS,94,0,"21.76000","0","1","U-Vacua™","Active","Vacuum Insulation Panels","-","20.70"" L x 11.80"" W x 0.59"" H (525.8mm x 299.7mm x 15.0mm)"
https://b2b-api.panasonic.eu/file_stream/pids/fileversion/3247,//media.digikey.com/Photos/Panasonic%20Photos/MFG_U-VACUA-SERIES.jpg,TZB9850E-ND,TZB9850E,Panasonic Industrial Devices - FBD,VACUUM INSULATION PANELS 1=1PCS,99,0,"29.49000","0","1","U-Vacua™","Active","Vacuum Insulation Panels","-","23.40"" L x 22.40"" W x 0.59"" H (594.4mm x 569.0mm x 15.0mm)"
https://b2b-api.panasonic.eu/file_stream/pids/fileversion/3247,//media.digikey.com/Photos/Panasonic%20Photos/MFG_U-VACUA-SERIES.jpg,TZB9820E-ND,TZB9820E,Panasonic Industrial Devices - FBD,VACUUM INSULATION PANELS 1=1PCS,96,0,"36.40000","0","1","U-Vacua™","Active","Vacuum Insulation Panels","-","37.80"" L x 16.10"" W x 0.59"" H (960.1mm x 408.9mm x 15.0mm)"
//media.digikey.com/pdf/Data%20Sheets/PanaVise%20PDFs/709B.pdf,//media.digikey.com/Photos/Panavise%20Photos/MFG_709B.jpg,709BPV-ND,709B,Panavise,WINDOW GRIP DELUXE - TELESCOPING,18,0,"39.99000","0","1","-","Active","Mount","-","-"
https://b2b-api.panasonic.eu/file_stream/pids/fileversion/3247,//media.digikey.com/Photos/Panasonic%20Photos/MFG_U-VACUA-SERIES.jpg,TZB9840E-ND,TZB9840E,Panasonic Industrial Devices - FBD,VACUUM INSULATION PANELS 1=1PCS,50,0,"48.96000","0","1","U-Vacua™","Active","Vacuum Insulation Panels","-","38.20"" L x 26.40"" W x 0.59"" H (970.3mm x 670.6mm x 15.0mm)"
-,//media.digikey.com/Photos/IXYS%20Photos/ZY180R350.jpg,ZY180R350-ND,ZY180R350,IXYS,X SER KEY PLUG W/WIRE 350MM RED,0,0,"2.08000","0","1","-","Active","Keyed Gate Cathode Twin Plugs","-","-"
-,//media.digikey.com/photos/IXYS%20Photos/ZY200R.JPG,ZY200R340-ND,ZY200R340,IXYS,ACCESSORY GATE WIRE FOR TO-240,0,0,"1.61000","0","1","-","Active","Keyed Gate Cathode Twin Plugs","-","-"
https://www.phoenixcontact.com/pxc-oc-itemdetail-pdf-web/eshop?lineItemType=LineItem&UID=2320458,//media.digikey.com/Photos/Phoenix%20Photos/MFG_2320458.jpg,277-14622-ND,2320458,Phoenix Contact,BATTERY MOUNTING CASE,1,27,"283.77000","0","1","-","Active","Holder","White","18.27"" L x 8.07"" W x 7.91"" H (464.0mm x 205.0mm x 201.0mm)"
//media.digikey.com/pdf/Data%20Sheets/PanaVise%20PDFs/861.pdf,//media.digikey.com/Photos/Panavise%20Photos/MFG_861.jpg,861PV-ND,861,Panavise,CCTV SQUARE BASE 2.5 X 2.5 BLK,0,0,"5.99000","0","1","-","Active","Base","Black","2.50"" x 2.50"" (63.5mm x 63.5mm)"
//media.digikey.com/pdf/Data%20Sheets/PanaVise%20PDFs/856-03.pdf,//media.digikey.com/Photos/Panavise%20Photos/MFG_856-03.jpg,856-03PV-ND,856-03,Panavise,SHAFT 3"" W/ MALE & FEMALE 1/4-20,8,0,"12.99000","0","1","-","Active","Shaft","Black","3.00"" H (76.2mm)"
//media.digikey.com/pdf/Data%20Sheets/PanaVise%20PDFs/651-S.pdf,//media.digikey.com/Photos/Panavise%20Photos/MFG_651-S.jpg,651-SPV-ND,651-S,Panavise,1/4-20 STUD KNUCKLE ASSEM-BASE,25,0,"16.99000","0","1","-","Active","Knuckle","Black","2.50"" H (63.5mm)"
//media.digikey.com/pdf/Data%20Sheets/PanaVise%20PDFs/864W.pdf,//media.digikey.com/Photos/Panavise%20Photos/MFG_864W.jpg,864WPV-ND,864W,Panavise,CCTV MAGNET BASE - WHITE,6,0,"16.99000","0","1","-","Active","Base","Cream","2.75"" Dia x 0.39"" H (69.8mm x 9.8mm)"
//media.digikey.com/pdf/Data%20Sheets/PanaVise%20PDFs/827-09.pdf,//media.digikey.com/Photos/Panavise%20Photos/MFG_827-09.jpg,827-09PV-ND,827-09,Panavise,CCTV DELUXE 9"" RISE KNOB SET BLK,5,0,"30.99000","0","1","-","Active","Mount","Black","0.88"" Dia x 9.00"" L (22.2mm x 228.6mm)"
//media.digikey.com/pdf/Data%20Sheets/PanaVise%20PDFs/883-T.pdf,//media.digikey.com/Photos/Panavise%20Photos/MFG_883-T.jpg,883-TPV-ND,883-T,Panavise,CCTV DUAL OPTION TELESCOPING,0,0,"45.99000","0","1","-","Active","Mount","Black","-"
-,-,3M162501-ND,08379,3M,FIRE BARRIER ULTRA PPD 2.0,10,0,"15.89000","0","1","*","Active","Fire Barrier Plastic Pipe Device","-","-"
//media.digikey.com/pdf/Data%20Sheets/PanaVise%20PDFs/Prod%20Cat%202006.pdf#page=43,//media.digikey.com/Photos/Panavise%20Photos/MFG_960-09.jpg,960-09PV-ND,960-09,Panavise,MOUNT FLAT BASE PLATE 9"" RISE,4,0,"33.99000","0","1","-","Active","Mount","Black","9.00"" H (228.6mm)"
-,-,3M162585-ND,DT100,3M,FIRE BARRIER PUTTY SLEEVE DT 100,4,0,"47.86000","0","1","*","Active","Fire Barrier Putty Sleeve","-","-"
-,-,3M162586-ND,DT200,3M,FIRE BARRIER PUTTY SLEEVE DT 200,3,0,"64.37000","0","1","*","Active","Fire Barrier Putty Sleeve","-","-"
-,-,3M161159-ND,DT400,3M,FIRE BARRIER PUTTY SLEEVE DT 400,1,0,"125.05000","0","1","*","Active","Fire Barrier Putty Sleeve","-","-"
https://assets.tripplite.com/submittal-drawing/dwt60100xx-submittal-drawing-en.pdf,//media.digikey.com/Photos/Tripplite%20Photos/MFG_DWT60100XX.jpg,TL2032-ND,DWT60100XX,Tripp Lite,TV WALL MOUNT,1,0,"148.06000","0","1","DWT","Active","Mount","Black","-"
-,-,3M161107-ND,CS-195+/BX16X28,3M,FIRE BARRIER COMPOSITE SHEET 16"",1,0,"177.72000","0","1","*","Active","Fire Barrier Composite Sheet","-","-"
-,-,3M161108-ND,CS-195+/BX36X24,3M,FIRE BARRIER COMPOSITE SHEET 36"",1,0,"296.96000","0","1","*","Active","Fire Barrier Composite Sheet","-","-"
-,-,3M161109-ND,CS-195+/BX36X36,3M,FIRE BARRIER COMPOSITE SHEET 36"",1,0,"417.74000","0","1","*","Active","Fire Barrier Composite Sheet","-","-"
-,-,3M161160-ND,E-5A-4,3M,ENDOTHERMIC MAT 24.5"" X 20',1,0,"1008.80000","0","1","*","Active","-","-","-"
//media.digikey.com/pdf/Data%20Sheets/Richco%20Inc%20PDFs/ML_Series.pdf,-,ML-S-1BK-ND,ML-S-1BK,Essentra Components,MAGNETIC LATCH SMALL BLACK,0,0,"0.01700","0","10","ML","Active","Latch","Black","0.93"" L x 0.30"" W (23.6mm x 7.7mm)"
//media.digikey.com/pdf/Data%20Sheets/Richco%20Inc%20PDFs/ML_Series.pdf,//media.digikey.com/photos/Richco%20Photos/ML-L-1.JPG,RP923-ND,ML-L-1,Essentra Components,MAGNETIC LATCH LARGE WHITE,0,0,"0.01750","0","20","ML","Active","Latch","White","2.30"" L x 0.43"" W (58.5mm x 11.0mm)"
//media.digikey.com/pdf/Data%20Sheets/Richco%20Inc%20PDFs/ML_Series.pdf,//media.digikey.com/photos/Richco%20Photos/ML-L-1BK.JPG,RP924-ND,ML-L-1BK,Essentra Components,MAGNETIC LATCH LARGE BLACK,0,0,"0.01900","0","20","ML","Active","Latch","Black","2.30"" L x 0.43"" W (58.5mm x 11.0mm)"
-,-,ZY180LM-ND,ZY180LM,IXYS,X SERIES KEY PLUG W/WIRE,0,0,"0.67000","0","1","-","Active","Keyed Gate Cathode Twin Plugs","-","-"
-,-,ZY180RM-ND,ZY180RM,IXYS,X SERIES KEY PLUG W/WIRE,0,0,"0.67000","0","1","-","Active","Keyed Gate Cathode Twin Plugs","-","-"
-,-,ZY200LM-ND,ZY200LM,IXYS,X SERIES KEY PLUG W/WIRE,0,0,"0.67000","0","1","-","Active","Keyed Gate Cathode Twin Plugs","-","-"
-,-,ZY200RM-ND,ZY200RM,IXYS,X SERIES KEY PLUG W/WIRE,0,0,"0.67000","0","1","-","Active","Keyed Gate Cathode Twin Plugs","-","-"
http://www.essentracomponents.com.sg/images-line/pdfs/RFRT-PNX.pdf,-,RFRT-PN4-ND,RFRT-PN4,Essentra Components,DAMPER ROTARY SNAP IN BLK,0,0,"0.73714","0","1000","-","Active","Rotary Damper","Black","0.94"" L x 0.59"" W x 0.30"" H (23.9mm x 15.0mm x 7.6mm)"
http://www.essentracomponents.com.sg/images-line/pdfs/RFRT-PNX.pdf,-,RFRT-PN6-ND,RFRT-PN6,Essentra Components,DAMPER ROTARY SNAP IN BLUE,0,0,"0.78321","0","1000","-","Active","Rotary Damper","Black","0.94"" L x 0.59"" W x 0.30"" H (23.9mm x 15.0mm x 7.6mm)"
http://www.essentracomponents.com.sg/images-line/pdfs/RFRT-G2-XXXGX.pdf,-,RFRT-G2-200-G1-ND,RFRT-G2-200-G1,Essentra Components,DAMPER ROTARY SNAP IN BLK,0,0,"2.32141","0","1000","-","Active","Rotary Damper","Black","0.94"" L x 0.59"" W x 0.26"" H (23.9mm x 15.0mm x 6.6mm)"
http://www.essentracomponents.com.sg/images-line/pdfs/RFRT-G2-XXXGX.pdf,-,RFRT-G2-200-G2-ND,RFRT-G2-200-G2,Essentra Components,DAMPER ROTARY SNAP IN BLK,0,0,"2.32141","0","1000","-","Active","Rotary Damper","Black","0.94"" L x 0.59"" W x 0.23"" H (23.9mm x 15.0mm x 5.8mm)"
http://www.essentracomponents.com.sg/images-line/pdfs/RFRT-G2-XXXGX.pdf,-,RFRT-G2-200-G3-ND,RFRT-G2-200-G3,Essentra Components,DAMPER ROTARY SNAP IN BLK,0,0,"2.32141","0","1000","-","Active","Rotary Damper","Black","0.94"" L x 0.59"" W x 0.26"" H (23.9mm x 15.0mm x 6.6mm)"
http://www.essentracomponents.com.sg/images-line/pdfs/RFRT-G2-XXXGX.pdf,-,RFRT-G2-300-G1-ND,RFRT-G2-300-G1,Essentra Components,DAMPER ROTARY SNAP IN BLK,0,0,"2.32374","0","1000","-","Active","Rotary Damper","Black","0.94"" L x 0.59"" W x 0.26"" H (23.9mm x 15.0mm x 6.6mm)"
http://www.essentracomponents.com.sg/images-line/pdfs/RFRT-G2-XXXGX.pdf,-,RFRT-G2-300-G2-ND,RFRT-G2-300-G2,Essentra Components,DAMPER ROTARY SNAP IN BLK,0,0,"2.32374","0","1000","-","Active","Rotary Damper","Black","0.94"" L x 0.59"" W x 0.23"" H (23.9mm x 15.0mm x 5.8mm)"
http://www.essentracomponents.com.sg/images-line/pdfs/RFRT-G2-XXXGX.pdf,-,RFRT-G2-300-G3-ND,RFRT-G2-300-G3,Essentra Components,DAMPER ROTARY SNAP IN BLK,0,0,"2.32374","0","1000","-","Active","Rotary Damper","Black","0.94"" L x 0.59"" W x 0.26"" H (23.9mm x 15.0mm x 6.6mm)"
http://www.essentracomponents.com.sg/images-line/pdfs/RFRT-G2-XXXGX.pdf,-,RFRT-G2-450-G1-ND,RFRT-G2-450-G1,Essentra Components,DAMPER ROTARY SNAP IN BLK,0,0,"2.32608","0","1000","-","Active","Rotary Damper","Black","0.94"" L x 0.59"" W x 0.26"" H (23.9mm x 15.0mm x 6.6mm)"
http://www.essentracomponents.com.sg/images-line/pdfs/RFRT-G2-XXXGX.pdf,-,RFRT-G2-450-G2-ND,RFRT-G2-450-G2,Essentra Components,DAMPER ROTARY SNAP IN BLK,0,0,"2.32608","0","1000","-","Active","Rotary Damper","Black","0.94"" L x 0.59"" W x 0.23"" H (23.9mm x 15.0mm x 5.8mm)"
http://www.essentracomponents.com.sg/images-line/pdfs/RFRT-G2-XXXGX.pdf,-,RFRT-G2-450-G3-ND,RFRT-G2-450-G3,Essentra Components,DAMPER ROTARY SNAP IN BLK,0,0,"2.32608","0","1000","-","Active","Rotary Damper","Black","0.94"" L x 0.59"" W x 0.26"" H (23.9mm x 15.0mm x 6.6mm)"
http://www.essentracomponents.com.sg/images-line/pdfs/RFRT-G2-XXXGX.pdf,-,RFRT-G2-600-G1-ND,RFRT-G2-600-G1,Essentra Components,DAMPER ROTARY SNAP IN BLK,0,0,"2.32840","0","1000","-","Active","Rotary Damper","Black","0.94"" L x 0.59"" W x 0.26"" H (23.9mm x 15.0mm x 6.6mm)"
http://www.essentracomponents.com.sg/images-line/pdfs/RFRT-G2-XXXGX.pdf,-,RFRT-G2-600-G2-ND,RFRT-G2-600-G2,Essentra Components,DAMPER ROTARY SNAP IN BLK,0,0,"2.32840","0","1000","-","Active","Rotary Damper","Black","0.94"" L x 0.59"" W x 0.23"" H (23.9mm x 15.0mm x 5.8mm)"
http://www.essentracomponents.com.sg/images-line/pdfs/RFRT-G2-XXXGX.pdf,-,RFRT-G2-600-G3-ND,RFRT-G2-600-G3,Essentra Components,DAMPER ROTARY SNAP IN BLK,0,0,"2.32840","0","1000","-","Active","Rotary Damper","Black","0.94"" L x 0.59"" W x 0.26"" H (23.9mm x 15.0mm x 6.6mm)"
http://www.essentracomponents.com.sg/images-line/pdfs/RFRT-G2-XXXGX.pdf,-,RFRT-G2-101-G2-ND,RFRT-G2-101-G2,Essentra Components,DAMPER ROTARY SNAP IN BLK,0,0,"2.33075","0","1000","-","Active","Rotary Damper","Black","0.94"" L x 0.59"" W x 0.23"" H (23.9mm x 15.0mm x 5.8mm)"
http://www.essentracomponents.com.sg/images-line/pdfs/RFRT-G2-XXXGX.pdf,-,RFRT-G2-101-G3-ND,RFRT-G2-101-G3,Essentra Components,DAMPER ROTARY SNAP IN BLK,0,0,"2.33075","0","1000","-","Active","Rotary Damper","Black","0.94"" L x 0.59"" W x 0.26"" H (23.9mm x 15.0mm x 6.6mm)"
-,-,PBB0115BLK-ND,PBB0115BLK,Panduit Corp,PLASTIC CHAIN 2 BLACK,0,0,"2.53000","0","1","-","Active","Chain Link","Black","2.00"" L x 1.00"" W x 0.25"" H (50.8mm x 25.4mm x 6.4mm)"
-,-,PBB0115RED-ND,PBB0115RED,Panduit Corp,PLASTIC CHAIN 2 RED,0,0,"2.53000","0","1","-","Active","Chain Link","Red","2.00"" L x 1.00"" W x 0.25"" H (50.8mm x 25.4mm x 6.4mm)"
-,-,PBB0115WHT-ND,PBB0115WHT,Panduit Corp,PLASTIC CHAIN 2 WHITE,0,0,"2.53000","0","1","-","Active","Chain Link","White","2.00"" L x 1.00"" W x 0.25"" H (50.8mm x 25.4mm x 6.4mm)"
-,-,PBB0115YEL-ND,PBB0115YEL,Panduit Corp,PLASTIC CHAIN 2 YELLOW,0,0,"2.53000","0","1","-","Active","Chain Link","Yellow","2.00"" L x 1.00"" W x 0.25"" H (50.8mm x 25.4mm x 6.4mm)"
-,-,PBB0115BY-ND,PBB0115BY,Panduit Corp,PLASTIC CHAIN 2 ALT. BLACK-YEL,0,0,"3.59000","0","1","-","Active","Chain Link","Black, Yellow","2.00"" L x 1.00"" W x 0.25"" H (50.8mm x 25.4mm x 6.4mm)"
-,-,PBB0115RW-ND,PBB0115RW,Panduit Corp,PLASTIC CHAIN 2 ALT. RED-WHITE,0,0,"3.59000","0","1","-","Active","Chain Link","Red, White","2.00"" L x 1.00"" W x 0.25"" H (50.8mm x 25.4mm x 6.4mm)"
-,-,BATH17-ES-ND,BATH17-ES,3M,COMMAND LARGE TOWEL HOOK WIT,0,0,"3.81500","0","4","Command™","Active","-","-","-"
-,-,BATH18-ES-ND,BATH18-ES,3M,COMMAND MEDIUM BATH HOOKS WI,0,0,"3.81500","0","4","Command™","Active","-","-","-"
-,-,BATH22-ES-ND,BATH22-ES,3M,COMMAND WATER-RESISTANT REFI,0,0,"3.81833","0","6","Command™","Active","-","-","-"
-,-,FPA00-2PK-24-ND,FPA00-2PK-24,3M,FILTRETE FLAT PANEL AIR FILTER F,0,0,"3.82083","0","24","-","Active","-","-","-"
-,-,FPA01-2PK-24-ND,FPA01-2PK-24,3M,FILTRETE FLAT PANEL AIR FILTER F,0,0,"3.82083","0","24","-","Active","-","-","-"
-,-,FPA02-2PK-24-ND,FPA02-2PK-24,3M,FILTRETE FLAT PANEL AIR FILTER F,0,0,"3.82083","0","24","-","Active","-","-","-"
-,-,FPA03-2PK-24-ND,FPA03-2PK-24,3M,FILTRETE FLAT PANEL AIR FILTER F,0,0,"3.82083","0","24","-","Active","-","-","-"
-,-,FPA22-2PK-24-ND,FPA22-2PK-24,3M,FILTRETE FLAT PANEL AIR FILTER F,0,0,"3.82083","0","24","-","Active","-","-","-"
-,-,BATH16-ES-ND,BATH16-ES,3M,COMMAND RAZOR HOLDER WITH WA,0,0,"4.77500","0","2","Command™","Active","-","-","-"
-,-,BATH19-ES-ND,BATH19-ES,3M,COMMAND SHOWER CADDY HANGER,0,0,"4.82250","0","4","Command™","Active","-","-","-"
-,//media.digikey.com/Photos/3M%20Photos/MFG_BATH21-ES.jpg,BATH21-ES-ND,BATH21-ES,3M,COMMAND MULTI-HOOK WITH WATE,0,0,"4.84500","0","2","Command™","Active","-","-","-"
-,-,FBA00DC-H-6-ND,FBA00DC-H-6,3M,FILTRETE BASIC PLEATED AIR FILTE,0,0,"4.88333","0","6","-","Active","-","-","-"
-,-,FBA01DC-H-6-ND,FBA01DC-H-6,3M,FILTRETE BASIC PLEATED AIR FILTE,0,0,"4.88333","0","6","-","Active","-","-","-"
-,-,FBA02DC-H-6-ND,FBA02DC-H-6,3M,FILTRETE BASIC PLEATED AIR FILTE,0,0,"4.88333","0","6","-","Active","-","-","-"
-,-,FBA03DC-H-6-ND,FBA03DC-H-6,3M,FILTRETE BASIC PLEATED AIR FILTE,0,0,"4.88333","0","6","-","Active","-","-","-"
-,-,FBA04DC-6-ND,FBA04DC-6,3M,FILTRETE BASIC PLEATED AIR FILTE,0,0,"4.88333","0","6","-","Active","-","-","-"
-,-,FBA05DC-6-ND,FBA05DC-6,3M,FILTRETE BASIC PLEATED AIR FILTE,0,0,"4.88333","0","6","-","Active","-","-","-"
-,-,FBA06DC-6-ND,FBA06DC-6,3M,FILTRETE BASIC PLEATED AIR FILTE,0,0,"4.88333","0","6","-","Active","-","-","-"
-,-,FBA07DC-6-ND,FBA07DC-6,3M,FILTRETE BASIC PLEATED AIR FILTE,0,0,"4.88333","0","6","-","Active","-","-","-"
-,-,FBA10DC-6-ND,FBA10DC-6,3M,FILTRETE BASIC PLEATED AIR FILTE,0,0,"4.88333","0","6","-","Active","-","-","-"
-,-,FBA11DC-6-ND,FBA11DC-6,3M,FILTRETE BASIC PLEATED AIR FILTE,0,0,"4.88333","0","6","-","Active","-","-","-"
-,-,FBA12DC-6-ND,FBA12DC-6,3M,FILTRETE BASIC PLEATED AIR FILTE,0,0,"4.88333","0","6","-","Active","-","-","-"
-,-,FBA13DC-6-ND,FBA13DC-6,3M,FILTRETE BASIC PLEATED AIR FILTE,0,0,"4.88333","0","6","-","Active","-","-","-"
-,-,FBA15DC-6-ND,FBA15DC-6,3M,FILTRETE BASIC PLEATED AIR FILTE,0,0,"4.88333","0","6","-","Active","-","-","-"
-,-,FBA16DC-6-ND,FBA16DC-6,3M,FILTRETE BASIC PLEATED AIR FILTE,0,0,"4.88333","0","6","-","Active","-","-","-"
-,-,FBA17DC-6-ND,FBA17DC-6,3M,FILTRETE BASIC PLEATED AIR FILTE,0,0,"4.88333","0","6","-","Active","-","-","-"
-,-,FBA19DC-6-ND,FBA19DC-6,3M,FILTRETE BASIC PLEATED AIR FILTE,0,0,"4.88333","0","6","-","Active","-","-","-"
-,-,FBA20DC-6-ND,FBA20DC-6,3M,FILTRETE BASIC PLEATED AIR FILTE,0,0,"4.88333","0","6","-","Active","-","-","-"
-,-,FBA21DC-6-ND,FBA21DC-6,3M,FILTRETE BASIC PLEATED AIR FILTE,0,0,"4.88333","0","6","-","Active","-","-","-"
-,-,FBA22DC-6-ND,FBA22DC-6,3M,FILTRETE BASIC PLEATED AIR FILTE,0,0,"4.88333","0","6","-","Active","-","-","-"
-,-,FBA23DC-6-ND,FBA23DC-6,3M,FILTRETE BASIC PLEATED AIR FILTE,0,0,"4.88333","0","6","-","Active","-","-","-"
-,-,FBA24DC-6-ND,FBA24DC-6,3M,FILTRETE BASIC PLEATED AIR FILTE,0,0,"4.88333","0","6","-","Active","-","-","-"
-,-,FBA25DC-6-ND,FBA25DC-6,3M,FILTRETE BASIC PLEATED AIR FILTE,0,0,"4.88333","0","6","-","Active","-","-","-"
-,-,FBA26DC-6-ND,FBA26DC-6,3M,FILTRETE BASIC PLEATED AIR FILTE,0,0,"4.88333","0","6","-","Active","-","-","-"
-,-,FBA27DC-6-ND,FBA27DC-6,3M,FILTRETE BASIC PLEATED AIR FILTE,0,0,"4.88333","0","6","-","Active","-","-","-"
-,-,FBA28DC-6-ND,FBA28DC-6,3M,FILTRETE BASIC PLEATED AIR FILTE,0,0,"4.88333","0","6","-","Active","-","-","-"
-,-,FBA40DC-6-ND,FBA40DC-6,3M,FILTRETE BASIC PLEATED AIR FILTE,0,0,"4.88333","0","6","-","Active","-","-","-"
//media.digikey.com/pdf/Data%20Sheets/Makeblock%20PDFs/62452_Web.pdf,-,62452-ND,62452,"Makeblock Co., LTD.",360MOBILE PHONE BRACKET,0,0,"4.99000","0","1","-","Active","Holder","-","-"
-,-,PBB0080-ND,PBB0080,Panduit Corp,FENCE SIGN HOLDER,0,0,"5.72000","0","1","-","Active","Fence Sign Holder","Silver","4.00"" L x 1.00"" W (101.6mm x 25.4mm)"
-,-,AS-1-ND,AS-1,Essentra Components,AXIS SPRING TPE/NYLON BLACK,0,0,"6.35840","0","100","-","Active","Spring","Black","-"
-,-,PBB0123-ND,PBB0123,Panduit Corp,POLY-COATED YELLOW STEEL CHAIN,0,0,"7.07000","0","1","-","Active","Chain Link","Yellow","120.00' L (36.58m)"
-,-,BRKT-ANGL-ND,BRKT-ANGL,Eaton - Bussmann Electrical Division,ANGLED STEEL SUPPORT BRACKET GAL,0,0,"7.54400","0","10","-","Active","-","-","-"
-,-,BRKT-FLT-ND,BRKT-FLT,Eaton - Bussmann Electrical Division,FLAT STEEL SUPPORT BRACKET GALVA,0,0,"8.40400","0","10","-","Active","-","-","-"
-,-,BATH11-ES-ND,BATH11-ES,3M,COMMAND SHOWER CADDY WITH WA,0,0,"8.76000","0","1","Command™","Active","-","-","-"
//media.digikey.com/pdf/Data%20Sheets/Richco%20Inc%20PDFs/ML_Series.pdf,-,ML-S-1-ND,ML-S-1,Essentra Components,MAGNETIC LATCH SMALL WHITE,0,0,"8.91400","0","10","ML","Active","Latch","White","0.93"" L x 0.30"" W (23.6mm x 7.7mm)"
-,-,2HA-ND,2HA,3M,FIRE BARRIER 2"" CAST IN HEIGHT,0,0,"9.13500","0","12","*","Active","Fire Barrier Cast-In Device","-","-"
-,-,BATH12-ES-ND,BATH12-ES,3M,COMMAND CORNER CADDY WITH WA,0,0,"9.32000","0","1","Command™","Active","-","-","-"
-,-,2MDA-ND,2MDA,3M,FIRE BARRIER 2"" CAST IN MTL,0,0,"10.02750","0","12","*","Active","Fire Barrier Cast-In Device","-","-"
//media.digikey.com/pdf/Data%20Sheets/Richco%20Inc%20PDFs/ML_Series.pdf,-,ML-L-2-ND,ML-L-2,Essentra Components,MAGNETIC LATCH LARGE WHITE,0,0,"10.20100","0","10","ML","Active","Latch","White","2.30"" L x 0.43"" W (58.5mm x 11.0mm)"
-,-,BATH15-ES-ND,BATH15-ES,3M,COMMAND FOG-RESISTANT MIRROR,0,0,"10.30000","0","2","Command™","Active","-","-","-"
-,-,3MDA-ND,3MDA,3M,FIRE BARRIER 3"" CAST IN METAL,0,0,"10.55250","0","12","*","Active","Fire Barrier Cast-In Device","-","-"
-,-,WS200-ND,WS200,3M,TUCK-IN WRAP STRIP,0,0,"10.73583","0","24","*","Active","Fire Barrier Wrap Strip","-","-"
-,-,3HA-ND,3HA,3M,FIRE BARRIER 3"" CAST IN HEIGHT,0,0,"10.85000","0","12","*","Active","Fire Barrier Cast-In Device","-","-"
-,-,4HA-ND,4HA,3M,FIRE BARRIER 4"" CAST IN HGT,0,0,"10.92000","0","12","*","Active","Fire Barrier Cast-In Device","-","-"
-,-,FBA03-H-3PK-ND,FBA03-H-3PK,3M,FILTRETE BASIC PLEATED AIR FILTE,0,0,"10.93000","0","2","-","Active","-","-","-"
-,-,FBA00-H-3PK-ND,FBA00-H-3PK,3M,FILTRETE BASIC PLEATED AIR FILTE,0,0,"11.04500","0","2","-","Active","-","-","-"
-,-,FBA01-H-3PK-ND,FBA01-H-3PK,3M,FILTRETE BASIC PLEATED AIR FILTE,0,0,"11.04500","0","2","-","Active","-","-","-"
-,-,FBA02-H-3PK-ND,FBA02-H-3PK,3M,FILTRETE BASIC PLEATED AIR FILTE,0,0,"11.04500","0","2","-","Active","-","-","-"
-,-,FBA04-3PK-ND,FBA04-3PK,3M,FILTRETE BASIC PLEATED AIR FILTE,0,0,"11.04500","0","2","-","Active","-","-","-"
-,-,FBA05-3PK-ND,FBA05-3PK,3M,FILTRETE BASIC PLEATED AIR FILTE,0,0,"11.04500","0","2","-","Active","-","-","-"
-,-,FBA22-3PK-ND,FBA22-3PK,3M,FILTRETE BASIC PLEATED AIR FILTE,0,0,"11.04500","0","2","-","Active","-","-","-"
-,-,4MDA-ND,4MDA,3M,FIRE BARRIER 4"" CAST IN METAL,0,0,"11.06000","0","12","*","Active","Fire Barrier Cast-In Device","-","-"
-,-,PBB0025-ND,PBB0025,Panduit Corp,"60'PENNANT 9X12 PTH,RED",0,0,"11.17000","0","1","*","Active","-","-","-"
-,-,6HA-ND,6HA,3M,FIRE BARRIER CAST IN DEVICE HGT,0,0,"11.98750","0","12","*","Active","Fire Barrier Cast-In Device","-","-"
-,-,ULTRA-PPD1.5-ND,ULTRA-PPD1.5,3M,FIRE BARRIER ULTRA PPD 1.5,0,0,"12.14400","0","10","*","Active","Fire Barrier Plastic Pipe Device","-","-"
-,-,6MDA-ND,6MDA,3M,FIRE BARRIER CAST-IN DEVICE META,0,0,"13.14250","0","12","*","Active","Fire Barrier Cast-In Device","-","-"
-,-,PBB0148-ND,PBB0148,Panduit Corp,STANCHION POST RING WEIGHT,0,0,"13.69000","0","1","-","Active","Ring Weight","Clear","11.75"" Dia (298.5mm)"
-,-,FS-195+/2X24-ND,FS-195+/2X24,3M,FIRE BARRIER 2"" X 24"" WRAP STRIP,0,0,"14.41600","0","10","*","Active","Fire Barrier Wrap Strip","-","-"
-,-,2MCID-ND,2MCID,3M,FIRE BARRIER 2"" CAST IN DEVICE,0,0,"15.62750","0","12","*","Active","Fire Barrier Cast-In Device","-","-"
-,-,PTS182-ND,PTS182,Panduit Corp,SIGN MOUNTING PLATE,0,0,"16.45000","0","1","-","Active","Adapter Plate","Gray","-"
-,-,2PCID-ND,2PCID,3M,FIRE BARRIER 2"" CAST IN DEVICE,0,0,"16.66000","0","12","*","Active","Fire Barrier Cast-In Device","-","-"
-,-,HOME00-4-ND,HOME00-4,3M,FILTRETE HOME ODOR REDUCTION FIL,0,0,"16.80000","0","4","-","Active","-","-","-"
-,-,HOME01-4-ND,HOME01-4,3M,FILTRETE HOME ODOR REDUCTION FIL,0,0,"16.80000","0","4","-","Active","-","-","-"
-,-,HOME02-4-ND,HOME02-4,3M,FILTRETE HOME ODOR REDUCTION FIL,0,0,"16.80000","0","4","-","Active","-","-","-"
-,-,HOME03-4-ND,HOME03-4,3M,FILTRETE HOME ODOR REDUCTION FIL,0,0,"16.80000","0","4","-","Active","-","-","-"
-,-,HOME04-4-ND,HOME04-4,3M,FILTRETE HOME ODOR REDUCTION FIL,0,0,"16.80000","0","4","-","Active","-","-","-"
-,-,HOME05-4-ND,HOME05-4,3M,FILTRETE HOME ODOR REDUCTION FIL,0,0,"16.80000","0","4","-","Active","-","-","-"
-,-,HOME21-4-ND,HOME21-4,3M,FILTRETE HOME ODOR REDUCTION FIL,0,0,"16.80000","0","4","-","Active","-","-","-"
-,-,HOME22-4-ND,HOME22-4,3M,FILTRETE HOME ODOR REDUCTION FIL,0,0,"16.80000","0","4","-","Active","-","-","-"
-,-,HOME23-4-ND,HOME23-4,3M,FILTRETE HOME ODOR REDUCTION FIL,0,0,"16.80000","0","4","-","Active","-","-","-"
-,-,HOME24-4-ND,HOME24-4,3M,FILTRETE HOME ODOR REDUCTION FIL,0,0,"16.80000","0","4","-","Active","-","-","-"
http://www.essentracomponents.com/wcsstore7.00.00.1011/ExtendedSitesCatalogAssetStore/images/Web%20Feed%20Documents/std.lang.all/27203.pdf,//media.digikey.com/Photos/Essentra%20Components%20Photos/MFG_20148.jpg,RFRT-D2-102-G2-ND,RFRT-D2-102-G2,Essentra Components,DAMPER ROTARY SNAP IN BLK,0,0,"17.48490","0","100","-","Active","Rotary Damper","Black","0.94"" L x 0.59"" W x 0.23"" H (23.9mm x 15.0mm x 5.8mm)"
-,-,FAPF02-4-ND,FAPF02-4,3M,FILTRETE AIR CLEANING FILTER FAP,0,0,"18.14500","0","4","-","Active","-","-","-"
-,-,3MCID-ND,3MCID,3M,FIRE BARRIER 3"" CAST IN DEVICE,0,0,"20.16333","0","12","*","Active","Fire Barrier Cast-In Device","-","-"
https://b2b-api.panasonic.eu/file_stream/pids/fileversion/3247,//media.digikey.com/Photos/Panasonic%20Photos/MFG_U-VACUA-SERIES.jpg,TZB7880E-ND,TZB7880E,Panasonic Industrial Devices - FBD,VACUUM INSULATION PANELS 1=1PCS,0,0,"21.18000","0","1","U-Vacua™","Active","Vacuum Insulation Panels","-","12.00"" L x 12.00"" W x 0.94"" H (304.8mm x 304.8mm x 23.9mm)"
-,-,FAPF03-4-ND,FAPF03-4,3M,FILTRETE AIR CLEANING FILTER FAP,0,0,"21.23500","0","4","-","Active","-","-","-"
-,-,3PCID-ND,3PCID,3M,FIRE BARRIER 3"" CAST IN DEVICE,0,0,"23.21583","0","12","*","Active","Fire Barrier Cast-In Device","-","-"
https://b2b-api.panasonic.eu/file_stream/pids/fileversion/3247,//media.digikey.com/Photos/Panasonic%20Photos/MFG_U-VACUA-SERIES.jpg,TZB7780E-ND,TZB7780E,Panasonic Industrial Devices - FBD,VACUUM INSULATION PANELS 1=1PCS,0,0,"23.58000","0","1","U-Vacua™","Active","Vacuum Insulation Panels","-","15.20"" L x 12.00"" W x 0.94"" H (386.1mm x 304.8mm x 23.9mm)"
https://assets.tripplite.com/product-pdfs/en/dwf1327m.pdf,//media.digikey.com/Photos/Tripplite%20Photos/MFG_DWF1327M.jpg,DWF1327M-ND,DWF1327M,Tripp Lite,TV WALL MOUNT,0,0,"23.82000","0","1","DWF","Active","Mount","Black","-"
-,-,PBB0165-ND,PBB0165,Panduit Corp,"TRAFFIC CONE, 12"", 1.5 LB, ORANG",0,0,"24.35000","0","1","-","Active","Cone","Orange, Red","12.00"" H (304.8mm)"
-,-,EA00DC-6-ND,EA00DC-6,3M,FILTRETE ELITE ALLERGEN REDUCTIO,0,0,"24.39333","0","6","-","Active","-","-","-"
-,-,EA01DC-6-ND,EA01DC-6,3M,FILTRETE ELITE ALLERGEN REDUCTIO,0,0,"24.39333","0","6","-","Active","-","-","-"
-,-,EA02DC-6-ND,EA02DC-6,3M,FILTRETE ELITE ALLERGEN REDUCTIO,0,0,"24.39333","0","6","-","Active","-","-","-"
-,-,EA03DC-6-ND,EA03DC-6,3M,FILTRETE ELITE ALLERGEN REDUCTIO,0,0,"24.39333","0","6","-","Active","-","-","-"
-,-,EA04DC-6-ND,EA04DC-6,3M,FILTRETE ELITE ALLERGEN REDUCTIO,0,0,"24.39333","0","6","-","Active","-","-","-"
-,-,EA05DC-6-ND,EA05DC-6,3M,FILTRETE ELITE ALLERGEN REDUCTIO,0,0,"24.39333","0","6","-","Active","-","-","-"
-,-,EA22DC-6-ND,EA22DC-6,3M,FILTRETE ELITE ALLERGEN REDUCTIO,0,0,"24.39333","0","6","-","Active","-","-","-"
-,-,EA23DC-6-ND,EA23DC-6,3M,FILTRETE ELITE ALLERGEN REDUCTIO,0,0,"24.39333","0","6","-","Active","-","-","-"
-,-,EA24DC-6-ND,EA24DC-6,3M,FILTRETE ELITE ALLERGEN REDUCTIO,0,0,"24.39333","0","6","-","Active","-","-","-"
-,-,EA01-6E-ND,EA01-6E,3M,FILTRETE PREMIUM HEALTHY LIVING,0,0,"24.39333","0","6","-","Active","-","-","-"
-,-,EA02-6E-ND,EA02-6E,3M,FILTRETE PREMIUM HEALTHY LIVING,0,0,"24.39333","0","6","-","Active","-","-","-"
-,-,EA04-6E-ND,EA04-6E,3M,FILTRETE PREMIUM HEALTHY LIVING,0,0,"24.39333","0","6","-","Active","-","-","-"
-,-,EA05-6E-ND,EA05-6E,3M,FILTRETE PREMIUM HEALTHY LIVING,0,0,"24.39333","0","6","-","Active","-","-","-"
-,-,EA22-6E-ND,EA22-6E,3M,FILTRETE PREMIUM HEALTHY LIVING,0,0,"24.39333","0","6","-","Active","-","-","-"
-,-,ULTRA-PPD4-ND,ULTRA-PPD4,3M,FIRE BARRIER ULTRA PPD 4.0,0,0,"26.02500","0","10","*","Active","Fire Barrier Plastic Pipe Device","-","-"
-,-,E324-ND,E324,3M,FILTRETE COMMERCIAL HVAC FILTER,0,0,"26.67200","0","5","-","Active","-","-","-"
https://b2b-api.panasonic.eu/file_stream/pids/fileversion/3247,//media.digikey.com/Photos/Panasonic%20Photos/MFG_U-VACUA-SERIES.jpg,TZB7790E-ND,TZB7790E,Panasonic Industrial Devices - FBD,VACUUM INSULATION PANELS 1=1PCS,0,0,"27.88000","0","1","U-Vacua™","Active","Vacuum Insulation Panels","-","19.90"" L x 15.00"" W x 0.94"" H (505.5mm x 381.0mm x 23.9mm)"
-,-,4MCID-ND,4MCID,3M,FIRE BARRIER 4"" CAST IN DEVICE,0,0,"28.29833","0","6","*","Active","Fire Barrier Cast-In Device","-","-"
-,-,E327-ND,E327,3M,FILTRETE COMMERCIAL HVAC FILTER,0,0,"28.78400","0","5","-","Active","-","-","-"
-,-,3ME326-ND,E326,3M,FILTRETE COMMERCIAL HVAC FILTER,0,0,"28.94200","0","5","-","Active","-","-","-"
https://b2b-api.panasonic.eu/file_stream/pids/fileversion/3247,//media.digikey.com/Photos/Panasonic%20Photos/MFG_U-VACUA-SERIES.jpg,TZB7870E-ND,TZB7870E,Panasonic Industrial Devices - FBD,VACUUM INSULATION PANELS 1=1PCS,0,0,"29.03000","0","1","U-Vacua™","Active","Vacuum Insulation Panels","-","24.00"" L x 12.00"" W x 0.94"" H (609.6mm x 304.8mm x 23.9mm)"
https://b2b-api.panasonic.eu/file_stream/pids/fileversion/3247,//media.digikey.com/Photos/Panasonic%20Photos/MFG_U-VACUA-SERIES.jpg,TZB7800E-ND,TZB7800E,Panasonic Industrial Devices - FBD,VACUUM INSULATION PANELS 1=1PCS,0,0,"29.79000","0","1","U-Vacua™","Active","Vacuum Insulation Panels","-","23.80"" L x 15.00"" W x 0.94"" H (604.5mm x 381.0mm x 23.9mm)"
-,-,E331-ND,E331,3M,FILTRETE COMMERCIAL HVAC FILTER,0,0,"29.80800","0","5","-","Active","-","-","-"
-,-,E332-ND,E332,3M,FILTRETE COMMERCIAL HVAC FILTER,0,0,"31.06200","0","5","-","Active","-","-","-"
-,-,4PCID-ND,4PCID,3M,FIRE BARRIER 4"" CAST IN DEVICE,0,0,"31.20333","0","6","*","Active","Fire Barrier Cast-In Device","-","-"
https://assets.tripplite.com/product-pdfs/en/dwf3770l.pdf,//media.digikey.com/Photos/Tripplite%20Photos/MFG_DWF3770L.jpg,DWF3770L-ND,DWF3770L,Tripp Lite,TV WALL MOUNT,0,0,"31.69000","0","1","DWF","Active","Mount","Black","-"
https://assets.tripplite.com/product-pdfs/en/dwm1742mn.pdf,//media.digikey.com/Photos/Tripplite%20Photos/MFG_DWM1742MN.jpg,DWM1742MN-ND,DWM1742MN,Tripp Lite,TV WALL MOUNT,0,0,"31.82000","0","1","DWM","Active","Mount","Black","-"
-,-,E338-ND,E338,3M,FILTRETE COMMERCIAL HVAC FILTER,0,0,"31.82000","0","5","-","Active","-","-","-"
-,-,E334-ND,E334,3M,FILTRETE COMMERCIAL HVAC FILTER,0,0,"32.06800","0","5","-","Active","-","-","-"
-,-,E330-ND,E330,3M,FILTRETE COMMERCIAL HVAC FILTER,0,0,"32.19200","0","5","-","Active","-","-","-"
-,-,E336-ND,E336,3M,FILTRETE COMMERCIAL HVAC FILTER,0,0,"32.31600","0","5","-","Active","-","-","-"
-,-,PBB0065-ND,PBB0065,Panduit Corp,"TRAFFIC CONE TOP ADAPTER HOLDER,",0,0,"33.10000","0","1","-","Active","Cone Adapter","Orange","-"
-,-,PBB0066-ND,PBB0066,Panduit Corp,"TRAFFIC CONE TOP ADAPTER HOLDER,",0,0,"33.10000","0","1","-","Active","Cone Adapter","Yellow","-"
-,-,E339-ND,E339,3M,FILTRETE COMMERCIAL HVAC FILTER,0,0,"33.57800","0","5","-","Active","-","-","-"
-,-,PBB0085-ND,PBB0085,Panduit Corp,"FLOOR ID PLATE, 8.5X5.5, EA",0,0,"33.66000","0","1","-","Active","-","Silver","8.500"" L x 5.500"" W (215.90mm x 139.70mm)"
-,-,E358-ND,E358,3M,FILTRETE COMMERCIAL HVAC FILTER,0,0,"34.67400","0","5","-","Active","-","-","-"
-,-,3ME329-ND,E329,3M,FILTRETE COMMERCIAL HVAC FILTER,0,0,"34.71600","0","5","-","Active","-","-","-"
-,-,E335-ND,E335,3M,FILTRETE COMMERCIAL HVAC FILTER,0,0,"34.95600","0","5","-","Active","-","-","-"
-,-,PBB0126-ND,PBB0126,Panduit Corp,"TRAFFIC CONE, 18"", 3 LB, ORANGE",0,0,"35.10000","0","1","-","Active","Cone","Orange, Red","18.00"" H (457.2mm)"
-,-,E333-ND,E333,3M,FILTRETE COMMERCIAL HVAC FILTER,0,0,"35.84600","0","5","-","Active","-","-","-"
-,-,PBB0086-ND,PBB0086,Panduit Corp,"FLOOR ID PLATE, 12X7.5, EA",0,0,"36.09000","0","1","-","Active","ID Plate","Silver","12.00"" L x 7.50"" W (304.8mm x 190.5mm)"
-,-,E340-ND,E340,3M,FILTRETE COMMERCIAL HVAC FILTER,0,0,"36.09400","0","5","-","Active","-","-","-"
-,-,EA01-2PK-12-ND,EA01-2PK-12,3M,FILTRETE ELITE ALLERGEN REDUCTIO,0,0,"36.42583","0","12","-","Active","-","-","-"
-,-,E36112""X24""X2""-ND,E361 12""X24""X2"",3M,FILTRETE COMMERCIAL HVAC FILTER,0,0,"37.57800","0","5","-","Active","-","-","-"
https://b2b-api.panasonic.eu/file_stream/pids/fileversion/3247,//media.digikey.com/Photos/Panasonic%20Photos/MFG_U-VACUA-SERIES.jpg,TZB7860E-ND,TZB7860E,Panasonic Industrial Devices - FBD,VACUUM INSULATION PANELS 1=1PCS,0,0,"37.87000","0","1","U-Vacua™","Active","Vacuum Insulation Panels","-","24.00"" L x 22.40"" W x 0.94"" H (609.6mm x 569.0mm x 23.9mm)"
-,-,E337-ND,E337,3M,FILTRETE COMMERCIAL HVAC FILTER,0,0,"38.62600","0","5","-","Active","-","-","-"
https://assets.tripplite.com/product-pdfs/en/ddr0310sc.pdf,-,DDR0310SC-ND,DDR0310SC,Tripp Lite,TV DESK MNT,0,0,"39.84000","0","1","DDR","Active","Mount","Black","19.69"" L x 7.50"" W x 2.82"" H (500.1mm x 190.5mm x 71.6mm)"
-,-,3ME341-ND,E341,3M,FILTRETE COMMERCIAL HVAC FILTER,0,0,"41.71600","0","5","-","Active","-","-","-"
-,-,E360-ND,E360,3M,FILTRETE COMMERCIAL HVAC FILTER,0,0,"42.10400","0","5","-","Active","-","-","-"
-,-,E343-ND,E343,3M,FILTRETE COMMERCIAL HVAC FILTER,0,0,"42.34600","0","5","-","Active","-","-","-"
-,-,E365-ND,E365,3M,FILTRETE COMMERCIAL HVAC FILTER,0,0,"43.43200","0","5","-","Active","-","-","-"
-,-,PBB0166-ND,PBB0166,Panduit Corp,"TRAFFIC CONE, 18"", 3 LB, FL LIME",0,0,"43.60000","0","1","-","Active","Cone","Green, Yellow","18.00"" H (457.2mm)"
-,-,E366-ND,E366,3M,FILTRETE COMMERCIAL HVAC FILTER,0,0,"45.34400","0","5","-","Active","-","-","-"
-,-,E372-ND,E372,3M,FILTRETE COMMERCIAL HVAC FILTER,0,0,"46.47800","0","5","-","Active","-","-","-"
-,-,E368-ND,E368,3M,FILTRETE COMMERCIAL HVAC FILTER,0,0,"46.85800","0","5","-","Active","-","-","-"
-,-,E364-ND,E364,3M,FILTRETE COMMERCIAL HVAC FILTER,0,0,"47.08600","0","5","-","Active","-","-","-"
-,-,E370-ND,E370,3M,FILTRETE COMMERCIAL HVAC FILTER,0,0,"47.24800","0","5","-","Active","-","-","-"
-,-,2178-LS/VFB-ND,2178-LS/VFB,3M,VERT FIRE BARRIER WRAP KIT,0,0,"49.10000","0","1","*","Active","Fire Barrier Wrap Strip","-","-"
-,-,E373-ND,E373,3M,FILTRETE COMMERCIAL HVAC FILTER,0,0,"49.16800","0","5","-","Active","-","-","-"
-,-,PBB0078-ND,PBB0078,Panduit Corp,EXPANDABLE CONE BAR TOP POLE BK/,0,0,"49.28000","0","1","-","Active","Cone Bar","Black, Yellow","6.63"" Dia (168.4mm)"
-,-,PBB0079-ND,PBB0079,Panduit Corp,EXPANDABLE CONE BAR TOP POLE OR/,0,0,"49.28000","0","1","-","Active","Cone Bar","Orange, White","6.63"" Dia (168.4mm)"
-,-,952.4301.000-ND,952.4301.000,Altech Corporation,CS-2000 SL4560 CONNECT 45X60X250,0,0,"50.31000","0","1","*","Active","-","-","-"
-,-,E363-ND,E363,3M,FILTRETE COMMERCIAL HVAC FILTER,0,0,"50.89200","0","5","-","Active","-","-","-"
-,-,E369-ND,E369,3M,FILTRETE COMMERCIAL HVAC FILTER,0,0,"51.47600","0","5","-","Active","-","-","-"
-,-,E376-ND,E376,3M,FILTRETE COMMERCIAL HVAC FILTER,0,0,"51.47600","0","5","-","Active","-","-","-"
-,-,E367-ND,E367,3M,FILTRETE COMMERCIAL HVAC FILTER,0,0,"52.62600","0","5","-","Active","-","-","-"
-,-,PTS178-ND,PTS178,Panduit Corp,CAST IRON BASE WHEEL ATTACHMENT,0,0,"52.85000","0","1","-","Active","Caster","Black","6.25"" L x 3.50"" W x 4.00"" H (158.8mm x 88.9mm x 101.6mm)"
-,-,E374-ND,E374,3M,FILTRETE COMMERCIAL HVAC FILTER,0,0,"52.99000","0","5","-","Active","-","-","-"
https://b2b-api.panasonic.eu/file_stream/pids/fileversion/3247,//media.digikey.com/Photos/Panasonic%20Photos/MFG_U-VACUA-SERIES.jpg,TZB7840E-ND,TZB7840E,Panasonic Industrial Devices - FBD,VACUUM INSULATION PANELS 1=1PCS,0,0,"53.06000","0","1","U-Vacua™","Active","Vacuum Insulation Panels","-","24.00"" L x 24.00"" W x 0.94"" H (609.6mm x 609.6mm x 23.9mm)"
-,-,E371-ND,E371,3M,FILTRETE COMMERCIAL HVAC FILTER,0,0,"56.83800","0","5","-","Active","-","-","-"
https://www.storm-interface.com/fileuploader/download/download/?d=0&file=custom%2Fupload%2FFile-1413975614.pdf,//media.digikey.com/photos/Storm%20Interface%20Photos/DEEX0103.jpg,MGR1678-ND,DEEX0103,Storm Interface,TOUCH-FREE EXIT SWITCH,0,0,"57.12200","0","5","-","Active","-","-","-"
https://assets.tripplite.com/product-pdfs/en/dwf3270x.pdf,//media.digikey.com/Photos/Tripplite%20Photos/MFG_DWF3270X.jpg,DWF3270X-ND,DWF3270X,Tripp Lite,TV WALL MOUNT,0,0,"57.28000","0","1","DWF","Active","Mount","Black","-"
-,-,PBB0167-ND,PBB0167,Panduit Corp,"TRAFFIC CONE, 28"", 7 LB, ORANGE",0,0,"59.47000","0","1","-","Active","Cone","Orange, Red","28.00"" H (711.2mm)"
-,-,6MCID-ND,6MCID,3M,FIRE BARRIER 6"" CAST IN DEVICE,0,0,"62.25000","0","2","*","Active","Fire Barrier Cast-In Device","-","-"
-,-,E375-ND,E375,3M,FILTRETE COMMERCIAL HVAC FILTER,0,0,"62.75000","0","5","-","Active","-","-","-"
https://assets.tripplite.com/product-pdfs/en/dwt2655xe.pdf,//media.digikey.com/Photos/Tripplite%20Photos/MFG_DWT2655XE.jpg,DWT2655XE-ND,DWT2655XE,Tripp Lite,TV WALL MOUNT,0,0,"63.43000","0","1","DWT","Active","Mount","Black","-"
-,-,E377-ND,E377,3M,FILTRETE COMMERCIAL HVAC FILTER,0,0,"63.74800","0","5","-","Active","-","-","-"
-,-,3MF981-ND,F981,3M,FILTRETE COMMERCIAL HVAC FILTER,0,0,"65.99800","0","5","-","Active","-","-","-"
https://assets.tripplite.com/product-pdfs/en/dwm1742ma.pdf,//media.digikey.com/Photos/Tripplite%20Photos/MFG_DWM1742MA.jpg,DWM1742MA-ND,DWM1742MA,Tripp Lite,TV WALL MOUNT,0,0,"66.43000","0","1","DWM","Active","Mount","Black","-"
https://assets.tripplite.com/product-pdfs/en/dunvpjt.pdf,//media.digikey.com/Photos/Tripplite%20Photos/MFG_DUNVPJT.jpg,DUNVPJT-ND,DUNVPJT,Tripp Lite,TV DESK MNT,0,0,"67.87000","0","1","-","Active","Mount","Black","19.68"" L x 5.90"" W x 5.31"" H (499.9mm x 149.9mm x 134.9mm)"
-,-,PBB0168-ND,PBB0168,Panduit Corp,"TRAFFIC CONE, 28"", 7 LB, FL LIME",0,0,"71.21000","0","1","-","Active","Cone","Green, Yellow","28.00"" H (711.2mm)"
https://assets.tripplite.com/product-pdfs/en/dwt2655xp.pdf,//media.digikey.com/Photos/Tripplite%20Photos/MFG_DWT2655XP.jpg,DWT2655XP-ND,DWT2655XP,Tripp Lite,TV WALL MOUNT,0,0,"72.49000","0","1","DWT","Active","Mount","Black","-"
https://assets.tripplite.com/product-pdfs/en/dwf4585x.pdf,//media.digikey.com/Photos/Tripplite%20Photos/MFG_DWF4585X.jpg,DWF4585X-ND,DWF4585X,Tripp Lite,TV WALL MOUNT,0,0,"76.20000","0","1","DWF","Active","Mount","Black","33.40"" L x 17.32"" W x 1.42"" H (848.4mm x 439.9mm x 36.1mm)"
-,-,PBB0169-ND,PBB0169,Panduit Corp,"TRAFFIC CONE, 36"", 10 LB, ORANGE",0,0,"76.81000","0","1","-","Active","Cone","Orange, Red","36.00"" H (914.4mm)"
https://assets.tripplite.com/product-pdfs/en/dwt3270x.pdf,//media.digikey.com/Photos/Tripplite%20Photos/MFG_DWT3270X.jpg,DWT3270X-ND,DWT3270X,Tripp Lite,TV WALL MOUNT,0,0,"79.39000","0","1","DWT","Active","Mount","Black","-"
-,-,MORTAR-44LB-ND,MORTAR-44LB,3M,"FIRE BARRIER MORTAR, 44 LB, BAG,",0,0,"80.08000","0","40","*","Active","Fire Barrier Mortar","-","-"
-,-,PBB0029-ND,PBB0029,Panduit Corp,"TAPE, 3""X1000-FT, CTN CSTRCTN AR",0,0,"82.58000","0","1","*","Active","-","-","-"
-,-,PBB0031-ND,PBB0031,Panduit Corp,"TAPE, 3""X1000-FT, CTN MEN WRKG A",0,0,"82.58000","0","1","*","Active","-","-","-"
-,-,PBB0032-ND,PBB0032,Panduit Corp,"BARR TAPE, 3""X1000-FT, CTN OPN T",0,0,"82.58000","0","1","*","Active","-","-","-"
-,-,PBB0033-ND,PBB0033,Panduit Corp,"BARR TAPE, 3""X1000-FT, CTN WET P",0,0,"82.58000","0","1","*","Active","-","-","-"
-,-,PBB0034-ND,PBB0034,Panduit Corp,"TAPE, 3""X1000-FT, DGR ASBSTS HZR",0,0,"82.58000","0","1","*","Active","-","-","-"
-,-,PBB0035-ND,PBB0035,Panduit Corp,"BARR TAPE, 3""X1000-FT, CTN CUIDA",0,0,"82.58000","0","1","*","Active","-","-","-"
-,-,PBB0038-ND,PBB0038,Panduit Corp,"TAPE, 3""X1000-FT, AUTH PRSNL ONL",0,0,"82.58000","0","1","*","Active","-","-","-"
-,-,PBB0039-ND,PBB0039,Panduit Corp,"TAPE, 3""X1000-FT, CTN BURD LN BL",0,0,"82.58000","0","1","*","Active","-","-","-"
-,-,PBB0040-ND,PBB0040,Panduit Corp,"BARR TAPE, 3""X1000-FT, DGR HI VL",0,0,"82.58000","0","1","*","Active","-","-","-"
https://assets.tripplite.com/product-pdfs/en/dwm3770plx.pdf,//media.digikey.com/Photos/Tripplite%20Photos/MFG_DWM3770PLX.JPG,DWM3770PLX-ND,DWM3770PLX,Tripp Lite,PORTRAIT/LANDSCAPE ROTATABLE FIX,0,0,"84.96000","0","1","-","Active","Rotary Damper","Black","1.80"" L x 23.90"" W x 15.90"" H (45.7mm x 607.1mm x 403.9mm)"
-,//media.digikey.com/Photos/Phoenix%20Photos/MFG_2913164.jpg,2913164-ND,2913164,Phoenix Contact,DIN RAIL UNSLOTTED,0,0,"85.00000","0","1","-","Active","-","Black","-"
-,//media.digikey.com/Photos/Phoenix%20Photos/MFG_2913161.jpg,2913161-ND,2913161,Phoenix Contact,DIN RAIL UNSLOTTED,0,0,"85.00000","0","1","-","Active","-","Black","-"
-,-,6PCID-ND,6PCID,3M,FIRE BARRIER 6"" CAST IN DEVICE,0,0,"86.20500","0","2","*","Active","Fire Barrier Cast-In Device","-","-"
-,-,PBB0170-ND,PBB0170,Panduit Corp,"TRAFFIC CONE, 36"", 12 LB, ORANGE",0,0,"88.39000","0","1","-","Active","Cone","Orange, Red","36.00"" H (914.4mm)"
-,-,RC-1-ND,RC-1,3M,"FIRE BARRIER RESTRICTING COLLAR,",0,0,"89.96000","0","1","-","Active","Fire Barrier Restricting Collar","-","-"
-,-,PPD-6-ND,PPD-6,3M,FIRE BARRIER PLASTIC PIPE DEVICE,0,0,"90.03400","0","5","*","Active","Fire Barrier Plastic Pipe Device","-","-"
-,-,952.4302.000-ND,952.4302.000,Altech Corporation,CS-2000 SL4560 CONNECT 45X60X500,0,0,"90.62000","0","1","*","Active","-","-","-"
https://assets.tripplite.com/product-pdfs/en/dwt3780xul.pdf,//media.digikey.com/Photos/Tripplite%20Photos/MFG_DWT3780XUL.jpg,DWT3780XUL-ND,DWT3780XUL,Tripp Lite,DISPLAY TV MONITOR WALL MOUNT FL,0,0,"91.95000","0","1","-","Active","Mount","Black","7.99"" L x 1.81"" W x 33.46"" H (202.9mm x 46.0mm x 849.9mm)"
https://assets.tripplite.com/product-pdfs/en/dwt3770x.pdf,//media.digikey.com/Photos/Tripplite%20Photos/MFG_DWT3770X.jpg,DWT3770X-ND,DWT3770X,Tripp Lite,TV WALL MOUNT,0,0,"93.52000","0","1","DWT","Active","Mount","Black","-"
-,-,PBB0017-ND,PBB0017,Panduit Corp,"TRAFFIC CONE, 28"", 7 LB, OR W/RE",0,0,"94.59000","0","1","-","Active","Cone","Orange, Red","28.00"" H (711.2mm)"
https://assets.tripplite.com/product-pdfs/en/dwt4585x.pdf,//media.digikey.com/Photos/Tripplite%20Photos/MFG_DWT4585X.jpg,DWT4585X-ND,DWT4585X,Tripp Lite,TV WALL MOUNT,0,0,"95.60000","0","1","DWT","Active","Mount","Black","33.85"" L x 17.32"" W x 2.48"" H (859.8mm x 439.9mm x 63.0mm)"
-,-,PBB0149-ND,PBB0149,Panduit Corp,STANCHION PST YLW 38"" STD DUTY,0,0,"96.06000","0","1","-","Active","Post","Yellow","38.00"" H (965.2mm)"
https://assets.tripplite.com/product-pdfs/en/ddr1327sfc.pdf,//media.digikey.com/Photos/Tripplite%20Photos/MFG_DDR1327SFC.jpg,DDR1327SFC-ND,DDR1327SFC,Tripp Lite,TV DESK MNT,0,0,"98.40000","0","1","DDR","Active","Mount","Black","14.37"" L x 6.29"" W x 16.93"" H (365.0mm x 159.8mm x 430.0mm)"
https://multimedia.3m.com/mws/media/446190O/3m-fire-barrier-pass-through-technical-data-sheet.pdf,-,PT2RD-ND,PT2RD,3M,FIRE BARRIER PASS-THROUGH DEVICE,0,0,"102.51167","0","6","-","Active","Fire Barrier Pass Through Device","-","-"
-,-,MORTAR-28LB-ND,MORTAR-28LB,3M,"FIRE BARRIER MORTAR, 5 GALLON, P",0,0,"102.62333","0","3","*","Active","Fire Barrier Mortar","-","-"
-,-,PBB0171-ND,PBB0171,Panduit Corp,"TRAFFIC CONE, 36"", 10 LB, FL LIM",0,0,"102.76000","0","1","-","Active","Cone","Green, Yellow","36.00"" H (914.4mm)"
-,-,PFM0038-ND,PFM0038,Panduit Corp,83'PENNANT 18X18 FLO ORN VINYL,0,0,"103.69000","0","1","-","Active","Flag Tape Barricade","Orange","83.00' L (25.30m)"
-,-,PFM0039-ND,PFM0039,Panduit Corp,83'OSHA COMP PNT 18X18 FL OR,0,0,"103.69000","0","1","-","Active","Flag Tape Barricade","Orange","113.00' L (34.44m)"
-,-,952.4500.001-ND,952.4500.001,Altech Corporation,CS-3000 ALUM CONNECTION SECTION,0,7,"111.72000","0","1","*","Active","-","-","-"
https://assets.tripplite.com/product-pdfs/en/dwf60100xx.pdf,//media.digikey.com/Photos/Tripplite%20Photos/MFG_DWF60100XX.jpg,DWF60100XX-ND,DWF60100XX,Tripp Lite,TV WALL MOUNT,0,0,"112.34000","0","1","DWF","Active","Mount","Black","39.72"" L x 24.00"" W x 1.25"" H (1008.9mm x 609.6mm x 31.8mm)"
-,-,PBB0043BLK-ND,PBB0043BLK,Panduit Corp,BLKDE WALL MT BELT BAR BKBK,0,0,"115.40000","0","1","-","Active","Belt Tape Barricade","Black","2.00"" W (50.8mm)"
-,-,PBB0043RED-ND,PBB0043RED,Panduit Corp,BLKDE WALL MT BELT BAR RDBK,0,0,"115.40000","0","1","-","Active","Belt Tape Barricade","Red","2.00"" W (50.8mm)"
-,-,PBB0043YEL-ND,PBB0043YEL,Panduit Corp,BLKDE WALL MT BELT BAR YLBK,0,0,"115.40000","0","1","-","Active","Belt Tape Barricade","Yellow","2.00"" W (50.8mm)"
-,-,PBB0045BLK-ND,PBB0045BLK,Panduit Corp,BLKDE WALL MT BELT BAR SL BK,0,0,"115.40000","0","1","-","Active","Belt Tape Barricade","Black","2.00"" W (50.8mm)"
-,-,PBB0045RED-ND,PBB0045RED,Panduit Corp,BLKDE WALL MT BELT BAR SL RD,0,0,"115.40000","0","1","-","Active","Belt Tape Barricade","Red","2.00"" W (50.8mm)"
-,-,PBB0045YEL-ND,PBB0045YEL,Panduit Corp,BLKDE WALL MT BELT BAR SL YL,0,0,"115.40000","0","1","-","Active","Belt Tape Barricade","Yellow","2.00"" W (50.8mm)"
-,-,PBB0049BLK-ND,PBB0049BLK,Panduit Corp,BLKDE WALL MT BELT BAR YLBK,0,0,"115.40000","0","1","-","Active","Belt Tape Barricade","Black","2.00"" W (50.8mm)"
-,-,PBB0049RED-ND,PBB0049RED,Panduit Corp,BLKDE WALL MT BELT BAR YLRD,0,0,"115.40000","0","1","-","Active","Belt Tape Barricade","Red","2.00"" W (50.8mm)"
-,-,PBB0049YEL-ND,PBB0049YEL,Panduit Corp,BLKDE WALL MT BELT BAR YLYL,0,0,"115.40000","0","1","-","Active","Belt Tape Barricade","Yellow","2.00"" W (50.8mm)"
-,-,PBB0022-ND,PBB0022,Panduit Corp,"TRAFFIC CONE, 36"", 12 LB, OR W/R",0,0,"116.45000","0","1","-","Active","Cone","Orange, Red","36.00"" H (914.4mm)"
https://assets.tripplite.com/product-pdfs/en/dwm2655m.pdf,//media.digikey.com/Photos/Tripplite%20Photos/MFG_DWM2655M.jpg,DWM2655M-ND,DWM2655M,Tripp Lite,TV WALL MOUNT,0,0,"117.05000","0","1","DWM","Active","Mount","Black","-"
-,-,980.5317.000-ND,980.5317.000,Altech Corporation,CS-3000 SYSTEM CS-3000 LICHTAMP-,0,0,"122.55000","0","1","*","Active","-","-","-"
https://assets.tripplite.com/product-pdfs/en/ddr1527sdc.pdf,//media.digikey.com/Photos/Tripplite%20Photos/MFG_DDR1527SDC.jpg,DDR1527SDC-ND,DDR1527SDC,Tripp Lite,DUAL VERTICAL DESK MOUNT MONITOR,0,0,"125.49000","0","1","-","Active","-","-","-"
-,-,101.5179.000-ND,101.5179.000,Altech Corporation,BASE WALL FLANGE RAL7035 CS-2000,0,0,"135.00000","0","1","-","Active","Joint","-","-"
-,-,PBB0150BLK-ND,PBB0150BLK,Panduit Corp,STCHN PST YLW 38"" W/BLK STRIPE,0,0,"136.06000","0","1","-","Active","Post","Yellow, Black Stripe","38.00"" H (965.2mm)"
-,-,PBB0150BLU-ND,PBB0150BLU,Panduit Corp,STCHN PST YLW 38"" W/BLU STRIPE,0,0,"136.06000","0","1","-","Active","Post","Yellow, Blue Stripe","38.00"" H (965.2mm)"
-,-,PBB0150GRN-ND,PBB0150GRN,Panduit Corp,STCHN PST YLW 38"" W/GRN STRIPE,0,0,"136.06000","0","1","-","Active","Post","Yellow, Green Stripe","38.00"" H (965.2mm)"
-,-,PBB0150MAG-ND,PBB0150MAG,Panduit Corp,STCHN PST YLW 38"" W/MGN STRIPE,0,0,"136.06000","0","1","-","Active","Post","Yellow, Magenta Stripe","38.00"" H (965.2mm)"
-,-,PBB0150ORN-ND,PBB0150ORN,Panduit Corp,STCHN PST YLW 38"" W/ORN STRIPE,0,0,"136.06000","0","1","-","Active","Post","Yellow, Orange Stripe","38.00"" H (965.2mm)"
-,-,PBB0150RED-ND,PBB0150RED,Panduit Corp,STCHN PST YLW 38"" W/RED STRIPE,0,0,"136.06000","0","1","-","Active","Post","Yellow, Red Stripe","38.00"" H (965.2mm)"
-,-,PBB0150WHT-ND,PBB0150WHT,Panduit Corp,STCHN PST YLW 38"" W/WHT STRIPE,0,0,"136.06000","0","1","-","Active","Post","Yellow, White Stripe","38.00"" H (965.2mm)"
-,//media.digikey.com/Photos/3M%20Photos/MFG_615+.jpg,615+COLLAR-ND,615+COLLAR,3M,FIRE BARRIER DUCT WRAP COLLAR,0,0,"137.19000","0","1","*","Active","Fire Barrier Duct Wrap","-","-"
-,-,PBB0152GLOW-ND,PBB0152GLOW,Panduit Corp,STCHN PST YLW 38"" W/GLOW,0,0,"138.16000","0","1","-","Active","Post","Yellow, Glow Stripe","38.00"" H (965.2mm)"
-,-,PBB0152GRNF-ND,PBB0152GRNF,Panduit Corp,STCHN PST YLW 38"" W/FLUO GRN,0,0,"138.16000","0","1","-","Active","Post","Yellow, Green Stripe","38.00"" H (965.2mm)"
-,-,PBB0152ORNF-ND,PBB0152ORNF,Panduit Corp,STCHN PST YLW 38"" W/FLUO ORNG,0,0,"138.16000","0","1","-","Active","Post","Yellow, Orange Stripe","38.00"" H (965.2mm)"
-,-,PBB0152REDF-ND,PBB0152REDF,Panduit Corp,STCHN PST YLW 38"" W/FLUO RED,0,0,"138.16000","0","1","-","Active","Post","Yellow, Red Stripe","38.00"" H (965.2mm)"
-,-,PBB0152RRED-ND,PBB0152RRED,Panduit Corp,STCHN PST YLW 38"" W/REFL RED,0,0,"138.16000","0","1","-","Active","Post","Yellow, Red Stripe","38.00"" H (965.2mm)"
-,-,PBB0152RWHT-ND,PBB0152RWHT,Panduit Corp,STCHN PST YLW 38"" W/REFL WHT,0,0,"138.16000","0","1","-","Active","Post","Yellow, White Stripe","38.00"" H (965.2mm)"
-,-,PBB0152RYEL-ND,PBB0152RYEL,Panduit Corp,STCHN PST YLW 38"" W/REFL YEL,0,0,"138.16000","0","1","-","Active","Post","Yellow, Yellow Stripe","38.00"" H (965.2mm)"
https://assets.tripplite.com/product-pdfs/en/dwm1327sp.pdf,//media.digikey.com/Photos/Tripplite%20Photos/MFG_DWM1327SP.jpg,DWM1327SP-ND,DWM1327SP,Tripp Lite,TV WALL MOUNT,0,0,"140.28000","0","1","DWM","Active","Mount","Black","-"
https://www.storm-interface.com/fileuploader/download/download/?d=0&file=custom%2Fupload%2FFile-1413896155.pdf,//media.digikey.com/photos/Storm%20Interface%20Photos/DEEM0103.jpg,MGR1679-ND,DEEM0103,Storm Interface,BRK GLSS EMRGNCY OVERIDE SW,0,0,"142.81400","0","5","-","Active","-","-","-"
-,-,952.4500.002-ND,952.4500.002,Altech Corporation,CS-3000 ALUM CONNECTION SECTION,0,7,"147.38000","0","1","*","Active","-","-","-"
https://assets.tripplite.com/product-pdfs/en/ddr1032se.pdf,//media.digikey.com/Photos/Tripplite%20Photos/MFG_DDR1032SE.jpg,DDR1032SE-ND,DDR1032SE,Tripp Lite,TV DESK MNT,0,0,"147.46000","0","1","DDR","Active","Mount","Black","15.70"" L x 14.90"" W x 10.20"" H (398.8mm x 378.5mm x 259.1mm)"
https://assets.tripplite.com/product-pdfs/en/dwm1742s.pdf,//media.digikey.com/Photos/Tripplite%20Photos/MFG_DWM1742S.jpg,DWM1742S-ND,DWM1742S,Tripp Lite,TV WALL MOUNT,0,0,"148.90000","0","1","DWM","Active","Mount","Black","-"
https://assets.tripplite.com/product-pdfs/en/ddr1327s.pdf,//media.digikey.com/Photos/Tripplite%20Photos/MFG_DDR1327S.jpg,DDR1327S-ND,DDR1327S,Tripp Lite,TV DESK MNT,0,0,"149.21000","0","1","DDR","Active","Mount","Black","-"
-,-,PBB0003-ND,PBB0003,Panduit Corp,113'OSHA COMP PNT 18X18 FL OR,0,0,"149.38000","0","1","*","Active","-","-","-"
-,-,PBB0004-ND,PBB0004,Panduit Corp,113'PENNANT 18X18 FLO ORN VINY,0,0,"149.38000","0","1","-","Active","Flag Tape Barricade","Orange","113.00' L (34.44m)"
https://assets.tripplite.com/product-pdfs/en/ddr1327dcs.pdf,//media.digikey.com/Photos/Tripplite%20Photos/MFG_DDR1327DCS.jpg,DDR1327DCS-ND,DDR1327DCS,Tripp Lite,TV DESK MNT,0,0,"156.39000","0","1","DDR","Active","Mount","Black","33.86"" L x 12.52"" W x 4.45"" H (860.0mm x 318.0mm x 113.0mm)"
https://assets.tripplite.com/product-pdfs/en/ddr1327sdfc.pdf,//media.digikey.com/Photos/Tripplite%20Photos/MFG_DDR1327SDFC.jpg,DDR1327SDFC-ND,DDR1327SDFC,Tripp Lite,TV DESK MNT,0,0,"158.03000","0","1","DDR","Active","Mount","Black","33.63"" L x 20.08"" W x 4.53"" H (854.2mm x 510.0mm x 115.0mm)"
-,-,101.7300.007-ND,101.7300.007,Altech Corporation,ELBOW RAL9006 CS-3000NEXT,0,0,"164.77000","0","1","*","Active","-","-","-"
https://assets.tripplite.com/product-pdfs/en/dwm3770x.pdf,//media.digikey.com/Photos/Tripplite%20Photos/MFG_DWM3770X.jpg,DWM3770X-ND,DWM3770X,Tripp Lite,TV WALL MOUNT,0,0,"168.66000","0","1","DWM","Active","Mount","Black","23.62"" L x 17.32"" W x 20.62"" H (599.9mm x 439.9mm x 523.7mm)"
https://assets.tripplite.com/product-pdfs/en/ddr1026sd.pdf,//media.digikey.com/Photos/Tripplite%20Photos/MFG_DDR1026SD.jpg,DDR1026SD-ND,DDR1026SD,Tripp Lite,TV DESK MNT,0,0,"174.09000","0","1","DDR","Active","Mount","Black","28.90"" L x 15.70"" W x 10.20"" H (734.1mm x 398.8mm x 259.1mm)"
https://assets.tripplite.com/product-pdfs/en/ddr1327nbmsc.pdf,//media.digikey.com/Photos/Tripplite%20Photos/MFG_DDR1327NBMSC.jpg,DDR1327NBMSC-ND,DDR1327NBMSC,Tripp Lite,TV DESK MNT,0,0,"179.32000","0","1","DDR","Active","Mount","Black","33.86"" L x 12.52"" W x 4.45"" H (860.0mm x 318.0mm x 113.0mm)"
-,-,101.5300.008-ND,101.5300.008,Altech Corporation,ELBOW RAL7016 CS-3000,0,5,"187.67000","0","1","*","Active","-","-","-"
-,-,101.5300.001-ND,101.5300.001,Altech Corporation,STRAIGHT COUPLING RAL7016 CS-300,0,6,"188.68000","0","1","*","Active","-","-","-"
//media.digikey.com/pdf/Data%20Sheets/Storm%20Interface%20PDFs/DEL6003.pdf,//media.digikey.com/Photos/Storm%20Interface%20Photos/DEL6003.jpg,MGR1675-ND,DEL6003,Storm Interface,MAGNETIC DOOR LOCK 600LBS,0,0,"237.35000","0","5","-","Active","-","-","-"
http://multimedia.3m.com/mws/media/86864O/3mtm-scotchpadtm-custom-white-carry-handles-8327-8328.pdf,-,8310-1""X17""X3""-ND,8310-1""X17""X3"",3M,OUR CARRY HANDLE 8310 LETS YOU Q,0,0,"237.87000","0","1","-","Active","Carry Handle Strips","White","17.02"" L x 0.98"" W (432.1mm x 24.9mm)"
-,-,PTS179-ND,PTS179,Panduit Corp,"SGN STND,IRON BASE,14"", STEEL PO",0,0,"241.31000","0","1","-","Active","Post","Black","48.00"" H (1219.20mm)"
-,-,952.4700.004-ND,952.4700.004,Altech Corporation,CS-3000NEXT ALUMINUM TUBE 55X75X,0,0,"243.68000","0","1","*","Active","-","-","-"
//media.digikey.com/pdf/Data%20Sheets/Storm%20Interface%20PDFs/DEPS030.pdf,//media.digikey.com/Photos/Storm%20Interface%20Photos/DEPS0303.jpg,MGR1674-ND,DEPS0303,Storm Interface,12V/6A 24V/3A DC POWER SUPPLY,0,0,"244.40800","0","5","-","Active","-","Black","11.22"" L x 8.66"" W x 3.31"" H (285.0mm x 220.0mm x 84.0mm)"
-,-,PBB0164-ND,PBB0164,Panduit Corp,"STEEL STANCHION POST, YL BK",0,0,"250.09000","0","1","-","Active","Post","Yellow","2.00"" Dia x 34.00"" H (50.8mm x 863.6mm)"
https://assets.tripplite.com/product-pdfs/en/ddr1327sqfc.pdf,//media.digikey.com/Photos/Tripplite%20Photos/MFG_DDR1327SQFC.jpg,DDR1327SQFC-ND,DDR1327SQFC,Tripp Lite,TV DESK MNT,0,0,"255.58000","0","1","DDR","Active","Mount","Black","34.65"" L x 33.62"" W x 4.53"" H (880.1mm x 853.9mm x 115.1mm)"
-,-,101.5172.000-ND,101.5172.000,Altech Corporation,ELBOW COUPLING FOR TORQUE LOAD R,0,0,"261.85000","0","1","*","Active","-","-","-"
-,-,PBB0119BLK-ND,PBB0119BLK,Panduit Corp,"PLASTIC CHAIN STD, BK, 100-FT",0,0,"264.56000","0","1","-","Active","Chain Link","Black","2.00"" L x 1.00"" W x 0.25"" H (50.8mm x 25.4mm x 6.4mm)"
-,-,PBB0119RED-ND,PBB0119RED,Panduit Corp,"PLASTIC CHAIN STD, RD, 100-FT",0,0,"264.56000","0","1","-","Active","Chain Link","Red","2.00"" L x 1.00"" W x 0.25"" H (50.8mm x 25.4mm x 6.4mm)"
-,-,PBB0119WHT-ND,PBB0119WHT,Panduit Corp,"PLASTIC CHAIN STD, WT, 100-FT",0,0,"264.56000","0","1","-","Active","Chain Link","White","2.00"" L x 1.00"" W x 0.25"" H (50.8mm x 25.4mm x 6.4mm)"
-,-,PBB0119YEL-ND,PBB0119YEL,Panduit Corp,"PLASTIC CHAIN STD, YL, 100-FT",0,0,"264.56000","0","1","-","Active","Chain Link","Yellow","2.00"" L x 1.00"" W x 0.25"" H (50.8mm x 25.4mm x 6.4mm)"
https://assets.tripplite.com/product-pdfs/en/dmr1015x3.pdf,-,DMR1015X3-ND,DMR1015X3,Tripp Lite,TRIPLE FLAT-PANEL RAIL WALL MOUN,0,0,"268.04000","0","1","-","Active","Mount","Silver","3.35"" L x 50.00"" W x 4.73"" H (85.1mm x 1270.0mm x 120.1mm)"
http://multimedia.3m.com/mws/media/86864O/3mtm-scotchpadtm-custom-white-carry-handles-8327-8328.pdf,-,8320-1""X17""X3""-ND,8320-1""X17""X3"",3M,OUR CARRY HANDLE 8320 TRANSFORMS,0,0,"269.49000","0","1","-","Active","Carry Handle Strips","White","17.02"" L x 0.98"" W (432.1mm x 24.9mm)"
-,//media.digikey.com/Photos/3M%20Photos/MFG_615+.jpg,615+24-ND,615+24,3M,FIRE BARRIER DUCT WRAP 615+ 24"",0,0,"272.48000","0","1","*","Active","Fire Barrier Duct Wrap","-","-"
-,-,MAWF00-1PK-ND,MAWF00-1PK,3M,FILTRETE MICRO ALLERGEN REDUCTIO,0,0,"280.58000","0","1","-","Active","-","-","-"
-,-,MAWF01-1PK-ND,MAWF01-1PK,3M,FILTRETE MICRO ALLERGEN REDUCTIO,0,0,"280.58000","0","1","-","Active","-","-","-"
-,-,MAWF02-1PK-ND,MAWF02-1PK,3M,FILTRETE MICRO ALLERGEN REDUCTIO,0,0,"280.58000","0","1","-","Active","-","-","-"
-,-,MAWF03-1PK-ND,MAWF03-1PK,3M,FILTRETE MICRO ALLERGEN REDUCTIO,0,0,"280.58000","0","1","-","Active","-","-","-"
-,-,PBB0006BY-ND,PBB0006BY,Panduit Corp,15' YL RACK MNT RETR BELT-HOSE C,0,0,"286.79000","0","1","-","Active","Belt Tape Barricade","Black Legend, Black and Yellow Background","15.00' L (4.57m)"
-,-,PBB0006C-ND,PBB0006C,Panduit Corp,15' YL RACK MNT RETR BELT-HOSE C,0,0,"286.79000","0","1","-","Active","Belt Tape Barricade","Black Legend, Black and Yellow Background","15.00' L (4.57m)"
https://assets.tripplite.com/product-pdfs/en/ddr1026mq.pdf,//media.digikey.com/Photos/Tripplite%20Photos/MFG_DDR1026MQ.jpg,DDR1026MQ-ND,DDR1026MQ,Tripp Lite,TV DESK MNT,0,0,"289.18000","0","1","DDR","Active","Mount","Black","28.90"" L x 25.90"" W x 10.20"" H (734.1mm x 657.9mm x 259.1mm)"
http://multimedia.3m.com/mws/media/86864O/3mtm-scotchpadtm-custom-white-carry-handles-8327-8328.pdf,-,8315-1-3/8""X23""X6""-ND,8315-1-3/8""X23""X6"",3M,OUR CARRY HANDLE 8315 TRANSFORMS,0,0,"294.22000","0","1","-","Active","Carry Handle Strips","White","22.99"" L x 1.38"" W (583.9mm x 35.1mm)"
-,-,MAWF22-1PK-ND,MAWF22-1PK,3M,FILTRETE MICRO ALLERGEN REDUCTIO,0,0,"297.18000","0","1","-","Active","-","-","-"
-,-,PBB0081-ND,PBB0081,Panduit Corp,"FLOOR ID PLATE, 8.5X5.5, 10/PK",0,0,"299.38000","0","1","-","Active","ID Plate","Silver","8.50"" L x 5.50"" W (215.9mm x 139.7mm)"
-,-,PBB0007BY-ND,PBB0007BY,Panduit Corp,15' YL RACK MNT RETR BELT-MAGNET,0,0,"299.54000","0","1","-","Active","Belt Tape Barricade","Black Legend, Black and Yellow Background","15.00' L (4.57m)"
-,-,PBB0007C-ND,PBB0007C,Panduit Corp,15' YL RACK MNT RETR BELT-MAGNET,0,0,"299.54000","0","1","-","Active","Belt Tape Barricade","Black Legend, Black and Yellow Background","15.00' L (4.57m)"
-,-,101.7300.003-ND,101.7300.003,Altech Corporation,ELBOW COUPLING RAL9006 CS-3000NE,0,0,"300.33000","0","1","*","Active","-","-","-"
-,-,101.5163.000-ND,101.5163.000,Altech Corporation,STRAIGHT COUPLING RAL7035 KUPPLU,0,0,"302.58000","0","1","-","Active","Coupler","-","-"
-,-,952.4500.005-ND,952.4500.005,Altech Corporation,CS-3000 ALUMCONNECTION SECTION 7,0,0,"302.88000","0","1","*","Active","-","-","-"
-,-,101.5300.002-ND,101.5300.002,Altech Corporation,ELBOW COUPLING RAL7016 CS-3000,0,10,"305.41000","0","1","*","Active","-","-","-"
-,-,101.6707.000-ND,101.6707.000,Altech Corporation,ELBOW S.60 NE RAL7035 P (FOR 60X,0,0,"313.38000","0","1","*","Active","-","-","-"
-,-,PTS180-ND,PTS180,Panduit Corp,"SGN STND,IRON BASE,18"", STEEL PO",0,0,"316.09000","0","1","-","Active","Post","Black","48.00"" H (1219.20mm)"
http://multimedia.3m.com/mws/media/86864O/3mtm-scotchpadtm-custom-white-carry-handles-8327-8328.pdf,-,83301-3/8""X23""X6""-ND,83301-3/8""X23""X6"",3M,OUR CARRY HANDLE 8330 ATTACHES T,0,0,"316.26000","0","1","-","Active","Carry Handle Strips","White","22.99"" L x 1.38"" W (583.9mm x 35.1mm)"
-,-,PFM0001-ND,PFM0001,Panduit Corp,"FLOOR ID PLATE, 12X7.5, 10/PK",0,0,"321.02000","0","1","-","Active","ID Plate","Silver","12.00"" L x 7.50"" W (304.8mm x 190.5mm)"
-,-,PBB0124-ND,PBB0124,Panduit Corp,OUTDR RETR RECVR PST ALU BLK FOR,0,0,"350.53000","0","1","-","Active","Post","Black","40.00"" H (1016.0mm)"
-,-,PBB0125-ND,PBB0125,Panduit Corp,OUTDR RETR RECVR PST ALU YLW FOR,0,0,"350.53000","0","1","-","Active","Post","Yellow","40.00"" H (1016.0mm)"
-,-,PTS181-ND,PTS181,Panduit Corp,"SGN STND,RUBBR BASE,STEEL POST",0,0,"350.53000","0","1","-","Active","Stand","Black, White","-"
//media.digikey.com/pdf/Data%20Sheets/Storm%20Interface%20PDFs/StrikeMaster_ES_Ds.pdf,//media.digikey.com/Photos/Storm%20Interface%20Photos/MFG_DXPS1W103.jpg,DXPS1W103-ND,DXPS1W103,Storm Interface,SECURE CONTRLLR W/BCKLT KYPD KIT,0,0,"355.09000","0","1","DXPS","Active","-","-","-"
-,-,101.5300.005-ND,101.5300.005,Altech Corporation,ROTARY JOINT STANDFUSS DREHBAR,0,10,"358.31000","0","1","*","Active","-","-","-"
-,-,PBB0009BY-ND,PBB0009BY,Panduit Corp,20' YL RACK MNT RETR BELT-HOSE C,0,0,"363.26000","0","1","-","Active","Belt Tape Barricade","Black Legend, Black and Yellow Background","20.00' L (6.10m)"
-,-,PBB0009C-ND,PBB0009C,Panduit Corp,20' YL RACK MNT RETR BELT-HOSE C,0,0,"363.26000","0","1","-","Active","Belt Tape Barricade","Black Legend, Black and Yellow Background","20.00' L (6.10m)"
-,-,952.4700.006-ND,952.4700.006,Altech Corporation,CS-3000NEXT ALUMINUM TUBE 55X75X,0,0,"367.60000","0","1","*","Active","-","-","-"
//media.digikey.com/pdf/Data%20Sheets/Storm%20Interface%20PDFs/DEL12003.pdf,//media.digikey.com/Photos/Storm%20Interface%20Photos/DEL12003.jpg,MGR1676-ND,DEL12003,Storm Interface,MAGNETIC DOOR LOCK 1200LBS,0,0,"369.13200","0","5","-","Active","-","-","-"
//media.digikey.com/pdf/Data%20Sheets/Storm%20Interface%20PDFs/StrikeMaster_ES_Ds.pdf,//media.digikey.com/Photos/Storm%20Interface%20Photos/MFG_DXPS1K103.jpg,DXPS1K103-ND,DXPS1K103,Storm Interface,SECURE CONTRLLR W/MTL KEYPAD KIT,0,0,"370.65000","0","1","DXPS","Active","-","-","-"
-,-,PBB0011BY-ND,PBB0011BY,Panduit Corp,20' YL RACK MNT RETR BELT-MAGNET,0,0,"376.02000","0","1","-","Active","Belt Tape Barricade","Black Legend, Black and Yellow Background","20.00' L (6.10m)"
-,-,PBB0011C-ND,PBB0011C,Panduit Corp,20' YL RACK MNT RETR BELT-MAGNET,0,0,"376.02000","0","1","-","Active","Belt Tape Barricade","Black Legend, Black and Yellow Background","20.00' L (6.10m)"
-,-,PBB0026-ND,PBB0026,Panduit Corp,RETR BANNER BARRIER AREA CLOSED,0,0,"402.15000","0","1","-","Active","Banner Barrier","Black, Red, White","4.50' W x 2.67' H (1.37m x 0.81m)"
-,-,PBB0027-ND,PBB0027,Panduit Corp,RETR BANNER BARRIER CTN NO ENTRY,0,0,"402.15000","0","1","*","Active","-","-","-"
-,-,PBB0028-ND,PBB0028,Panduit Corp,RETR BANNER BARRIER CTN PPE REQ,0,0,"402.15000","0","1","*","Active","-","-","-"
-,-,101.6710.000-ND,101.6710.000,Altech Corporation,TORQUE COUPLER .S.60 NE RAL7035,0,0,"402.28000","0","1","*","Active","-","-","-"
-,-,101.5300.007-ND,101.5300.007,Altech Corporation,WALL JOINT RAL7016 CS-3000,0,7,"402.71000","0","1","*","Active","-","-","-"
//media.digikey.com/pdf/Data%20Sheets/Storm%20Interface%20PDFs/DEGL12003.pdf,-,MGR1677-ND,DEGL12003,Storm Interface,MAGNETIC GATE LOCK 1200LBS,0,0,"415.68600","0","5","-","Active","-","-","-"
-,-,CS-195+/BULK28X52-ND,CS-195+/BULK28X52,3M,FIRE BARRIER COMPOSITE SHEET 28"",0,0,"419.41000","0","1","*","Active","Fire Barrier Composite Sheet","-","-"
-,-,101.5176.000-ND,101.5176.000,Altech Corporation,WALL JOINT HORIZONTAL OUTLET RAL,0,0,"420.37000","0","1","-","Active","Joint","-","-"
-,-,101.5175.000-ND,101.5175.000,Altech Corporation,TOP JOINT RAL7035 CS-2000 SL,0,0,"420.39000","0","1","-","Active","Joint","-","-"
-,-,101.5178.000-ND,101.5178.000,Altech Corporation,BASE JOINT ROTATING RAL7035 CS-2,0,0,"420.39000","0","1","*","Active","-","-","-"
-,-,PBB0013BY-ND,PBB0013BY,Panduit Corp,25' YL RACK MNT RETR BELT-HOSE C,0,0,"420.63000","0","1","-","Active","Belt Tape Barricade","Black Legend, Black and Yellow Background","25.00' L (7.62m)"
-,-,PBB0013C-ND,PBB0013C,Panduit Corp,25' YL RACK MNT RETR BELT-HOSE C,0,0,"420.63000","0","1","-","Active","Belt Tape Barricade","Black Legend, Black and Yellow Background","25.00' L (7.62m)"
-,-,CS-195+/BX36X41-ND,CS-195+/BX36X41,3M,FIRE BARRIER COMPOSITE SHEET 36"",0,0,"421.54000","0","1","*","Active","Fire Barrier Composite Sheet","-","-"
-,-,101.6700.000-ND,101.6700.000,Altech Corporation,COUPLING 50 NE RAL7035 CS-2000 S,0,0,"424.98000","0","1","*","Active","-","-","-"
-,-,PBB0015BY-ND,PBB0015BY,Panduit Corp,25' YL RACK MNT RETR BELT-MAGNET,0,0,"439.74000","0","1","-","Active","Belt Tape Barricade","Black Legend, Black and Yellow Background","25.00' L (7.62m)"
-,-,PBB0015C-ND,PBB0015C,Panduit Corp,25' YL RACK MNT RETR BELT-MAGNET,0,0,"439.74000","0","1","-","Active","Belt Tape Barricade","Black Legend, Black and Yellow Background","25.00' L (7.62m)"
https://assets.tripplite.com/product-pdfs/en/dmcs3270xp.pdf,-,DMCS3270XP-ND,DMCS3270XP,Tripp Lite,MOBILE FLAT-PANEL FLOOR STAND FO,0,0,"452.52000","0","1","-","Active","Mount","Black, Silver","81.50"" L x 32.60"" W x 27.60"" H (2070.1mm x 828.0mm x 701.0mm)"
-,-,101.5165.000-ND,101.5165.000,Altech Corporation,ELBOW COUPLING RAL7035 WINNKELKU,0,0,"463.61000","0","1","-","Active","Coupler","-","-"
-,-,101.5300.004-ND,101.5300.004,Altech Corporation,INTERMEDIATE JOINT RAL7016 CS-30,0,9,"476.10000","0","1","*","Active","-","-","-"
-,//media.digikey.com/Photos/3M%20Photos/MFG_615+.jpg,615+48-ND,615+48,3M,FIRE BARRIER DUCT WRAP 615+ 48"",0,0,"512.90000","0","1","*","Active","Fire Barrier Duct Wrap","-","-"
-,-,PBB0001-ND,PBB0001,Panduit Corp,10' BLK OUTDR RETR BELT TAPE HAZ,0,0,"518.13000","0","1","-","Active","Belt Tape Barricade","Black","2.50"" Dia x 40.00"" H (63.5mm x 1016.0mm)"
-,-,PBB0002-ND,PBB0002,Panduit Corp,10' YLW OUTDR RETR BELT TAPE HAZ,0,0,"518.13000","0","1","-","Active","Belt Tape Barricade","Yellow","2.50"" Dia x 40.00"" H (63.5mm x 1016.0mm)"
-,-,101.5300.003-ND,101.5300.003,Altech Corporation,TOP JOINT RAL7016 CS-3000,0,6,"525.56000","0","1","*","Active","-","-","-"
-,-,101.5174.000-ND,101.5174.000,Altech Corporation,INTERMEDIATE JOINT RAL7035 CS-20,0,0,"532.44000","0","1","-","Active","Joint","-","-"
-,-,101.6702.000-ND,101.6702.000,Altech Corporation,STANDARD COUPLING FLANGE RAL7035,0,0,"579.89000","0","1","*","Active","-","-","-"
-,-,101.5169.000-ND,101.5169.000,Altech Corporation,TURN/TILT COUPLING RAL7035 CS-20,0,0,"610.70000","0","1","*","Active","-","-","-"
//media.digikey.com/pdf/Data%20Sheets/Storm%20Interface%20PDFs/StrikeMaster_ES_Ds.pdf,//media.digikey.com/Photos/Storm%20Interface%20Photos/MFG_DXPS1K303.jpg,DXPS1K303-ND,DXPS1K303,Storm Interface,SECURE CONTRLLR W/MTL KEYPAD KIT,0,0,"611.71000","0","1","DXPS","Active","-","-","-"
//media.digikey.com/pdf/Data%20Sheets/Storm%20Interface%20PDFs/StrikeMaster_ES_Ds.pdf,//media.digikey.com/Photos/Storm%20Interface%20Photos/MFG_DXPS1W303.jpg,DXPS1W303-ND,DXPS1W303,Storm Interface,SECURE CONTRLLR W/BCKLT KYPD KIT,0,0,"673.94000","0","1","DXPS","Active","-","-","-"
-,-,101.5170.000-ND,101.5170.000,Altech Corporation,TURN/TILT ELBOW COUPLING RAL7035,0,0,"681.12000","0","1","-","Active","Coupler","-","-"
-,-,PBB0083-ND,PBB0083,Panduit Corp,"FLOOR ID PLATE, 8.5X5.5, 25/PK",0,0,"726.05000","0","1","-","Active","ID Plate","Silver","8.50"" L x 5.50"" W (215.9mm x 139.7mm)"
-,-,PFM0002-ND,PFM0002,Panduit Corp,"FLOOR ID PLATE, 12X7.5, 25/PK",0,0,"777.96000","0","1","-","Active","ID Plate","Silver","12.00"" L x 7.50"" W (304.8mm x 190.5mm)"
-,-,PBB0084-ND,PBB0084,Panduit Corp,"FLOOR ID PLATE, 8.5X5.5, 50/PK",0,0,"1408.47000","0","1","-","Active","ID Plate","Silver","8.50"" L x 5.50"" W (215.9mm x 139.7mm)"
-,-,PFM0003-ND,PFM0003,Panduit Corp,"FLOOR ID PLATE, 12X7.5, 50/PK",0,0,"1510.11000","0","1","-","Active","ID Plate","Silver","12.00"" L x 7.50"" W (304.8mm x 190.5mm)"
-,-,PBB0082-ND,PBB0082,Panduit Corp,"FLOOR ID PLATE, 8.5X5.5, 100/PK",0,0,"2732.98000","0","1","-","Active","ID Plate","Silver","8.50"" L x 5.50"" W (215.9mm x 139.7mm)"
-,-,PFM0004-ND,PFM0004,Panduit Corp,"FLOOR ID PLATE, 12X7.5, 100/PK",0,0,"2929.61000","0","1","-","Active","ID Plate","Silver","12.00"" L x 7.50"" W (304.8mm x 190.5mm)"
-,-,1050.5565-ND,1050.5565,Schurter Inc.,FRONT FOIL,0,0,"3.58440","0","1000","-","Active","-","-","-"
//media.digikey.com/pdf/Data%20Sheets/PanaVise%20PDFs/863.pdf,//media.digikey.com/Photos/Panavise%20Photos/MFG_863.jpg,863PV-ND,863,Panavise,CCTV T-BAR CEILING CLIP BASE BLK,0,0,"3.99000","0","1","-","Active","Base","Black","1.75"" L x 1.06"" W (44.4mm x 26.9mm)"
//media.digikey.com/pdf/Data%20Sheets/PanaVise%20PDFs/863W.pdf,//media.digikey.com/Photos/Panavise%20Photos/MFG_863W.jpg,863WPV-ND,863W,Panavise,CCTV T-BAR CEILING CLIP BASE WHT,0,0,"3.99000","0","1","-","Active","Base","Cream","1.06"" L x 1.75"" W (26.9mm x 44.4mm)"
//media.digikey.com/pdf/Data%20Sheets/PanaVise%20PDFs/860W.pdf,//media.digikey.com/Photos/Panavise%20Photos/MFG_860W.jpg,860WPV-ND,860W,Panavise,CCTV TRI-FOOT BASE -WHITE,0,0,"4.99000","0","1","-","Active","Base","Cream","-"
//media.digikey.com/pdf/Data%20Sheets/PanaVise%20PDFs/670-A.pdf,//media.digikey.com/Photos/Panavise%20Photos/MFG_670-A.jpg,670-APV-ND,670-A,Panavise,XM SATELLITE RADIO ADAPTER PLATE,0,0,"4.99000","0","1","-","Active","Adapter Plate","Black","-"
-,//media.digikey.com/Photos/Panavise%20Photos/MFG_670-X.jpg,670-XPV-ND,670-X,Panavise,T SLOT ADAPTER PLATE,0,0,"4.99000","0","1","-","Active","Adapter Plate","Black","-"
-,//media.digikey.com/Photos/Panavise%20Photos/MFG_730-06.jpg,730-06PV-ND,730-06,Panavise,SLIMLINE POST-CONVERTS 6"" RISE,0,0,"4.99000","0","1","-","Active","Shaft","Black","6.00"" H (152.4mm)"
//media.digikey.com/pdf/Data%20Sheets/PanaVise%20PDFs/979-06.pdf,//media.digikey.com/Photos/Panavise%20Photos/MFG_979-06.jpg,979-06PV-ND,979-06,Panavise,SOLO SERIES MDT MOUNT SHAFT 6"",0,0,"4.99000","0","1","-","Active","Shaft","Black","0.63"" Dia x 6.00"" H (15.9mm x 152.4mm)"
//media.digikey.com/pdf/Data%20Sheets/PanaVise%20PDFs/860.pdf,//media.digikey.com/Photos/Panavise%20Photos/MFG_860.jpg,860PV-ND,860,Panavise,CCTV TRI-FOOT BASE - BLACK,0,0,"4.99000","0","1","-","Active","Base","Black","-"
//media.digikey.com/pdf/Data%20Sheets/PanaVise%20PDFs/861W.pdf,//media.digikey.com/Photos/Panavise%20Photos/MFG_861W.jpg,861WPV-ND,861W,Panavise,CCTV SQUARE BASE 2.5 X 2.5 WH,0,0,"5.99000","0","1","-","Active","Base","Cream","2.50"" x 2.50"" (63.5mm x 63.5mm)"
//media.digikey.com/pdf/Data%20Sheets/PanaVise%20PDFs/979-09.pdf,//media.digikey.com/Photos/Panavise%20Photos/MFG_979-09.jpg,979-09PV-ND,979-09,Panavise,SOLO SERIES MDT MOUNT SHAFT 9"",0,0,"5.99000","0","1","-","Active","Shaft","Black","0.63"" Dia x 9.00"" H (15.9mm x 228.6mm)"
//media.digikey.com/pdf/Data%20Sheets/PanaVise%20PDFs/817-A.pdf,-,817-APV-ND,817-A,Panavise,CCTV ADAPTER UNIT W/FLEX MNT,0,0,"7.49000","0","1","-","Active","Mount","Black","-"
-,//media.digikey.com/Photos/Panavise%20Photos/MFG_730-09.jpg,730-09PV-ND,730-09,Panavise,SLIMLINE POST-CONVERTS 9"" RISE,0,0,"7.99000","0","1","-","Active","Shaft","Black","9.00"" H (228.6mm)"
//media.digikey.com/pdf/Data%20Sheets/PanaVise%20PDFs/777.pdf,//media.digikey.com/Photos/Panavise%20Photos/MFG_777.jpg,777PV-ND,777,Panavise,CLIPCADDY PHONE HOLDER,0,0,"7.99000","0","1","-","Active","Holder","Black","-"
-,//media.digikey.com/Photos/Panavise%20Photos/MFG_848-03NP.jpg,848-03NPPV-ND,848-03NP,Panavise,CONDUIT MNT EXT SHAFT SILVER,0,0,"8.99000","0","1","-","Active","Mount","Silver","-"
//media.digikey.com/pdf/Data%20Sheets/PanaVise%20PDFs/862.pdf,//media.digikey.com/Photos/Panavise%20Photos/MFG_862.jpg,862PV-ND,862,Panavise,CCTV J-BOX PLATE BASE - BLACK,0,0,"8.99000","0","1","-","Active","Base","Black","2.88"" L x 4.56"" W (73.2mm x 115.8mm)"
//media.digikey.com/pdf/Data%20Sheets/PanaVise%20PDFs/862W.pdf,//media.digikey.com/Photos/Panavise%20Photos/MFG_862W.jpg,862WPV-ND,862W,Panavise,CCTV J-BOX PLATE BASE - WHITE,0,0,"8.99000","0","1","-","Active","Base","Cream","4.56"" L x 2.88"" W (115.8mm x 73.2mm)"
-,//media.digikey.com/Photos/Panavise%20Photos/MFG_326-6.jpg,326-6PV-ND,326-6,Panavise,STANDARD PHONE MNT CTRL HEAD 6"",0,0,"9.99000","0","1","-","Active","Mount","Black","-"
-,//media.digikey.com/Photos/Panavise%20Photos/MFG_730-12.jpg,730-12PV-ND,730-12,Panavise,SLIMLINE POST-CONVERTS 12"" RISE,0,0,"9.99000","0","1","-","Active","Shaft","Black","12.00"" H (304.8mm)"
-,//media.digikey.com/Photos/Panavise%20Photos/15202.JPG,15202PV-ND,15202,Panavise,ULTRA LOW PROFILE DASH MOUNT,0,0,"9.99000","0","1","-","Active","Mount","Black","-"
-,//media.digikey.com/Photos/Panavise%20Photos/MFG_856-03NP.jpg,856-03NPPV-ND,856-03NP,Panavise,CONDUIT MNT EXT SHAFT SILVER,0,0,"10.99000","0","1","-","Active","Mount","Silver","3.00"" H (76.2mm)"
//media.digikey.com/pdf/Data%20Sheets/PanaVise%20PDFs/856-03W.pdf,//media.digikey.com/Photos/Panavise%20Photos/MFG_856-03W.jpg,856-03WPV-ND,856-03W,Panavise,SHAFT 3"" W/ MALE & FEMALE 1/4-21,0,0,"12.99000","0","1","-","Active","Shaft","Cream","3.00"" H (76.2mm)"
-,//media.digikey.com/Photos/Panavise%20Photos/MFG_326-12.jpg,326-12PV-ND,326-12,Panavise,STANDARD PHONE MNT CTRL HEAD 12"",0,0,"13.99000","0","1","-","Active","Mount","Black","-"
//media.digikey.com/pdf/Data%20Sheets/PanaVise%20PDFs/856-06.pdf,//media.digikey.com/Photos/Panavise%20Photos/MFG_856-06.jpg,856-06PV-ND,856-06,Panavise,SHAFT 6"" W/ MALE & FEMALE 1/4-20,0,0,"14.99000","0","1","-","Active","Shaft","Black","6.00"" H (152.4mm)"
//media.digikey.com/pdf/Data%20Sheets/PanaVise%20PDFs/856-06W.pdf,//media.digikey.com/Photos/Panavise%20Photos/MFG_856-06W.jpg,856-06WPV-ND,856-06W,Panavise,SHAFT 6"" W/ MALE & FEMALE 1/4-21,0,0,"14.99000","0","1","-","Active","Shaft","Cream","6.00"" H (152.4mm)"
//media.digikey.com/pdf/Data%20Sheets/PanaVise%20PDFs/851-00W.pdf,//media.digikey.com/Photos/Panavise%20Photos/MFG_851-00W.jpg,851-00WPV-ND,851-00W,Panavise,KNUCKLE W/MALE & FEMALE 1/4- 21,0,0,"15.99000","0","1","-","Active","Knuckle","Cream","2.50"" H (63.5mm)"
-,//media.digikey.com/Photos/Panavise%20Photos/MFG_767-GR2.jpg,767-GR2PV-ND,767-GR2,Panavise,GARMIN ADAPTER PLATE,0,0,"15.99000","0","1","-","Active","Adapter Plate","Black","-"
-,//media.digikey.com/Photos/Panavise%20Photos/MFG_767-TT2.jpg,767-TT2PV-ND,767-TT2,Panavise,TOM TOM ADAPTER PLATE,0,0,"15.99000","0","1","-","Active","Adapter Plate","Black","-"
//media.digikey.com/pdf/Data%20Sheets/PanaVise%20PDFs/864.pdf,//media.digikey.com/Photos/Panavise%20Photos/MFG_864.jpg,864PV-ND,864,Panavise,CCTV MAGNET BASE - BLACK,0,0,"16.99000","0","1","-","Active","Base","Black","2.75"" Dia x 0.39"" H (69.8mm x 9.8mm)"
//media.digikey.com/pdf/Data%20Sheets/PanaVise%20PDFs/865.pdf,//media.digikey.com/Photos/Panavise%20Photos/MFG_865.jpg,865PV-ND,865,Panavise,CCTV CORNER / PIPE BASE - BLACK,0,0,"16.99000","0","1","-","Active","Mount","Black","2.88"" H (73.2mm)"
//media.digikey.com/pdf/Data%20Sheets/PanaVise%20PDFs/865W.pdf,//media.digikey.com/Photos/Panavise%20Photos/MFG_865W.jpg,865WPV-ND,865W,Panavise,CCTV CORNER / PIPE BASE - WHITE,0,0,"16.99000","0","1","-","Active","Mount","Cream","2.88"" H (73.2mm)"
//media.digikey.com/pdf/Data%20Sheets/PanaVise%20PDFs/685-S.pdf,//media.digikey.com/Photos/Panavise%20Photos/MFG_685-S.jpg,685-SPV-ND,685-S,Panavise,TIPPER W/1/4-20 STUD & HARDWARE,0,0,"16.99000","0","1","-","Active","Adapter Plate","Black","-"
//media.digikey.com/pdf/Data%20Sheets/PanaVise%20PDFs/685-OP.pdf,//media.digikey.com/Photos/Panavise%20Photos/MFG_685-OP.jpg,685-OPPV-ND,685-OP,Panavise,OFFSET TIPPER W/AMPS HEAD PLATE,0,0,"17.99000","0","1","-","Active","Mount","Black","-"
//media.digikey.com/pdf/Data%20Sheets/PanaVise%20PDFs/685-PM.pdf,//media.digikey.com/Photos/Panavise%20Photos/MFG_685-PM.jpg,685-PMPV-ND,685-PM,Panavise,TIPPER W/AMPS HEAD PLATE HRDWRE,0,0,"17.99000","0","1","-","Active","Adapter Plate","Black","-"
