Datasheets,Image,Digi-Key Part Number,Manufacturer Part Number,Manufacturer,Description,Quantity Available,Factory Stock,Unit Price (USD),@ qty,Minimum Quantity,"Series","Part Status","Accessory Type","Material","Color","For Use With/Related Products"
http://www.ftdichip.com/Support/Documents/DataSheets/Modules/DS_VDRIVE3.pdf,//media.digikey.com/Photos/FTDI%20(Future%20Tech%20Devices)/MFG_VDRIVE3-LD.JPG,768-1203-ND,VDRIVE3-LD,"FTDI, Future Technology Devices International Ltd",MOD USB FLASH DRV INTRFACE W/LID,330,0,"22.75000","0","1","Vinculum-II","Active","USB Audio Module","Plastic","Gray","USB Devices"
http://www.ftdichip.com/Support/Documents/DataSheets/Modules/DS_VDRIVE2.pdf,//media.digikey.com/photos/FTDI%20(Future%20Tech%20Devices)/VDRIVE2.JPG,768-1003-ND,VDRIVE2,"FTDI, Future Technology Devices International Ltd",MOD USB FLASH DRIVE INTERFACE,415,0,"25.23000","0","1","Vinculum","Active","USB Audio Module","Plastic","Gray","USB Devices"
https://www.mspindy.com/specifications/ACC03.pdf,//media.digikey.com/photos/Mallory%20Sonalert%20Products%20Photos/MFG_ACC03.jpg,458-1109-ND,ACC03,Mallory Sonalert Products Inc.,GASKET NEMA 4X FOR 1SC SERIES,1025,0,"0.79000","0","1","-","Active","Gasket, Seal","Neoprene","Black","Panel Mount Alarms"
https://www.knowles.com/docs/default-source/model-downloads/bf-1861-000.pdf,//media.digikey.com/Photos/Knowles%20Acoustics%20Photos/BF-1861-000.jpg,423-1158-ND,BF-1861-000,Knowles,ACOUSTIC DAMPER 1500 OHMS,3323,0,"1.59000","0","1","BF","Active","Damper","Acoustic Cloth","Green","Hearing Aids"
https://www.knowles.com/docs/default-source/model-downloads/bf-1859-000.pdf,//media.digikey.com/Photos/Knowles%20Acoustics%20Photos/BF-1859-000.JPG,423-1218-ND,BF-1859-000,Knowles,ACOUSTIC DAMPER 680 OHMS,1243,0,"1.59000","0","1","BF","Active","Damper","Acoustic Cloth","White","Hearing Aids"
https://www.te.com/commerce/DocumentDelivery/DDEController?Action=srchrtrv&DocNm=207314&DocType=Customer+Drawing&DocLang=English,//media.digikey.com/photos/Tyco%20Amp%20Photos/207314-1.jpg,A25077-ND,207314-1,TE Connectivity AMP Connectors,CONN PLUG CORD GUARD 4-6POS BLK,600,0,"2.25000","0","1","CPC","Active","Cord Guard","Nylon","Black","Microphone"
https://www.te.com/commerce/DocumentDelivery/DDEController?Action=srchrtrv&DocNm=207332&DocType=Customer+Drawing&DocLang=English,//media.digikey.com/photos/Tyco%20Amp%20Photos/207332-1.jpg,A25076-ND,207332-1,TE Connectivity AMP Connectors,CONN PLUG HOUSING CPC 6POS BLACK,778,0,"3.92000","0","1","CPC","Active","Connector Housing","Thermoplastic","Black","Microphone"
https://www.knowles.com/docs/default-source/model-downloads/bf-1922-000.pdf,//media.digikey.com/Photos/Knowles%20Acoustics%20Photos/BF-1922-000.JPG,423-1185-ND,BF-1922-000,Knowles,ACOUSTIC DAMPER ORANGE 3300OHMS,697,0,"1.59000","0","1","BF","Active","Damper","Acoustic Cloth","Orange","Hearing Aids"
https://www.knowles.com/docs/default-source/model-downloads/bf-1923-000.pdf,//media.digikey.com/Photos/Knowles%20Acoustics%20Photos/BF-1923-000.JPG,423-1186-ND,BF-1923-000,Knowles,ACOUSTIC DAMPER YELLOW 4700OHMS,645,0,"1.59000","0","1","BF","Active","Damper","Acoustic Cloth","Yellow","Hearing Aids"
https://www.knowles.com/docs/default-source/model-downloads/bf-1921-000.pdf,//media.digikey.com/Photos/Knowles%20Acoustics%20Photos/BF-1921-000.JPG,423-1184-ND,BF-1921-000,Knowles,ACOUSTIC DAMPER RED 2200OHMS,381,0,"1.59000","0","1","BF","Active","Damper","Acoustic Cloth","Red","Hearing Aids"
https://www.knowles.com/docs/default-source/model-downloads/bf-1860-000.pdf,//media.digikey.com/Photos/Knowles%20Acoustics%20Photos/BF-1860-000.JPG,423-1183-ND,BF-1860-000,Knowles,ACOUSTIC DAMPER BROWN 1000OHMS,266,0,"1.59000","0","1","BF","Active","Damper","Acoustic Cloth","Brown","Hearing Aids"
https://www.knowles.com/docs/default-source/model-downloads/bf-1999-000.pdf,//media.digikey.com/Photos/Knowles%20Acoustics%20Photos/BF-1999-000.JPG,423-1187-ND,BF-1999-000,Knowles,ACOUSTIC DAMPER GRAY 330 OHMS,131,0,"1.59000","0","1","BF","Active","Damper","Acoustic Cloth","Gray","Hearing Aids"
https://www.mspindy.com/specifications/SCVC.pdf,//media.digikey.com/photos/Mallory%20Sonalert%20Products%20Photos/SCVC.jpg,458-1047-ND,SCVC,Mallory Sonalert Products Inc.,CONTROL MANUAL VOLUME,238,0,"1.72000","0","1","-","Active","Sound Baffle","-","Black","Panel Mount Alarms"
//media.digikey.com/pdf/Reference%20Design/FDTI%20Designs/VDRIVE3_Schematic.pdf,//media.digikey.com/Photos/FTDI%20(Future%20Tech%20Devices)/VDRIVE3.jpg,768-1180-ND,VDRIVE3,"FTDI, Future Technology Devices International Ltd",MOD USB FLASH DRIVE INTERFACE,75,0,"22.75000","0","1","Vinculum-II","Active","USB Audio Module","Plastic","Gray","USB Devices"
https://www.usound.com/wp-content/uploads/2018/10/UJ-R-1020_Carme-Quick-User-Manual-0V3_Booklet.pdf,//media.digikey.com/photos/USound-GmbH/CARME.jpg,2000-1004-ND,UJ-R 1020,USound GmbH,MEMS SPEAKERS MEASUREMENT BOX,12,0,"36.16000","0","1","-","Active","Instrument Direct Box","-","-","Hearing Aids"
http://www.ftdichip.com/Support/Documents/DataSheets/Modules/DS_VMUSIC2.pdf,//media.digikey.com/photos/FTDI%20(Future%20Tech%20Devices)/VMUSIC2.jpg,768-1004-ND,VMUSIC2,"FTDI, Future Technology Devices International Ltd",MOD USB AUDIO FLASH DRIVE I/F,38,0,"37.50000","0","1","Vinculum","Active","USB Audio Module","Plastic","Gray","USB Devices"
https://www.mspindy.com/specifications/PW.pdf,//media.digikey.com/photos/Mallory%20Sonalert%20Products%20Photos/PW1.jpg,458-1043-ND,PW1,Mallory Sonalert Products Inc.,WASHER COMPRESSION SNP SERIES,179,0,"0.38000","0","1","-","Active","Washer - Compression, 0.063"" T (1.6mm)","Black Ester Foam","Black","Panel Mount Alarms"
https://www.mspindy.com/specifications/PW.pdf,//media.digikey.com/photos/Mallory%20Sonalert%20Products%20Photos/PW2.jpg,458-1044-ND,PW2,Mallory Sonalert Products Inc.,WASHER COMPRESSION SNP SERIES,417,0,"0.87000","0","1","-","Active","Washer - Compression, 0.125"" T (3.2mm)","Black Ester Foam","Black","Panel Mount Alarms"
https://www.knowles.com/docs/default-source/model-downloads/bf-1988-000.pdf,//media.digikey.com/Photos/Knowles%20Acoustics%20Photos/BF-1988-000.JPG,423-1219-ND,BF-1988-000,Knowles,ACOUSTIC DAMPER WHITE 680OHMS,96,0,"1.80000","0","1","BF","Active","Damper","Acoustic Cloth","White","Hearing Aids"
https://www.knowles.com/docs/default-source/model-downloads/bf-1995-000.pdf,//media.digikey.com/Photos/Knowles%20Acoustics%20Photos/BF-1995-000.JPG,423-1220-ND,BF-1995-000,Knowles,ACOUSTIC DAMPER RED 2200OHMS,92,0,"1.80000","0","1","BF","Active","Damper","Acoustic Cloth","Red","Hearing Aids"
//media.digikey.com/pdf/Data%20Sheets/Knowles%20Acoustics%20PDFs/TC-32485-000_Dwg.pdf,//media.digikey.com/Photos/Knowles%20Acoustics%20Photos/TC-32485-000.jpg,423-1392-ND,TC-32485-000,Knowles,MIC CASE FOR TC-32348-000 PLSTC,27,0,"2.05000","0","1","TC","Active","Microphone Holder","-","-","Microphone"
https://www.mspindy.com/specifications/RSB1.pdf,//media.digikey.com/photos/Mallory%20Sonalert%20Products%20Photos/RSB1.jpg,458-1046-ND,RSB1,Mallory Sonalert Products Inc.,BOOT VINYL TERMINAL INSULATING,50,0,"2.73000","0","1","-","Active","Boot, Insulating","Vinyl","Black","Panel Mount Alarms"
https://www.knowles.com/docs/default-source/model-downloads/5100-253441.pdf,//media.digikey.com/Photos/Knowles%20Acoustics%20Photos/5100-253441.jpg,423-1237-ND,5100-253441,Knowles,TELECOIL,31,0,"5.02000","0","1","5100","Active","Telecoil","-","-","Hearing Aids"
https://www.knowles.com/docs/default-source/model-downloads/5100-253604.pdf,//media.digikey.com/Photos/Knowles%20Acoustics%20Photos/5100-253604.JPG,423-1238-ND,5100-253604,Knowles,TELECOIL,30,0,"5.02000","0","1","5100","Active","Telecoil","-","-","Hearing Aids"
https://www.knowles.com/docs/default-source/model-downloads/0009-400.pdf,//media.digikey.com/Photos/Knowles%20Acoustics%20Photos/0009-251965.JPG,423-1226-ND,0009-251965,Knowles,PLUG / SOCKET,64,0,"5.88000","0","1","0009","Active","Programming Accessory","Thermoplastic","Tan, Brown","Hearing Aids"
//media.digikey.com/pdf/Data%20Sheets/Knowles%20Acoustics%20PDFs/TC-32349-000_REVI_Dwg.pdf,//media.digikey.com/Photos/Knowles%20Acoustics%20Photos/TC-32349-000.jpg,423-1391-ND,TC-32349-000,Knowles,MIC INLINE 1 BUTTON W/RUBBER CBL,100,0,"25.10000","0","1","TC","Active","Microphone Holder","-","-","Microphone"
http://www.switchcraft.com/Documents/600_700_702_800_900_Product_Overview.pdf,//media.digikey.com/Photos/Switchcraft%20Photos/SC700CT.JPG,SC1912-ND,SC700CT,Switchcraft Inc.,A/V DIRECT BOX,3,0,"211.68000","0","1","700","Active","A/V Direct Box","Anodized Aluminum","Black and Red","Audio/Visual Equipment"
https://www.knowles.com/docs/default-source/model-downloads/2800-401-rev-g.pdf,//media.digikey.com/Photos/Knowles%20Acoustics%20Photos/2800-253325.JPG,423-1231-ND,2800-253325,Knowles,SWITCHES,57,0,"6.60000","0","1","2800","Active","Switch","Polyamide","-","Hearing Aids"
//media.digikey.com/pdf/Data%20Sheets/Knowles%20Johanson%20Mfg/09P_Series.pdf,//media.digikey.com/Photos/Knowles%20Acoustics%20Photos/009P-253160.jpg,423-1228-ND,009P-253160,Knowles,PROGRAMMING ACCESSORIES,8,0,"36.92000","0","1","009P","Active","Programming Cable","-","Black","Hearing Aids"
//media.digikey.com/pdf/Data%20Sheets/Knowles%20Johanson%20Mfg/09P_Series.pdf,//media.digikey.com/Photos/Knowles%20Acoustics%20Photos/009P-253159.jpg,423-1227-ND,009P-253159,Knowles,PROGRAMMING ACCESSORIES,6,0,"36.92000","0","1","009P","Active","Programming Cable","-","Black","Hearing Aids"
http://www.switchcraft.com/Drawings/SC800CT_CD.pdf,//media.digikey.com/Photos/Switchcraft%20Photos/MFG_SC800CT.jpg,SC800CT-ND,SC800CT,Switchcraft Inc.,INSTRUMENT DIRECT BOX,2,0,"202.86000","0","1","800","Active","Instrument Direct Box","Anodized Aluminum","Black and Blue","Musical Instruments"
http://www.switchcraft.com/Documents/600_700_702_800_900_Product_Overview.pdf,//media.digikey.com/Photos/Switchcraft%20Photos/MFG_SC702CT.jpg,SC2001-ND,SC702CT,Switchcraft Inc.,STEREO A/V DIRECT BOX,4,0,"323.40000","0","1","702","Active","A/V Direct Box","Anodized Aluminum","Black and Red","Audio/Visual Equipment"
http://www.puiaudio.com/pdf/IVC-26.pdf,-,668-1660-ND,IVC-26,"PUI Audio, Inc.",INDICATOR VOLUME CONTROL,99,0,"1.23000","0","1","-","Active","Sound Baffle","-","Black","Programmable Indicator"
http://www.switchcraft.com/Documents/600_700_702_800_900_product_overview.pdf,//media.digikey.com/Photos/Switchcraft%20Photos/MFG_SC600.jpg,SC3535-ND,SC600,Switchcraft Inc.,DUAL ADAPTER BOX,10,0,"132.30000","0","1","600","Active","Dual Adapter Box","-","Red","Audio/Visual Equipment"
http://www.switchcraft.com/Drawings/Switchcraft%20NPB%20633%20-%20Audiostix%20370DI.pdf,//media.digikey.com/Photos/Switchcraft%20Photos/370DI.jpg,SC3556-ND,370DI,Switchcraft Inc.,DI STIX (A/V),5,0,"152.88000","0","1","-","Active","A/V Direct Box","-","Yellow","Audio/Visual Equipment"
http://www.switchcraft.com/Drawings/NPB%20623%20-%20314DI%20Audiostix.pdf,//media.digikey.com/Photos/Switchcraft%20Photos/314DI.jpg,SC3555-ND,314DI,Switchcraft Inc.,DI STIX (INSTRUMENT),5,0,"199.92000","0","1","-","Active","Instrument Direct Box","-","Blue","Musical Instruments"
http://www.switchcraft.com/Drawings/NPB%20626%20-%20AudioStix%20318BT.pdf,-,SC3557-ND,318BT,Switchcraft Inc.,BLUETOOTH DI STIX,22,0,"226.38000","0","1","-","Active","-","Anodized Aluminum","Black","Musical Instruments"
http://www.switchcraft.com/Documents/600_700_702_800_900_product_overview.pdf,//media.digikey.com/Photos/Switchcraft%20Photos/MFG_SC900CT.jpg,SC3536-ND,SC900CT,Switchcraft Inc.,INSTRUMENT DIRECT BOX,5,0,"232.26000","0","1","900","Active","Instrument Direct Box","-","Black","Musical Instruments"
-,//media.digikey.com/Photos/Switchcraft%20Photos/MFG_RMAS1.png,SC3533-ND,RMAS1,Switchcraft Inc.,1 CHANNEL SPLITTER,3,0,"236.25000","0","1","RMAS1","Active","Microphone Splitter","-","Black","Microphone"
http://www.switchcraft.com/Documents/switchcraft_sc800a_npb_609.pdf,-,SC3558-ND,SC800A,Switchcraft Inc.,INSTRUMENT DI BOX (ACTIVE),5,0,"249.90000","0","1","800","Active","Instrument Direct Box","Anodized Aluminum","Black and Blue","Musical Instruments"
http://www.switchcraft.com/Drawings/RMAS8_REVA.pdf,-,SC3534-ND,RMAS8,Switchcraft Inc.,8 CHANNEL SPLITTER,2,0,"1758.50000","0","1","RMAS8","Active","Microphone Splitter","-","Blue","Microphone"
http://www.visaton.de/sites/default/files/dd_product/pad_ex60r.pdf,-,2056-PADEX60R-ND,PAD EX 60 R,Visaton GmbH & Co. KG,GLUING PAD FOR EX 60 R EXCITER P,50,0,"4.01000","0","1","-","Active","-","-","-","Speakers"
http://www.visaton.de/sites/default/files/dd_product/pad_ex60s.pdf,-,2056-PADEX60S-ND,PAD EX 60 S,Visaton GmbH & Co. KG,GLUING PAD FOR EX 60 S EXCITER P,49,0,"4.01000","0","1","-","Active","-","-","-","Speakers"
https://www.usound.com/wp-content/uploads/2019/02/UH-R-2030_Megaclite-3.0-Quick-User-Guide-0V3.pdf,//media.digikey.com/Photos/USound-GmbH/MFG_UH-R-2030.jpg,2000-1009-ND,UH-R 2030,USound GmbH,IN-EAR HEADSET REFERENCE DESIGN,5,0,"821.48000","0","1","-","Obsolete","Earphones","-","-","-"
https://www.mspindy.com/Specifications/PNR1.PDF,//media.digikey.com/Photos/Mallory%20Sonalert%20Products%20Photos/MFG_PNR1.jpg,458-1551-ND,PNR1,Mallory Sonalert Products Inc.,REPLACEMENT PLASTIC NUT SC & SCE,0,0,"1.07000","0","1","-","Active","Mounting Nut","Plastic","Black","Panel Mount Alarms"
https://www.knowles.com/docs/default-source/model-downloads/bf-3038-000.pdf,//media.digikey.com/Photos/Knowles%20Acoustics%20Photos/BF-3038-000.JPG,423-1221-ND,BF-33432-000,Knowles,ACOUSTIC DAMPER,14,0,"1.96000","0","1","BF","Active","Damper","Acoustic Cloth","Green","Hearing Aids"
https://www.mspindy.com/specifications/ACC02.pdf,//media.digikey.com/photos/Mallory%20Sonalert%20Products%20Photos/MFG%20-%20ACC02.jpg,458-1108-ND,ACC02,Mallory Sonalert Products Inc.,TERMINAL BLOCK PLUG FOR SCE,7,0,"4.28000","0","1","-","Active","Terminal Block","Polyamide","Black","12-26 AWG Wire, 5mm Socket"
https://www.mspindy.com/Specifications/ACC01.pdf,//media.digikey.com/Photos/Mallory%20Sonalert%20Products%20Photos/MFG_ACC01.jpg,458-1549-ND,ACC01,Mallory Sonalert Products Inc.,ACCESSORY; METAL ""L"" BRACKET; FO,25,0,"8.28000","0","1","-","Active","Mounting Bracket","Aluminum","-","30mm Alarms"
https://www.knowles.com/docs/default-source/model-downloads/5300-253588.pdf,//media.digikey.com/Photos/Knowles%20Acoustics%20Photos/5300-253588.JPG,423-1240-ND,5300-253588,Knowles,TELECOIL,23,0,"13.08000","0","1","5300","Active","Telecoil","-","-","Hearing Aids"
http://www.ftdichip.com/Support/Documents/DataSheets/Modules/DS_VMUSIC3.pdf,//media.digikey.com/Photos/FTDI%20(Future%20Tech%20Devices)/MFG_VMUSIC3.jpg,768-1179-ND,VMUSIC3,"FTDI, Future Technology Devices International Ltd",MOD USB AUDIO FLASH DRIVE I/F,5,0,"35.00000","0","1","Vinculum-II","Active","USB Audio Module","Plastic","Gray","USB Devices"
https://www.knowles.com/docs/default-source/model-downloads/bf-1778.pdf,//media.digikey.com/Photos/Knowles%20Acoustics%20Photos/BF-1778-000.JPG,423-1217-ND,BF-1778-000,Knowles,ACOUSTIC DAMPER,1,0,"345.61000","0","1","BF","Active","Insertion Tool","-","-","Acoustic Dampers"
https://www.te.com/commerce/DocumentDelivery/DDEController?Action=srchrtrv&DocNm=207333&DocType=Customer+Drawing&DocLang=English,//media.digikey.com/photos/Tyco%20Amp%20Photos/207333-1.jpg,A25080-ND,207333-1,TE Connectivity AMP Connectors,CONN RECEPT HOUSING CPC 6POS BLK,6,0,"4.34000","0","1","CPC","Active","Connector Housing","Thermoplastic","Black","Microphone"
https://www.knowles.com/docs/default-source/model-downloads/2900-400717918731dff6ddbb37cff0000940c19.pdf,//media.digikey.com/Photos/Knowles%20Acoustics%20Photos/2900-253091.JPG,423-1234-ND,2900-253091,Knowles,SWITCHES,19,0,"13.67000","0","1","2900","Active","Switch","Polyamide","-","Hearing Aids"
https://www.knowles.com/docs/default-source/model-downloads/5300-253069.pdf,//media.digikey.com/Photos/Knowles%20Acoustics%20Photos/5300-253069.JPG,423-1239-ND,5300-253069,Knowles,TELECOIL,10,0,"17.58000","0","1","5300","Active","Telecoil","-","-","Hearing Aids"
http://www.puiaudio.com/pdf/AWA-DBR.pdf,//media.digikey.com/Photos/PUI%20Audio/MFG_AWA-DBR.jpg,668-1636-ND,AWA-DBR,"PUI Audio, Inc.",DEEP BASE - RED,10,0,"10.75000","0","1","AWA","Active","Base","Acrylonitrile Butadiene Styrene (ABS)","Red","Sirens"
http://www.puiaudio.com/pdf/AWA-DBW.pdf,//media.digikey.com/Photos/PUI%20Audio/MFG_AWA-DBW.jpg,668-1638-ND,AWA-DBW,"PUI Audio, Inc.",DEEP BASE - WHITE,10,0,"10.75000","0","1","AWA","Active","Base","Acrylonitrile Butadiene Styrene (ABS)","White","Sirens"
http://www.puiaudio.com/pdf/AWA-05CRC.pdf,//media.digikey.com/Photos/PUI%20Audio/MFG_AWA-05CRC.jpg,668-1634-ND,AWA-05CRC,"PUI Audio, Inc.",COMPACT SOUNDER COVER - RED,8,0,"10.75000","0","1","AWA","Active","Cover","Acrylonitrile Butadiene Styrene (ABS)","Red","Mounting Base"
http://www.puiaudio.com/pdf/AWA-DBR-120.pdf,//media.digikey.com/Photos/PUI%20Audio/MFG_AWA-DBR-120.jpg,668-1635-ND,AWA-DBR-120,"PUI Audio, Inc.",POWERED DEEP BASE RED,5,0,"59.86000","0","1","AWA","Active","Base","Acrylonitrile Butadiene Styrene (ABS)","Red","Sirens"
http://www.puiaudio.com/pdf/AWA-DBW-120.pdf,//media.digikey.com/Photos/PUI%20Audio/MFG_AWA-DBW-120.jpg,668-1637-ND,AWA-DBW-120,"PUI Audio, Inc.",POWERED DEEP BASE WHITE,5,0,"59.86000","0","1","AWA","Active","Base","Acrylonitrile Butadiene Styrene (ABS)","White","Sirens"
-,-,WB-23613-000-ND,WB-23613-000,Knowles,WAX PROTECTION,0,0,"0.50360","0","25","WB","Active","Wax Removal","-","-","Hearing Aids"
-,//media.digikey.com/Photos/Knowles%20Acoustics%20Photos/WB-23404-000.JPG,423-1376-ND,WB-23404-000,Knowles,EMC,0,0,"0.51040","0","25","WB","Active","Tool","-","-","Hearing Aids"
https://www.mspindy.com/specifications/PW.pdf,-,458-1045-ND,PW3,Mallory Sonalert Products Inc.,WASHER COMPRESSION SNP SERIES,0,0,"0.67840","0","25","-","Active","Washer - Compression, 0.187"" T (4.7mm)","Black Ester Foam","Black","Panel Mount Alarms"
https://www.mspindy.com/Specifications/22MMGASKET.pdf,//media.digikey.com/Photos/Mallory%20Sonalert%20Products%20Photos/MFG_22MMGASKET.jpg,22MMGASKET-ND,22MMGASKET,Mallory Sonalert Products Inc.,REPLACEMENT NEMA GASKET FOR ZA &,0,0,"0.92000","0","1","-","Active","Gasket","Neoprene","-","ZA and ZT Series Alarms"
https://www.knowles.com/docs/default-source/model-downloads/bf-3034-000.pdf,-,BF-3034-000-ND,BF-3034-000,Knowles,ACOUSTIC DAMPER,0,0,"1.32560","0","100","BF","Active","Damper","Acoustic Cloth","Gray","Hearing Aids"
https://www.knowles.com/docs/default-source/model-downloads/bf-3035-000.pdf,-,BF-3035-000-ND,BF-3035-000,Knowles,ACOUSTIC DAMPER,0,0,"1.32560","0","100","BF","Active","Damper","Acoustic Cloth","Brown","Hearing Aids"
https://www.knowles.com/docs/default-source/model-downloads/bf-3036-000.pdf,-,BF-3036-000-ND,BF-3036-000,Knowles,ACOUSTIC DAMPER,0,0,"1.32560","0","100","BF","Active","Damper","Acoustic Cloth","Orange","Hearing Aids"
https://www.knowles.com/docs/default-source/model-downloads/bf-3037-000.pdf,-,BF-3037-000-ND,BF-3037-000,Knowles,ACOUSTIC DAMPER,0,0,"1.32560","0","100","BF","Active","Damper","Acoustic Cloth","Red","Hearing Aids"
https://www.knowles.com/docs/default-source/model-downloads/bf-3039-000.pdf,-,BF-3039-000-ND,BF-3039-000,Knowles,ACOUSTIC DAMPER,0,0,"1.32560","0","100","BF","Active","Damper","Acoustic Cloth","Green","Hearing Aids"
https://www.knowles.com/docs/default-source/model-downloads/bf-3163-000.pdf,-,BF-3163-000-ND,BF-3163-000,Knowles,ACOUSTIC DAMPER,0,0,"1.32560","0","100","BF","Active","Damper","Acoustic Cloth","Yellow","Hearing Aids"
https://www.mspindy.com/Specifications/22MMNUT.pdf,//media.digikey.com/Photos/Mallory%20Sonalert%20Products%20Photos/MFG_22MMNUT.jpg,22MMNUT-ND,22MMNUT,Mallory Sonalert Products Inc.,REPLACEMENT NUT FOR 22MM ZA & ZT,0,0,"1.33000","0","1","-","Active","Mounting Nut","-","-","ZA and ZT Series Alarms"
-,-,WB-23402-000-ND,WB-23402-000,Knowles,WAX PROTECTION,0,0,"1.66480","0","25","WB","Active","Wax Protection","-","Red","Hearing Aids"
-,-,WB-23403-000-ND,WB-23403-000,Knowles,WAX PROTECTION,0,0,"1.66480","0","25","WB","Active","Wax Protection","-","Blue","Hearing Aids"
//media.digikey.com/pdf/Data%20Sheets/Knowles%20Johanson%20Mfg/09P_Series.pdf,-,009P-252477-ND,009P-252477,Knowles,CABLE PROGRAMMING 4POS,0,0,"1.73620","0","50","009P","Active","Programming Cable","-","-","Hearing Aids"
https://www.mspindy.com/Specifications/22MMPLUG-2.pdf,//media.digikey.com/Photos/Mallory%20Sonalert%20Products%20Photos/MFG_22MMPLUG-2.jpg,22MMPLUG-2-ND,22MMPLUG-2,Mallory Sonalert Products Inc.,REPLACEMENT 2 PRONG PLUG FOR 22M,0,0,"1.85000","0","1","-","Active","2 Prong Plug","-","-","ZA and ZT Series Alarms"
-,//media.digikey.com/Photos/Knowles%20Acoustics%20Photos/WB-23828-000.JPG,423-1380-ND,WB-23828-000,Knowles,EMC,0,0,"1.92483","0","60","WB","Active","Tool","-","-","Hearing Aids"
//media.digikey.com/pdf/Data%20Sheets/Knowles%20Johanson%20Mfg/09P_Series.pdf,-,009P-253578-ND,009P-253578,Knowles,CABLE PROGRAMMING,0,0,"2.06780","0","50","009P","Active","Programming Cable","-","-","Hearing Aids"
https://www.mspindy.com/specifications/ACC09.PDF,-,ACC09-ND,ACC09,Mallory Sonalert Products Inc.,SILICONE O-RING,0,0,"2.13000","0","1","-","Active","Gasket, Seal","Silicone","Red-Orange","Panel Mount Alarms"
-,-,WB-23833-000-ND,WB-23833-000,Knowles,WAX PROTECTION,0,0,"2.19870","0","100","WB","Active","Wax Protection","-","-","Hearing Aids"
-,-,WB-23616-000-ND,WB-23616-000,Knowles,WAX PROTECTION,0,0,"2.57400","0","25","WB","Active","Cleaning Pad","-","-","Hearing Aids"
-,-,WB-23407-000-ND,WB-23407-000,Knowles,WAX PROTECTION,0,0,"2.57440","0","25","WB","Active","Guard Tube","-","-","Hearing Aids"
-,//media.digikey.com/Photos/Knowles%20Acoustics%20Photos/WB-23608-000.JPG,423-1377-ND,WB-23608-000,Knowles,EMC,0,0,"3.09600","0","25","WB","Active","Guard Tube","-","-","Hearing Aids"
-,//media.digikey.com/Photos/Knowles%20Acoustics%20Photos/WB-23609-000.JPG,423-1378-ND,WB-23609-000,Knowles,EMC,0,0,"3.09600","0","25","WB","Active","Guard Tube","-","-","Hearing Aids"
-,-,WB-23408-000-ND,WB-23408-000,Knowles,WAX PROTECTION,0,0,"3.09600","0","25","WB","Active","Guard Tube","-","-","Hearing Aids"
-,-,WB-23409-000-ND,WB-23409-000,Knowles,WAX PROTECTION,0,0,"3.09600","0","25","WB","Active","Guard Tube","-","-","Hearing Aids"
-,-,WB-23410-000-ND,WB-23410-000,Knowles,WAX PROTECTION,0,0,"3.09600","0","25","WB","Active","Guard Tube","-","-","Hearing Aids"
-,-,WB-23606-000-ND,WB-23606-000,Knowles,WAX PROTECTION,0,0,"3.09600","0","25","WB","Active","Guard Tube","-","-","Hearing Aids"
-,-,WB-23631-000-ND,WB-23631-000,Knowles,WAX PROTECTION,0,0,"3.09600","0","25","WB","Active","Guard Tube","-","-","Hearing Aids"
-,-,WB-23632-000-ND,WB-23632-000,Knowles,WAX PROTECTION,0,0,"3.09600","0","25","WB","Active","Guard Tube","-","-","Hearing Aids"
-,-,WB-23633-000-ND,WB-23633-000,Knowles,WAX PROTECTION,0,0,"3.09600","0","25","WB","Active","Guard Tube","-","-","Hearing Aids"
https://www.knowles.com/docs/default-source/model-downloads/5100-253335.pdf,-,5100-253335-ND,5100-253335,Knowles,TELECOIL,0,0,"3.24520","0","25","5100","Active","Telecoil","-","-","Hearing Aids"
https://www.knowles.com/docs/default-source/model-downloads/5100-253336.pdf,-,5100-253336-ND,5100-253336,Knowles,TELECOIL,0,0,"3.24520","0","25","5100","Active","Telecoil","-","-","Hearing Aids"
https://www.knowles.com/docs/default-source/model-downloads/5100-253413.pdf,-,5100-253413-ND,5100-253413,Knowles,TELECOIL,0,0,"3.24520","0","25","5100","Active","Telecoil","-","-","Hearing Aids"
https://www.knowles.com/docs/default-source/model-downloads/5100-253440.pdf,-,5100-253440-ND,5100-253440,Knowles,TELECOIL,0,0,"3.24520","0","25","5100","Active","Telecoil","-","-","Hearing Aids"
-,-,5100-253551-ND,5100-253551,Knowles,TELECOIL,0,0,"3.24520","0","25","5100","Active","Telecoil","-","-","Hearing Aids"
https://www.knowles.com/docs/default-source/model-downloads/5100-253565.pdf,-,5100-253565-ND,5100-253565,Knowles,TELECOIL,0,0,"3.24520","0","25","5100","Active","Telecoil","-","-","Hearing Aids"
https://www.te.com/commerce/DocumentDelivery/DDEController?Action=srchrtrv&DocNm=207316&DocType=Customer+Drawing&DocLang=English,//media.digikey.com/Photos/TE%20Connectivity/207316-1.JPG,A25078-ND,207316-1,TE Connectivity AMP Connectors,CONN RECEPT HOUSING CPC 4POS BLK,0,0,"3.37258","0","2500","CPC","Active","Connector Housing","Nylon","Black","Microphone"
https://www.te.com/commerce/DocumentDelivery/DDEController?Action=srchrtrv&DocNm=207488&DocType=Customer+Drawing&DocLang=English,//media.digikey.com/photos/Tyco%20Amp%20Photos/207488-1.jpg,A25075-ND,207488-1,TE Connectivity AMP Connectors,CONN HOUSING PIN CPC 5POS BLACK,0,0,"3.47942","0","500","CPC","Active","Connector Housing","Nylon","Black","Microphone"
https://www.knowles.com/docs/default-source/model-downloads/0009-400.pdf,-,0009-252307-ND,0009-252307,Knowles,CONN PLUG 4POS,0,0,"3.50080","0","50","0009","Active","Programming Accessory","Thermoplastic","Black","Hearing Aids"
-,//media.digikey.com/Photos/Knowles%20Acoustics%20Photos/WB-23611-000.JPG,423-1379-ND,WB-23611-000,Knowles,WAX PROTECTION,0,0,"3.62080","0","25","WB","Active","Guard Tube","-","-","Hearing Aids"
https://www.knowles.com/docs/default-source/model-downloads/5100-253144.pdf,-,5100-253144-ND,5100-253144,Knowles,TELECOIL,0,0,"3.82080","0","25","5100","Active","Telecoil","-","-","Hearing Aids"
-,-,5100-253333-ND,5100-253333,Knowles,TELECOIL,0,0,"3.82080","0","25","5100","Active","Telecoil","-","-","Hearing Aids"
https://www.knowles.com/docs/default-source/model-downloads/5100-253444.pdf,-,5100-253444-ND,5100-253444,Knowles,TELECOIL,0,0,"3.82080","0","25","5100","Active","Telecoil","-","-","Hearing Aids"
https://www.knowles.com/docs/default-source/model-downloads/5100-253445.pdf,-,5100-253445-ND,5100-253445,Knowles,TELECOIL,0,0,"3.82080","0","25","5100","Active","Telecoil","-","-","Hearing Aids"
-,-,5100-253446-ND,5100-253446,Knowles,TELECOIL,0,0,"3.82080","0","25","5100","Active","Telecoil","-","-","Hearing Aids"
https://www.knowles.com/docs/default-source/model-downloads/5100-253447.pdf,-,5100-253447-ND,5100-253447,Knowles,TELECOIL,0,0,"3.82080","0","25","5100","Active","Telecoil","-","-","Hearing Aids"
https://www.knowles.com/docs/default-source/model-downloads/5100-253450.pdf,-,5100-253450-ND,5100-253450,Knowles,TELECOIL,0,0,"3.82080","0","25","5100","Active","Telecoil","-","-","Hearing Aids"
https://www.knowles.com/docs/default-source/model-downloads/5100-253630.pdf,-,5100-253630-ND,5100-253630,Knowles,TELECOIL,0,0,"3.82080","0","25","5100","Active","Telecoil","-","-","Hearing Aids"
https://www.knowles.com/docs/default-source/model-downloads/5100-253662.pdf,-,5100-253662-ND,5100-253662,Knowles,TELECOIL,0,0,"3.82080","0","25","5100","Active","Telecoil","-","-","Hearing Aids"
https://www.knowles.com/docs/default-source/model-downloads/5100-253685.pdf,-,5100-253685-ND,5100-253685,Knowles,TELECOIL,0,0,"3.82080","0","25","5100","Active","Telecoil","-","-","Hearing Aids"
-,-,5100-253690-ND,5100-253690,Knowles,TELECOIL,0,0,"3.82080","0","25","5100","Active","Telecoil","-","-","Hearing Aids"
https://www.knowles.com/docs/default-source/model-downloads/2800-401-rev-g.pdf,//media.digikey.com/Photos/Knowles%20Acoustics%20Photos/2800-253486.JPG,423-1232-ND,2800-253486,Knowles,SWITCHES,0,0,"4.18480","0","25","2800","Active","Switch","Polyamide","-","Hearing Aids"
https://www.knowles.com/docs/default-source/model-downloads/2800-401-rev-g.pdf,-,2800-253374-ND,2800-253374,Knowles,SWITCH PUSHBUTTON,0,0,"4.18480","0","25","2800","Active","Switch","-","-","Hearing Aids"
https://www.knowles.com/docs/default-source/model-downloads/2800-401-rev-g.pdf,-,2800-253424-ND,2800-253424,Knowles,SWITCH PUSHBUTTON,0,0,"4.18480","0","25","2800","Active","Switch","-","-","Hearing Aids"
https://www.knowles.com/docs/default-source/model-downloads/0009-400.pdf,-,0009-251997-ND,0009-251997,Knowles,CONN PLUG,0,0,"4.20080","0","50","0009","Active","Programming Accessory","Thermoplastic","-","Hearing Aids"
https://www.knowles.com/docs/default-source/model-downloads/0009-400.pdf,-,0009-252526-ND,0009-252526,Knowles,CONN PLUG,0,0,"4.20080","0","50","0009","Active","Programming Accessory","Thermoplastic","-","Hearing Aids"
https://www.knowles.com/docs/default-source/model-downloads/0009-400.pdf,-,0009-253887-ND,0009-253887,Knowles,CONN PLUG,0,0,"4.20080","0","50","0009","Active","Programming Accessory","Thermoplastic","-","Hearing Aids"
https://www.knowles.com/docs/default-source/model-downloads/0009-400.pdf,-,0009-254079-ND,0009-254079,Knowles,CONN PLUG,0,0,"4.20080","0","50","0009","Active","Programming Accessory","Thermoplastic","-","Hearing Aids"
https://www.knowles.com/docs/default-source/model-downloads/0009-400.pdf,-,0009-254113-ND,0009-254113,Knowles,CONN PLUG,0,0,"4.20080","0","50","0009","Active","Programming Accessory","Thermoplastic","-","Hearing Aids"
https://www.knowles.com/docs/default-source/model-downloads/0009-400.pdf,-,0009-251958-ND,0009-251958,Knowles,CONN PLUG 4POS,0,0,"4.20080","0","50","0009","Active","Programming Accessory","Thermoplastic","Beige/Light Pink","Hearing Aids"
https://www.knowles.com/docs/default-source/model-downloads/0009-400.pdf,-,0009-252238-ND,0009-252238,Knowles,CONN PLUG 4POS,0,0,"4.20080","0","50","0009","Active","Programming Accessory","Thermoplastic","Dark Beige","Hearing Aids"
https://www.knowles.com/docs/default-source/model-downloads/0009-400.pdf,-,0009-253065-ND,0009-253065,Knowles,CONN PLUG 4POS,0,0,"4.20080","0","50","0009","Active","Programming Accessory","Thermoplastic","Black","Hearing Aids"
https://www.knowles.com/docs/default-source/model-downloads/0009-400.pdf,-,0009-253185-ND,0009-253185,Knowles,CONN PLUG 4POS,0,0,"4.20080","0","50","0009","Active","Programming Accessory","Thermoplastic","Beige/Light Pink","Hearing Aids"
https://www.knowles.com/docs/default-source/model-downloads/0009-400.pdf,-,0009-253328-ND,0009-253328,Knowles,CONN PLUG 4POS,0,0,"4.20080","0","50","0009","Active","Programming Accessory","Thermoplastic","Black","Hearing Aids"
https://www.knowles.com/docs/default-source/model-downloads/0009-400.pdf,-,0009-253522-ND,0009-253522,Knowles,CONN PLUG 4POS,0,0,"4.20080","0","50","0009","Active","Programming Accessory","Thermoplastic","Tan, Brown","Hearing Aids"
https://www.knowles.com/docs/default-source/model-downloads/0009-400.pdf,-,0009-253460-ND,0009-253460,Knowles,CONN PLUG 5POS,0,0,"4.20080","0","50","0009","Active","Programming Accessory","Thermoplastic","Beige/Brown","Hearing Aids"
-,-,WB-23832-000-ND,WB-23832-000,Knowles,WAX PROTECTION,0,0,"4.30200","0","10","WB","Active","Wax Removal","-","-","Hearing Aids"
https://www.knowles.com/docs/default-source/model-downloads/0009-400.pdf,-,0009-252627-ND,0009-252627,Knowles,CONN PLUG 4POS,0,0,"4.52520","0","50","0009","Active","Programming Accessory","Thermoplastic","Pink","Hearing Aids"
https://www.knowles.com/docs/default-source/model-downloads/0009-400.pdf,-,0009-253201-ND,0009-253201,Knowles,CONN PLUG 4POS,0,0,"4.52520","0","50","0009","Active","Programming Accessory","Thermoplastic","Chestnut Beige","Hearing Aids"
https://www.knowles.com/docs/default-source/model-downloads/2800-401-rev-g.pdf,-,2800-253907-ND,2800-253907,Knowles,SWITCH PUSHBUTTON,0,0,"4.53040","0","25","2800","Active","Switch","-","-","Hearing Aids"
https://www.knowles.com/docs/default-source/model-downloads/2800-401-rev-g.pdf,-,2800-253377-ND,2800-253377,Knowles,SWITCH PUSHBUTTON,0,0,"4.62120","0","25","2800","Active","Switch","-","-","Hearing Aids"
https://www.te.com/commerce/DocumentDelivery/DDEController?Action=srchrtrv&DocNm=207487&DocType=Customer+Drawing&DocLang=English,//media.digikey.com/photos/Tyco%20Amp%20Photos/207487-1.jpg,A25079-ND,207487-1,TE Connectivity AMP Connectors,CONN HOUSING SOCKET CPC 5POS BLK,0,0,"4.87420","0","100","CPC","Active","Connector Housing","Thermoplastic","Black","Microphone"
https://www.knowles.com/docs/default-source/model-downloads/2800-401-rev-g.pdf,-,2800-253301-ND,2800-253301,Knowles,SWITCH PUSHBUTTON,0,0,"5.02160","0","25","2800","Active","Switch","-","-","Hearing Aids"
https://www.knowles.com/docs/default-source/model-downloads/2800-401-rev-g.pdf,-,2800-253591-ND,2800-253591,Knowles,SWITCH PUSHBUTTON,0,0,"5.02160","0","25","2800","Active","Switch","-","-","Hearing Aids"
https://www.knowles.com/docs/default-source/model-downloads/0009-400.pdf,-,0009-253571-ND,0009-253571,Knowles,CONN PLUG 4POS,0,0,"5.03760","0","50","0009","Active","Programming Accessory","Thermoplastic","Black","Hearing Aids"
https://www.knowles.com/docs/default-source/model-downloads/0009-400.pdf,-,0009-251816-ND,0009-251816,Knowles,CONN PLUG,0,0,"5.22180","0","50","0009","Active","Programming Accessory","Thermoplastic","-","Hearing Aids"
https://www.knowles.com/docs/default-source/model-downloads/0009-400.pdf,-,0009-252527-ND,0009-252527,Knowles,CONN PLUG,0,0,"5.22180","0","50","0009","Active","Programming Accessory","Thermoplastic","-","Hearing Aids"
https://www.knowles.com/docs/default-source/model-downloads/0009-400.pdf,-,0009-252600-ND,0009-252600,Knowles,CONN PLUG 4POS,0,0,"5.22180","0","50","0009","Active","Programming Accessory","Thermoplastic","Beige/Light Pink","Hearing Aids"
https://www.knowles.com/docs/default-source/model-downloads/0009-400.pdf,-,0009-253365-ND,0009-253365,Knowles,CONN PLUG 4POS,0,0,"5.22180","0","50","0009","Active","Programming Accessory","Thermoplastic","Tan, Brown","Hearing Aids"
https://www.knowles.com/docs/default-source/model-downloads/0009-400.pdf,-,0009-253411-ND,0009-253411,Knowles,CONN PLUG 4POS,0,0,"5.22180","0","50","0009","Active","Programming Accessory","Thermoplastic","Beige/Light Pink","Hearing Aids"
https://www.knowles.com/docs/default-source/model-downloads/0009-400.pdf,-,0009-253681-ND,0009-253681,Knowles,CONN PLUG 4POS,0,0,"5.22180","0","50","0009","Active","Programming Accessory","Thermoplastic","Tan, Brown","Hearing Aids"
https://www.knowles.com/docs/default-source/model-downloads/0009-400.pdf,-,0009-252522-ND,0009-252522,Knowles,CONN PLUG 5POS,0,0,"5.22180","0","50","0009","Active","Programming Accessory","Thermoplastic","Tan, Brown","Hearing Aids"
https://www.knowles.com/docs/default-source/model-downloads/2800-401-rev-g.pdf,-,2800-253788-ND,2800-253788,Knowles,SWITCH PUSHBUTTON,0,0,"5.45840","0","25","2800","Active","Switch","-","-","Hearing Aids"
https://www.knowles.com/docs/default-source/model-downloads/2800-401-rev-g.pdf,-,2800-253915-ND,2800-253915,Knowles,SWITCH PUSHBUTTON,0,0,"5.45840","0","25","2800","Active","Switch","-","-","Hearing Aids"
https://www.knowles.com/docs/default-source/model-downloads/2800-401-rev-g.pdf,-,2800-253947-ND,2800-253947,Knowles,SWITCH PUSHBUTTON,0,0,"5.45840","0","25","2800","Active","Switch","-","-","Hearing Aids"
https://www.knowles.com/docs/default-source/model-downloads/0009-400.pdf,-,0009-253670-ND,0009-253670,Knowles,CONN PLUG 5POS,0,0,"5.50000","0","50","0009","Active","Programming Accessory","Thermoplastic","Tan, Brown","Hearing Aids"
https://www.knowles.com/docs/default-source/model-downloads/2800-401-rev-g.pdf,-,2800-253410-ND,2800-253410,Knowles,SWITCH PUSHBUTTON,0,0,"5.53120","0","25","2800","Active","Switch","-","-","Hearing Aids"
-,-,5200-253341-ND,5200-253341,Knowles,TELECOIL,0,0,"5.58680","0","25","-","Active","Telecoil","-","-","Hearing Aids"
-,-,5200-254116-ND,5200-254116,Knowles,TELECOIL,0,0,"5.84880","0","25","5200","Active","Telecoil","-","-","Hearing Aids"
https://www.knowles.com/docs/default-source/model-downloads/0009-400.pdf,-,0009-254123-ND,0009-254123,Knowles,CONN PLUG,0,0,"6.28580","0","50","0009","Active","Programming Accessory","Thermoplastic","-","Hearing Aids"
-,-,WB-23405-000-ND,WB-23405-000,Knowles,WAX PROTECTION,0,0,"6.45960","0","25","WB","Active","Wax Protection","-","Red","Hearing Aids"
-,-,WB-23406-000-ND,WB-23406-000,Knowles,WAX PROTECTION,0,0,"6.45960","0","25","WB","Active","Wax Protection","-","Blue","Hearing Aids"
https://www.knowles.com/docs/default-source/model-downloads/0009-400.pdf,-,0009-253414-ND,0009-253414,Knowles,CONN PLUG,0,0,"6.47580","0","50","0009","Active","Programming Accessory","Thermoplastic","-","Hearing Aids"
https://www.knowles.com/docs/default-source/model-downloads/0009-400.pdf,-,0009-254075-ND,0009-254075,Knowles,CONN PLUG,0,0,"6.47580","0","50","0009","Active","Programming Accessory","Thermoplastic","-","Hearing Aids"
https://www.knowles.com/docs/default-source/model-downloads/2800-401-rev-g.pdf,-,2800-253598-ND,2800-253598,Knowles,SWITCH PUSHBUTTON,0,0,"6.51200","0","25","2800","Active","Switch","-","-","Hearing Aids"
https://www.knowles.com/docs/default-source/model-downloads/2800-401-rev-g.pdf,//media.digikey.com/Photos/Knowles%20Acoustics%20Photos/2800-253586.JPG,423-1233-ND,2800-253586,Knowles,SWITCHES,14,0,"6.60000","0","1","2800","Active","Switch","Polyamide","-","Hearing Aids"
-,-,WB-23607-000-ND,WB-23607-000,Knowles,WAX PROTECTION,0,0,"6.82440","0","25","WB","Active","Wax Protection","-","-","Hearing Aids"
https://www.mspindy.com/Specifications/22MMPLUG-4.pdf,//media.digikey.com/Photos/Mallory%20Sonalert%20Products%20Photos/MFG_22MMPLUG-4.jpg,22MMPLUG-4-ND,22MMPLUG-4,Mallory Sonalert Products Inc.,REPLACEMENT 4 PRONG PLUG FOR 22M,0,0,"7.22000","0","1","-","Active","4 Prong Plug","-","-","ZA and ZT Series Alarms"
-,-,0009-254109-ND,0009-254109,Knowles,CONN PLUG,0,0,"7.35960","0","50","0009","Active","Connector Socket","-","-","Hearing Aids"
https://www.knowles.com/docs/default-source/model-downloads/0009-400.pdf,-,0009-254106-ND,0009-254106,Knowles,CONN PLUG,0,0,"7.40780","0","50","0009","Active","Programming Accessory","Thermoplastic","-","Hearing Aids"
https://www.mspindy.com/specifications/BNR1.PDF,-,BNR1-ND,BNR1,Mallory Sonalert Products Inc.,NUT BLK ALUM KNURL,0,0,"7.62000","0","1","-","Active","Mounting Nut","Anodized Aluminum","Black","Panel Mount Alarms"
https://www.mspindy.com/specifications/CNR1.PDF,-,CNR1-ND,CNR1,Mallory Sonalert Products Inc.,NUT CLR ALUM KNURL,0,0,"7.62000","0","1","-","Active","Mounting Nut","Anodized Aluminum","-","Panel Mount Alarms"
https://www.knowles.com/docs/default-source/model-downloads/2800-401-rev-g.pdf,-,2800-253633-ND,2800-253633,Knowles,SWITCH PUSHBUTTON,0,0,"7.68160","0","25","2800","Active","Switch","-","-","Hearing Aids"
https://www.knowles.com/docs/default-source/model-downloads/2900-400717918731dff6ddbb37cff0000940c19.pdf,//media.digikey.com/Photos/Knowles%20Acoustics%20Photos/2900-253234.JPG,423-1235-ND,2900-253234,Knowles,SWITCHES,0,0,"8.73560","0","25","2900","Active","Switch","Polyamide","-","Hearing Aids"
https://www.knowles.com/docs/default-source/model-downloads/2900-400717918731dff6ddbb37cff0000940c19.pdf,-,2900-253171-ND,2900-253171,Knowles,SWITCH PUSHBUTTON MINI,0,0,"8.73560","0","25","2900","Active","Switch","-","-","Hearing Aids"
https://www.knowles.com/docs/default-source/model-downloads/2900-400717918731dff6ddbb37cff0000940c19.pdf,-,2900-253577-ND,2900-253577,Knowles,SWITCH PUSHBUTTON MINI,0,0,"8.73560","0","25","2900","Active","Switch","-","-","Hearing Aids"
-,-,2900-254124-ND,2900-254124,Knowles,SWITCH PUSHBUTTON MINI,0,0,"8.73560","0","25","2900","Active","Switch","-","-","Hearing Aids"
//media.digikey.com/pdf/Data%20Sheets/Knowles%20Acoustics%20PDFs/5300_Series_DS.pdf,-,5300-253485-ND,5300-253485,Knowles,TELECOIL,0,0,"9.86560","0","25","5300","Active","Telecoil","-","-","Hearing Aids"
//media.digikey.com/pdf/Data%20Sheets/Knowles%20Acoustics%20PDFs/5300_Series_DS.pdf,-,5300-253650-ND,5300-253650,Knowles,TELECOIL,0,0,"9.86560","0","25","5300","Active","Telecoil","-","-","Hearing Aids"
https://www.knowles.com/docs/default-source/model-downloads/2800-401-rev-g.pdf,-,2800-254013-ND,2800-254013,Knowles,SWITCH PUSHBUTTON,0,0,"10.28920","0","25","2800","Active","Switch","-","-","Hearing Aids"
https://www.knowles.com/docs/default-source/model-downloads/2900-400717918731dff6ddbb37cff0000940c19.pdf,-,2900-253093-ND,2900-253093,Knowles,SWITCH PUSHBUTTON MINI,0,0,"10.28920","0","25","2900","Active","Switch","-","-","Hearing Aids"
https://www.knowles.com/docs/default-source/model-downloads/2900-400717918731dff6ddbb37cff0000940c19.pdf,-,2900-253363-ND,2900-253363,Knowles,SWITCH PUSHBUTTON MINI,0,0,"10.28920","0","25","2900","Active","Switch","-","-","Hearing Aids"
https://www.knowles.com/docs/default-source/model-downloads/2900-400717918731dff6ddbb37cff0000940c19.pdf,-,2900-254023-ND,2900-254023,Knowles,SWITCH PUSHBUTTON MINI,0,0,"10.28920","0","25","2900","Active","Switch","-","-","Hearing Aids"
https://www.mspindy.com/Specifications/SCFM16.pdf,//media.digikey.com/Photos/Mallory%20Sonalert%20Products%20Photos/MFG_SCFM16.jpg,SCFM16-ND,SCFM16,Mallory Sonalert Products Inc.,FLUSH MOUNT ACCESSORY; FOR USE W,0,0,"10.39000","0","1","-","Active","Flush Mount Set","-","-","30mm Alarms"
-,-,WB-23400-000-ND,WB-23400-000,Knowles,EMC,0,0,"10.72000","0","1","WB","Active","Wax Protection","-","Red","Hearing Aids"
-,-,WB-23401-000-ND,WB-23401-000,Knowles,EMC,0,0,"10.72000","0","1","WB","Active","Wax Protection","-","Blue","Hearing Aids"
https://www.knowles.com/docs/default-source/model-downloads/2900-400717918731dff6ddbb37cff0000940c19.pdf,//media.digikey.com/Photos/Knowles%20Acoustics%20Photos/2900-253348.JPG,423-1236-ND,2900-253348,Knowles,SWITCHES,0,0,"11.44720","0","25","2900","Active","Switch","Polyamide","-","Hearing Aids"
-,-,9201-153295-ND,9201-153295,Knowles,RIBBON CABLES,0,0,"15.13540","0","50","9201","Active","Programming Cable","Ribbon Cable","-","Hearing Aids"
-,-,9201-254055-ND,9201-254055,Knowles,RIBBON CABLES,0,0,"15.14180","0","50","9201","Active","Programming Cable","Ribbon Cable","-","Hearing Aids"
-,-,5300-254112-ND,5300-254112,Knowles,TELECOIL,0,0,"18.06040","0","25","5200","Active","Telecoil","-","-","Hearing Aids"
-,-,9201-153260-ND,9201-153260,Knowles,RIBBON CABLES,0,0,"18.16780","0","100","9201","Active","Programming Cable","Ribbon Cable","-","Hearing Aids"
-,-,9201-153293-ND,9201-153293,Knowles,RIBBON CABLES,0,0,"18.16780","0","100","9201","Active","Programming Cable","Ribbon Cable","-","Hearing Aids"
-,-,9201-153294-ND,9201-153294,Knowles,RIBBON CABLES,0,0,"18.16780","0","50","9201","Active","Programming Cable","Ribbon Cable","-","Hearing Aids"
-,-,9201-153297-ND,9201-153297,Knowles,RIBBON CABLES,0,0,"18.16780","0","50","9201","Active","Programming Cable","Ribbon Cable","-","Hearing Aids"
-,-,9201-153595-ND,9201-153595,Knowles,RIBBON CABLES,0,0,"18.16780","0","50","9201","Active","Programming Cable","Ribbon Cable","-","Hearing Aids"
-,-,9201-153854-ND,9201-153854,Knowles,RIBBON CABLES,0,0,"18.16780","0","50","9201","Active","Programming Cable","Ribbon Cable","-","Hearing Aids"
-,-,9201-153296-ND,9201-153296,Knowles,RIBBON CABLES,0,0,"19.91010","0","100","9201","Active","Programming Cable","Ribbon Cable","-","Hearing Aids"
//media.digikey.com/pdf/Data%20Sheets/Knowles%20Johanson%20Mfg/09P_Series.pdf,-,009P-253744-ND,009P-253744,Knowles,CABLE PROGRAMMING,0,0,"22.23900","0","50","009P","Active","Programming Cable","-","-","Hearing Aids"
//media.digikey.com/pdf/Data%20Sheets/Knowles%20Johanson%20Mfg/09P_Series.pdf,-,009P-253998-ND,009P-253998,Knowles,CABLE PROGRAMMING,0,0,"22.23900","0","50","009P","Active","Programming Cable","-","-","Hearing Aids"
//media.digikey.com/pdf/Data%20Sheets/Knowles%20Johanson%20Mfg/09P_Series.pdf,-,009P-254011-ND,009P-254011,Knowles,CABLE PROGRAMMING,0,0,"22.23900","0","50","009P","Active","Programming Cable","-","-","Hearing Aids"
//media.digikey.com/pdf/Data%20Sheets/Knowles%20Johanson%20Mfg/09P_Series.pdf,-,009P-252476-ND,009P-252476,Knowles,CABLE PROGRAMMING 4POS,0,0,"22.23900","0","50","009P","Active","Programming Cable","-","-","Hearing Aids"
//media.digikey.com/pdf/Data%20Sheets/Knowles%20Johanson%20Mfg/09P_Series.pdf,-,009P-253097-ND,009P-253097,Knowles,CABLE PROGRAMMING 4POS,0,0,"22.23900","0","50","009P","Active","Programming Cable","-","-","Hearing Aids"
//media.digikey.com/pdf/Data%20Sheets/Knowles%20Johanson%20Mfg/09P_Series.pdf,-,009P-253098-ND,009P-253098,Knowles,CABLE PROGRAMMING 4POS,0,0,"22.23900","0","50","009P","Active","Programming Cable","-","-","Hearing Aids"
//media.digikey.com/pdf/Data%20Sheets/Knowles%20Johanson%20Mfg/09P_Series.pdf,-,009P-253254-ND,009P-253254,Knowles,CABLE PROGRAMMING 4POS,0,0,"22.23900","0","50","009P","Active","Programming Cable","-","-","Hearing Aids"
//media.digikey.com/pdf/Data%20Sheets/Knowles%20Johanson%20Mfg/09P_Series.pdf,-,009P-253255-ND,009P-253255,Knowles,CABLE PROGRAMMING 4POS,0,0,"22.23900","0","50","009P","Active","Programming Cable","-","-","Hearing Aids"
-,-,009P-254014-ND,009P-254014,Knowles,CABLE PROGRAMMING,0,0,"22.23900","0","50","009P","Active","Programming Cable","-","-","Hearing Aids"
//media.digikey.com/pdf/Data%20Sheets/Knowles%20Johanson%20Mfg/09P_Series.pdf,-,009P-253353-ND,009P-253353,Knowles,CABLE PROGRAMMING,0,0,"24.46720","0","50","009P","Active","Programming Cable","-","-","Hearing Aids"
//media.digikey.com/pdf/Data%20Sheets/Knowles%20Johanson%20Mfg/09P_Series.pdf,-,009P-253956-ND,009P-253956,Knowles,CABLE PROGRAMMING,0,0,"24.46720","0","50","009P","Active","Programming Cable","-","-","Hearing Aids"
//media.digikey.com/pdf/Data%20Sheets/Knowles%20Johanson%20Mfg/09P_Series.pdf,-,009P-253566-ND,009P-253566,Knowles,CABLE PROGRAMMING,0,0,"25.68580","0","50","009P","Active","Programming Cable","-","-","Hearing Aids"
//media.digikey.com/pdf/Data%20Sheets/Knowles%20Johanson%20Mfg/09P_Series.pdf,-,009P-253567-ND,009P-253567,Knowles,CABLE PROGRAMMING,0,0,"25.68580","0","50","009P","Active","Programming Cable","-","-","Hearing Aids"
//media.digikey.com/pdf/Data%20Sheets/Knowles%20Johanson%20Mfg/09P_Series.pdf,-,009P-253605-ND,009P-253605,Knowles,CABLE PROGRAMMING,0,0,"25.68580","0","50","009P","Active","Programming Cable","-","-","Hearing Aids"
//media.digikey.com/pdf/Data%20Sheets/Knowles%20Johanson%20Mfg/09P_Series.pdf,-,009P-253606-ND,009P-253606,Knowles,CABLE PROGRAMMING,0,0,"25.68580","0","50","009P","Active","Programming Cable","-","-","Hearing Aids"
//media.digikey.com/pdf/Data%20Sheets/Knowles%20Johanson%20Mfg/09P_Series.pdf,-,009P-253610-ND,009P-253610,Knowles,CABLE PROGRAMMING,0,0,"25.68580","0","50","009P","Active","Programming Cable","-","-","Hearing Aids"
//media.digikey.com/pdf/Data%20Sheets/Knowles%20Johanson%20Mfg/09P_Series.pdf,-,009P-253641-ND,009P-253641,Knowles,CABLE PROGRAMMING,0,0,"25.68580","0","50","009P","Active","Programming Cable","-","-","Hearing Aids"
//media.digikey.com/pdf/Data%20Sheets/Knowles%20Johanson%20Mfg/09P_Series.pdf,-,009P-253642-ND,009P-253642,Knowles,CABLE PROGRAMMING,0,0,"25.68580","0","50","009P","Active","Programming Cable","-","-","Hearing Aids"
//media.digikey.com/pdf/Data%20Sheets/Knowles%20Johanson%20Mfg/09P_Series.pdf,-,009P-253643-ND,009P-253643,Knowles,CABLE PROGRAMMING,0,0,"25.68580","0","50","009P","Active","Programming Cable","-","-","Hearing Aids"
//media.digikey.com/pdf/Data%20Sheets/Knowles%20Johanson%20Mfg/09P_Series.pdf,-,009P-253644-ND,009P-253644,Knowles,CABLE PROGRAMMING,0,0,"25.68580","0","50","009P","Active","Programming Cable","-","-","Hearing Aids"
//media.digikey.com/pdf/Data%20Sheets/Knowles%20Johanson%20Mfg/09P_Series.pdf,-,009P-253745-ND,009P-253745,Knowles,CABLE PROGRAMMING,0,0,"25.68580","0","50","009P","Active","Programming Cable","-","-","Hearing Aids"
//media.digikey.com/pdf/Data%20Sheets/Knowles%20Johanson%20Mfg/09P_Series.pdf,-,009P-253746-ND,009P-253746,Knowles,CABLE PROGRAMMING,0,0,"25.68580","0","50","009P","Active","Programming Cable","-","-","Hearing Aids"
//media.digikey.com/pdf/Data%20Sheets/Knowles%20Johanson%20Mfg/09P_Series.pdf,-,009P-253747-ND,009P-253747,Knowles,CABLE PROGRAMMING,0,0,"25.68580","0","50","009P","Active","Programming Cable","-","-","Hearing Aids"
//media.digikey.com/pdf/Data%20Sheets/Knowles%20Johanson%20Mfg/09P_Series.pdf,-,009P-253748-ND,009P-253748,Knowles,CABLE PROGRAMMING,0,0,"25.68580","0","50","009P","Active","Programming Cable","-","-","Hearing Aids"
//media.digikey.com/pdf/Data%20Sheets/Knowles%20Johanson%20Mfg/09P_Series.pdf,-,009P-253804-ND,009P-253804,Knowles,CABLE PROGRAMMING,0,0,"25.68580","0","50","009P","Active","Programming Cable","-","-","Hearing Aids"
//media.digikey.com/pdf/Data%20Sheets/Knowles%20Johanson%20Mfg/09P_Series.pdf,-,009P-253805-ND,009P-253805,Knowles,CABLE PROGRAMMING,0,0,"25.68580","0","50","009P","Active","Programming Cable","-","-","Hearing Aids"
//media.digikey.com/pdf/Data%20Sheets/Knowles%20Johanson%20Mfg/09P_Series.pdf,-,009P-253101-ND,009P-253101,Knowles,CABLE PROGRAMMING 4POS,0,0,"25.68580","0","50","009P","Active","Programming Cable","-","-","Hearing Aids"
//media.digikey.com/pdf/Data%20Sheets/Knowles%20Johanson%20Mfg/09P_Series.pdf,-,009P-253131-ND,009P-253131,Knowles,CABLE PROGRAMMING 4POS,0,0,"25.68580","0","50","009P","Active","Programming Cable","-","-","Hearing Aids"
//media.digikey.com/pdf/Data%20Sheets/Knowles%20Johanson%20Mfg/09P_Series.pdf,-,009P-253132-ND,009P-253132,Knowles,CABLE PROGRAMMING 4POS,0,0,"25.68580","0","50","009P","Active","Programming Cable","-","-","Hearing Aids"
//media.digikey.com/pdf/Data%20Sheets/Knowles%20Johanson%20Mfg/09P_Series.pdf,-,009P-253149-ND,009P-253149,Knowles,CABLE PROGRAMMING 4POS,0,0,"25.68580","0","50","009P","Active","Programming Cable","-","-","Hearing Aids"
//media.digikey.com/pdf/Data%20Sheets/Knowles%20Johanson%20Mfg/09P_Series.pdf,-,009P-253150-ND,009P-253150,Knowles,CABLE PROGRAMMING 4POS,0,0,"25.68580","0","50","009P","Active","Programming Cable","-","-","Hearing Aids"
//media.digikey.com/pdf/Data%20Sheets/Knowles%20Johanson%20Mfg/09P_Series.pdf,-,009P-253219-ND,009P-253219,Knowles,CABLE PROGRAMMING 4POS,0,0,"25.68580","0","50","009P","Active","Programming Cable","-","-","Hearing Aids"
//media.digikey.com/pdf/Data%20Sheets/Knowles%20Johanson%20Mfg/09P_Series.pdf,-,009P-253220-ND,009P-253220,Knowles,CABLE PROGRAMMING 4POS,0,0,"25.68580","0","50","009P","Active","Programming Cable","-","-","Hearing Aids"
//media.digikey.com/pdf/Data%20Sheets/Knowles%20Johanson%20Mfg/09P_Series.pdf,-,009P-253226-ND,009P-253226,Knowles,CABLE PROGRAMMING 4POS,0,0,"25.68580","0","50","009P","Active","Programming Cable","-","-","Hearing Aids"
-,-,BFG-30035-G22-ND,BFG-30035-G22,Knowles,ACOUSTIC DAMPER,0,0,"27.27880","0","25","BFG","Active","Damper","Acoustic Cloth","Brown","Hearing Aids"
-,-,BFG-30035-G23-ND,BFG-30035-G23,Knowles,ACOUSTIC DAMPER,0,0,"27.27880","0","25","BFG","Active","Damper","Acoustic Cloth","Brown","Hearing Aids"
//media.digikey.com/pdf/Data%20Sheets/Knowles%20Acoustics%20PDFs/009P-253888_Dwg.pdf,//media.digikey.com/Photos/Knowles%20Acoustics%20Photos/009P-253888.jpg,423-1229-ND,009P-253888,Knowles,PROGRAMMING ACCESSORIES,0,0,"29.40960","0","50","009P","Active","Programming Cable","-","Black","Hearing Aids"
//media.digikey.com/pdf/Data%20Sheets/Knowles%20Johanson%20Mfg/09P_Series.pdf,//media.digikey.com/Photos/Knowles%20Acoustics%20Photos/009P-253889.jpg,423-1230-ND,009P-253889,Knowles,PROGRAMMING ACCESSORIES,0,0,"29.40960","0","50","009P","Active","Programming Cable","-","Black","Hearing Aids"
//media.digikey.com/pdf/Data%20Sheets/Knowles%20Johanson%20Mfg/09P_Series.pdf,-,009P-253857-ND,009P-253857,Knowles,CABLE PROGRAMMING,0,0,"29.40960","0","50","009P","Active","Programming Cable","-","-","Hearing Aids"
//media.digikey.com/pdf/Data%20Sheets/Knowles%20Johanson%20Mfg/09P_Series.pdf,-,009P-253152-ND,009P-253152,Knowles,CABLE PROGRAMMING 4POS,0,0,"29.40960","0","50","009P","Active","Programming Cable","-","-","Hearing Aids"
//media.digikey.com/pdf/Data%20Sheets/Knowles%20Johanson%20Mfg/09P_Series.pdf,-,009P-253919-ND,009P-253919,Knowles,CABLE PROGRAMMING,0,0,"37.46360","0","50","009P","Active","Programming Cable","-","-","Hearing Aids"
//media.digikey.com/pdf/Data%20Sheets/Knowles%20Johanson%20Mfg/09P_Series.pdf,-,009P-253462-ND,009P-253462,Knowles,CABLE PROGRAMMING,0,0,"44.93940","0","50","009P","Active","Programming Cable","-","-","Hearing Aids"
-,-,9201-253899-ND,9201-253899,Knowles,RIBBON CABLES,0,0,"59.25000","0","50","9201","Active","Programming Cable","Ribbon Cable","-","Hearing Aids"
-,-,9201-254024-ND,9201-254024,Knowles,RIBBON CABLES,0,0,"67.57500","0","100","9201","Active","Programming Cable","Ribbon Cable","-","Hearing Aids"
-,-,FB-31538-000-ND,FB-31538-000,Knowles,TREATED WINDSCREEN FOR BOOM,0,0,"82.28692","0","13","FB","Active","Windscreen","-","-","Acoustic Tubing"
-,-,BF-7083-000-ND,BF-7083-000,Knowles,ACOUSTIC DAMPER WHITE 680OHMS,0,0,"92.08000","0","10","*","Active","-","-","-","-"
-,-,BF-9778-000-ND,BF-9778-000,Knowles,ACOUSTIC DAMPER RED 2200OHMS,0,0,"92.08000","0","10","*","Active","-","-","-","-"
https://www.knowles.com/docs/default-source/model-downloads/bf-32212-000.pdf,-,BF-32212-000-ND,BF-32212-000,Knowles,ACOUSTIC DAMPER,0,0,"106.10660","0","100","BF","Active","Damper","Acoustic Cloth","White","Hearing Aids"
-,-,BF-1991-000-ND,BF-1991-000,Knowles,ACOUSTIC DAMPER GREEN 1500OHMS,0,0,"114.78700","0","10","*","Active","-","-","-","-"
-,-,BF-1997-000-ND,BF-1997-000,Knowles,ACOUSTIC DAMPER WHITE 680OHMS,0,0,"114.78700","0","10","*","Active","-","-","-","-"
-,-,BF-3320-000-ND,BF-3320-000,Knowles,ACOUSTIC DAMPER BROWN 1000OHMS,0,0,"126.30500","0","10","*","Active","-","-","-","-"
http://www.switchcraft.com/Documents/600_700_702_800_900_Product_Overview.pdf,-,SC700-ND,SC700,Switchcraft Inc.,A/V DIRECT BOX,0,0,"182.00000","0","1","700","Active","A/V Direct Box","Anodized Aluminum","Black and Red","Audio/Visual Equipment"
http://www.switchcraft.com/Documents/600_700_702_800_900_Product_Overview.pdf,//media.digikey.com/Photos/Switchcraft%20Photos/MFG_SC900.jpg,SC900-ND,SC900,Switchcraft Inc.,INSTRUMENT DIRECT BOX,0,0,"190.40000","0","1","900","Active","Instrument Direct Box","-","Black","Musical Instruments"
-,-,RMAS1PRO-ND,RMAS1PRO,Switchcraft Inc.,1 CHANNEL SPLITTER,0,0,"252.00000","0","1","RMAS1","Active","Microphone Splitter","-","Black","Microphone"
http://www.switchcraft.com/Documents/600_700_702_800_900_Product_Overview.pdf,-,SC702-ND,SC702,Switchcraft Inc.,STEREO A/V DIRECT BOX,0,0,"278.60000","0","1","702","Active","A/V Direct Box","Anodized Aluminum","Black and Red","Audio/Visual Equipment"
-,-,BF-3039-A10-ND,BF-3039-A10,Knowles,ACOUSTIC DAMPER,0,0,"319.13650","0","100","BF","Active","Damper","Acoustic Cloth","Green","Hearing Aids"
-,-,RMAS8CPRO-ND,RMAS8CPRO,Switchcraft Inc.,8 CHANNEL SPLITTER,0,0,"1339.80000","0","1","RMAS8","Active","Microphone Splitter","-","Blue","Microphone"
//media.digikey.com/pdf/Data%20Sheets/Switchcraft%20PDFs/RMAS8_PRO_Br.pdf,//media.digikey.com/Photos/Switchcraft%20Photos/MFG_RMAS8PRO.jpg,RMAS8PRO-ND,RMAS8PRO,Switchcraft Inc.,8 CHANNEL SPLITTER,0,0,"1370.25000","0","1","RMAS8","Active","Microphone Splitter","-","Blue","Microphone"
-,-,RMAS8C-ND,RMAS8C,Switchcraft Inc.,8 CHANNEL SPLITTER,0,0,"1534.68000","0","1","RMAS8","Active","Microphone Splitter","-","Blue","Microphone"
//media.digikey.com/pdf/Data%20Sheets/Panasonic%20Speakers%20Microphones%20PDFs/Rubber_Holders.pdf,-,P9953-ND,M3CA0082,Panasonic Electronic Components,MIC HOLDER FOR WM-34 SERIES,0,0,"Obsolete","0","2000","-","Obsolete","Microphone Holder","Rubber","-","Microphone"
//media.digikey.com/pdf/Data%20Sheets/Panasonic%20Semiconductors%20ICs%20PDFs/M3CA0zzz_YPM-CH0xx_Rev_May_2004.pdf,//media.digikey.com/photos/Panasonic%20Photos/M3CA0207.jpg,P9952-ND,M3CA0207,Panasonic Electronic Components,MIC HOLDER WM-52B/54B/55A D/56A,0,0,"Obsolete","0","1000","-","Obsolete","Microphone Holder","Rubber","-","Microphone"
//media.digikey.com/pdf/Data%20Sheets/Tyco%20Electonics%20AMP%20PDFs/207313.pdf,-,A25074-ND,207313-1,TE Connectivity AMP Connectors,CONN PLUG HOUSING CPC 4POS BLACK,0,0,"Obsolete","0","500","CPC","Obsolete","Connector Housing","Nylon","Black","Microphone"
https://www.mspindy.com/specifications/SG1.pdf,//media.digikey.com/photos/Mallory%20Sonalert%20Products%20Photos/SG1.jpg,458-1048-ND,SG1,Mallory Sonalert Products Inc.,GASKET FOR SEALING NEMA APPLIC,0,0,"Obsolete","0","25","-","Obsolete","Gasket, Seal","Neoprene","Black","Panel Mount Alarms"
http://www.switchcraft.com/Documents/600_700_702_800_900_Product_Overview.pdf,-,SC800-ND,SC800,Switchcraft Inc.,INSTRUMENT DIRECT BOX,0,0,"Obsolete","0","1","800","Obsolete","Instrument Direct Box","Anodized Aluminum","Black and Blue","Musical Instruments"
-,-,2005-252314-ND,2005-252314,Knowles,SWITCH SLIDE,0,0,"Obsolete","0","25","2005","Obsolete","Switch","-","Beige","Hearing Aids"
-,-,2005-252315-ND,2005-252315,Knowles,SWITCH SLIDE,0,0,"Obsolete","0","25","2005","Obsolete","Switch","-","Beige","Hearing Aids"
-,-,2005-252320-ND,2005-252320,Knowles,SWITCH SLIDE,0,0,"Obsolete","0","25","2005","Obsolete","Switch","-","Beige","Hearing Aids"
-,-,2005-252322-ND,2005-252322,Knowles,SWITCH SLIDE,0,0,"Obsolete","0","25","2005","Obsolete","Switch","-","Beige","Hearing Aids"
-,-,2005-252341-ND,2005-252341,Knowles,SWITCH SLIDE,0,0,"Obsolete","0","25","2005","Obsolete","Switch","-","Beige","Hearing Aids"
-,-,2005-252766-ND,2005-252766,Knowles,SWITCH SLIDE,0,0,"Obsolete","0","25","2005","Obsolete","Switch","-","Beige","Hearing Aids"
-,-,2005-253061-ND,2005-253061,Knowles,SWITCH SLIDE,0,0,"Obsolete","0","25","2005","Obsolete","Switch","-","Beige","Hearing Aids"
-,-,2005-253062-ND,2005-253062,Knowles,SWITCH SLIDE,0,0,"Obsolete","0","25","2005","Obsolete","Switch","-","Beige","Hearing Aids"
-,-,2005-253063-ND,2005-253063,Knowles,SWITCH SLIDE,0,0,"Obsolete","0","25","2005","Obsolete","Switch","-","Beige","Hearing Aids"
-,-,2005-253165-ND,2005-253165,Knowles,SWITCH SLIDE,0,0,"Obsolete","0","25","2005","Obsolete","Switch","-","Beige","Hearing Aids"
-,-,2005-253166-ND,2005-253166,Knowles,SWITCH SLIDE,0,0,"Obsolete","0","25","2005","Obsolete","Switch","-","Beige","Hearing Aids"
-,-,2005-253240-ND,2005-253240,Knowles,SWITCH SLIDE,0,0,"Obsolete","0","25","2005","Obsolete","Switch","-","Beige","Hearing Aids"
-,-,2005-253343-ND,2005-253343,Knowles,SWITCH SLIDE,0,0,"Obsolete","0","25","2005","Obsolete","Switch","-","Beige","Hearing Aids"
-,-,2005-253344-ND,2005-253344,Knowles,SWITCH SLIDE,0,0,"Obsolete","0","25","2005","Obsolete","Switch","-","Beige","Hearing Aids"
-,-,2005-253700-ND,2005-253700,Knowles,SWITCH SLIDE,0,0,"Obsolete","0","25","2005","Obsolete","Switch","-","Beige","Hearing Aids"
-,-,2005-253786-ND,2005-253786,Knowles,SWITCH SLIDE,0,0,"Obsolete","0","25","2005","Obsolete","Switch","-","Beige","Hearing Aids"
-,-,2005-253811-ND,2005-253811,Knowles,SWITCH SLIDE,0,0,"Obsolete","0","25","2005","Obsolete","Switch","-","Beige","Hearing Aids"
-,-,2005-253821-ND,2005-253821,Knowles,SWITCH SLIDE,0,0,"Obsolete","0","25","2005","Obsolete","Switch","-","Beige","Hearing Aids"
-,-,2005-253825-ND,2005-253825,Knowles,SWITCH SLIDE,0,0,"Obsolete","0","25","2005","Obsolete","Switch","-","Beige","Hearing Aids"
-,-,2005-253847-ND,2005-253847,Knowles,SWITCH SLIDE,0,0,"Obsolete","0","25","2005","Obsolete","Switch","-","Beige","Hearing Aids"
-,-,2005-254050-ND,2005-254050,Knowles,SWITCH SLIDE,0,0,"Obsolete","0","25","2005","Obsolete","Switch","-","Beige","Hearing Aids"
//media.digikey.com/pdf/Data%20Sheets/Knowles%20Acoustics%20PDFs/5100-253584.pdf,-,5100-253584-ND,5100-253584,Knowles,TELECOIL,0,0,"Obsolete","0","25","5100","Obsolete","Telecoil","-","-","Hearing Aids"
-,-,WB-23610-000-ND,WB-23610-000,Knowles,WAX PROTECTION,0,0,"Obsolete","0","25","WB","Obsolete","Guard Tube","-","-","Hearing Aids"
-,-,WB-23615-000-ND,WB-23615-000,Knowles,WAX PROTECTION,0,0,"Obsolete","0","25","WB","Obsolete","Wax Protection","-","-","Hearing Aids"
-,-,2005-153240-ND,2005-153240,Knowles,SWITCH SLIDE,0,0,"Obsolete","0","1","2005","Obsolete","Slide Switch","-","-","-"
-,-,2005-252313-ND,2005-252313,Knowles,SWITCH SLIDE,0,0,"Obsolete","0","1","2005","Obsolete","Slide Switch","-","-","-"
-,-,2005-252317-ND,2005-252317,Knowles,SWITCH SLIDE,0,0,"Obsolete","0","1","2005","Obsolete","Slide Switch","-","-","-"
-,-,2005-252318-ND,2005-252318,Knowles,SWITCH SLIDE,0,0,"Obsolete","0","1","2005","Obsolete","Slide Switch","-","-","-"
-,-,2005-252319-ND,2005-252319,Knowles,SWITCH SLIDE,0,0,"Obsolete","0","1","2005","Obsolete","Slide Switch","-","-","-"
-,-,2005-252321-ND,2005-252321,Knowles,SWITCH SLIDE,0,0,"Obsolete","0","1","2005","Obsolete","Slide Switch","-","-","-"
-,-,2005-252493-ND,2005-252493,Knowles,SWITCH SLIDE,0,0,"Obsolete","0","1","2005","Obsolete","Slide Switch","-","-","-"
-,-,2005-252595-ND,2005-252595,Knowles,SWITCH SLIDE,0,0,"Obsolete","0","1","2005","Obsolete","Slide Switch","-","-","-"
-,-,2005-252608-ND,2005-252608,Knowles,SWITCH SLIDE,0,0,"Obsolete","0","1","2005","Obsolete","Slide Switch","-","-","-"
-,-,2005-253017-ND,2005-253017,Knowles,SWITCH SLIDE,0,0,"Obsolete","0","1","2005","Obsolete","Slide Switch","-","-","-"
-,-,2005-253085-ND,2005-253085,Knowles,SWITCH SLIDE,0,0,"Obsolete","0","1","2005","Obsolete","Slide Switch","-","-","-"
-,-,2005-253203-ND,2005-253203,Knowles,SWITCH SLIDE,0,0,"Obsolete","0","1","2005","Obsolete","Slide Switch","-","-","-"
-,-,2005-253379-ND,2005-253379,Knowles,SWITCH SLIDE,0,0,"Obsolete","0","1","2005","Obsolete","Slide Switch","-","-","-"
-,-,2005-253499-ND,2005-253499,Knowles,SWITCH SLIDE,0,0,"Obsolete","0","1","2005","Obsolete","Slide Switch","-","-","-"
-,-,2005-253500-ND,2005-253500,Knowles,SWITCH SLIDE,0,0,"Obsolete","0","1","2005","Obsolete","Slide Switch","-","-","-"
-,-,2005-253699-ND,2005-253699,Knowles,SWITCH SLIDE,0,0,"Obsolete","0","1","2005","Obsolete","Slide Switch","-","-","-"
-,-,2005-253791-ND,2005-253791,Knowles,SWITCH SLIDE,0,0,"Obsolete","0","1","2005","Obsolete","Slide Switch","-","-","-"
-,-,2005-253802-ND,2005-253802,Knowles,SWITCH SLIDE,0,0,"Obsolete","0","1","2005","Obsolete","Slide Switch","-","-","-"
-,-,2005-253803-ND,2005-253803,Knowles,SWITCH SLIDE,0,0,"Obsolete","0","1","2005","Obsolete","Slide Switch","-","-","-"
-,-,2201-153070-ND,2201-153070,Knowles,SWITCH SLIDE,0,0,"Obsolete","0","1","-","Obsolete","Slide Switch","-","-","-"
-,-,2201-153071-ND,2201-153071,Knowles,SWITCH SLIDE,0,0,"Obsolete","0","1","-","Obsolete","Slide Switch","-","-","-"
-,-,2201-153827-ND,2201-153827,Knowles,SWITCH SLIDE,0,0,"Obsolete","0","1","-","Obsolete","Slide Switch","-","-","-"
-,-,2201-153828-ND,2201-153828,Knowles,SWITCH SLIDE,0,0,"Obsolete","0","1","-","Obsolete","Slide Switch","-","-","-"
-,-,2201-253733-ND,2201-253733,Knowles,SWITCH SLIDE,0,0,"Obsolete","0","1","-","Obsolete","Slide Switch","-","-","-"
-,-,2204-153354-ND,2204-153354,Knowles,SWITCH SLIDE,0,0,"Obsolete","0","1","-","Obsolete","Slide Switch","-","-","-"
https://www.usound.com/wp-content/uploads/2018/10/UH-R-2021_Megaclite-Quick-User-Manual-0V3_Booklet.pdf,//media.digikey.com/Photos/USound-GmbH/MFG_MEGACLITE-2.1.jpg,2000-1005-ND,UH-R 2021,USound GmbH,MEMS SPEAKER EARPHONE REF DESIGN,0,0,"Obsolete","0","1","-","Obsolete","Earphones","-","-","-"
