Datasheets,Image,Digi-Key Part Number,Manufacturer Part Number,Manufacturer,Description,Quantity Available,Factory Stock,Unit Price (USD),@ qty,Minimum Quantity,"Series","Part Status","Sensing Range","Flow Sensor Type","Voltage - Input","Port Size","Switch Function/Rating","Material - Body","Operating Temperature"
https://omronfs.omron.com/en_US/ecb/products/pdf/en-d6f-v.pdf,//media.digikey.com/photos/Omron%20Elect%20Photos/MFG_D6F-V.jpg,Z2629-ND,D6F-V03A1,Omron Electronics Inc-EMC Div,AIRFLOW SENSOR 0-3 M/SEC 3.3V,305,525,"23.32000","0","1","D6F","Active","0 ~ 3 m/s","Air","3.15V ~ 9.45V","2mm x 3mm","-","Thermoplastic resin","-10°C ~ 60°C (TA)"
https://www.idt.com/document/dst/fs1012-datasheet,"//media.digikey.com/Photos/IDT,%20Integrated%20Device%20Technology/MFG_FS1012-Series.jpg",800-3790-ND,FS1012-1100-NG,"IDT, Integrated Device Technology Inc",THERMAL MASS FLOW SENSOR,155,0,"43.49000","0","1","FS1012","Active","0 ~ 10 SLPM","Gas","3V ~ 5.6V","Male, 0.232"" (5.90mm)","-","Silicon","0°C ~ 85°C"
https://omronfs.omron.com/en_US/ecb/products/pdf/en-d6f_p.pdf,//media.digikey.com/photos/Omron%20Elect%20Photos/D6F-P0010A1.JPG,Z2785-ND,D6F-P0010A1,Omron Electronics Inc-EMC Div,SENSOR AIRFLOW 0-50KPA PCB TERM,1442,0,"51.70000","0","1","D6F","Active","0 ~ 1 LPM","Air","4.75V ~ 9.45V","-","-","PBT Plastic","-10°C ~ 60°C (TA)"
https://omronfs.omron.com/en_US/ecb/products/pdf/en-d6f_p.pdf,//media.digikey.com/photos/Omron%20Elect%20Photos/D6F-P0010A2.JPG,Z2786-ND,D6F-P0010A2,Omron Electronics Inc-EMC Div,SENSOR AIRFLOW 0-50KPA W/CONN,140,0,"51.70000","0","1","D6F","Active","0 ~ 1 LPM","Air","4.75V ~ 9.45V","-","-","PBT Plastic","-10°C ~ 60°C (TA)"
https://omronfs.omron.com/en_US/ecb/products/pdf/en-d6f_p.pdf,//media.digikey.com/Photos/Omron%20Elect%20Photos/D6F-P0001A1.JPG,Z3060-ND,D6F-P0001A1,Omron Electronics Inc-EMC Div,SENSOR FLOW TYPE 0.1 LPM MICRO,330,70,"51.71000","0","1","D6F","Active","0 ~ 0.1 LPM","Air","4.75V ~ 9.45V","-","-","PBT Plastic","-33°C ~ 75°C (TA)"
http://sensing.honeywell.com/index.php/ci_id/54882/la_id/1/document/1/re_id/0,//media.digikey.com/photos/Honeywell%20Photos/AWM92100V.jpg,480-2698-5-ND,AWM92100V,Honeywell Sensing and Productivity Solutions,SENSOR AIRFLOW 200 SCCM,667,0,"55.30000","0","1","AWM90000","Active","±200sccm","Air","8V ~ 15V","Male, 0.210"" (5.334mm)","-","Silicon","-25°C ~ 85°C (TA)"
https://omronfs.omron.com/en_US/ecb/products/pdf/en-d6f_w.pdf,"//media.digikey.com/photos/Omron%20Elect%20Photos/MFG_D6F-W01A1,%20D6F-W04A1.jpg",Z2632-ND,D6F-W04A1,Omron Electronics Inc-EMC Div,AIRFLOW SENSOR 0-4 M/SEC 12/24V,252,0,"88.37000","0","1","D6F","Active","0 ~ 4 m/s","Air","10.8V ~ 26.4V","0.10"" x 0.20"" (2.6mm x 5mm)","-","PPS","-10°C ~ 60°C (TA)"
https://www.idt.com/document/dst/fs2012-datasheet,"//media.digikey.com/Photos/IDT,%20Integrated%20Device%20Technology/MFG_FS2012-Series.jpg",800-3792-ND,FS2012-1100-NG,"IDT, Integrated Device Technology Inc",CALIBRATED MASS FLOW SENSOR,152,0,"94.90000","0","1","FS2012","Active","0 ~ 10 SLPM","Gas","5V","Male, 0.232"" (5.90mm)","-","Silicon","0°C ~ 85°C"
https://www.sensirion.com/file/datasheet_sfm3000 ,//media.digikey.com/Photos/Sensirion/MFG_SFM3000.jpg,1649-1047-ND,SFM3000-200C,Sensirion AG,AIR/GAS FLOW SENSOR +/-200 SLM W,60,0,"119.70000","0","1","-","Active","0 ~ 1.25 mbar","Gas","5V","Male, 0.8661"" (22mm)","I2C","Plastic","-20°C ~ 80°C (TA)"
http://sensing.honeywell.com/index.php?ci_id=44423,//media.digikey.com/Photos/Honeywell%20Photos/HAFBLF0200CAAX3.JPG,480-3866-ND,HAFBLF0050CAAX5,Honeywell Sensing and Productivity Solutions,SENSOR AIRFLOW 50SCCM LONG 5V,229,0,"131.85000","0","1","Zephyr™ HAF","Active","50sccm","Air","4.5V ~ 5.5V","Male, 0.210"" (5.35mm) Tube, Dual","-","Polymer","-20°C ~ 70°C (TA)"
//media.digikey.com/pdf/Data%20Sheets/Honeywell%20Sensing%20&%20Control%20PDFs/HAF_Series.pdf,//media.digikey.com/Photos/Honeywell%20Photos/HAFBLF0200CAAX3.JPG,480-3869-ND,HAFBLF0750C4AX5,Honeywell Sensing and Productivity Solutions,SENSOR AIRFLOW 750SCCM LONG 5V,91,0,"131.85000","0","1","Zephyr™ HAF","Active","750sccm","Air","4.5V ~ 5.5V","Male, 0.210"" (5.35mm) Tube, Dual","-","Polymer","-20°C ~ 70°C (TA)"
//media.digikey.com/pdf/Data%20Sheets/Honeywell%20Sensing%20&%20Control%20PDFs/HAF_Series.pdf,//media.digikey.com/Photos/Honeywell%20Photos/HAFBLF0200CAAX3.JPG,480-3872-ND,HAFBLF0200C4AX3,Honeywell Sensing and Productivity Solutions,SENSOR AIRFLOW 200SCCM LONG 3V,61,0,"131.85000","0","1","Zephyr™ HAF","Active","200sccm","Air","2.97V ~ 3.63V","Male, 0.210"" (5.35mm) Tube, Dual","-","Polymer","-20°C ~ 70°C (TA)"
http://sensing.honeywell.com/index.php/ci_id/50052/la_id/1/document/1/re_id/0,//media.digikey.com/photos/Honeywell%20Photos/AWM3150V.JPG,480-3282-ND,AWM3150V,Honeywell Sensing and Productivity Solutions,SENSOR AIRFLOW AMP 30 SCCM,212,0,"142.56000","0","1","AWM3000","Active","30.0sccm","Air","8V ~ 15V","Male, 0.2"" (5.08mm)","-","Silicon","-25°C ~ 85°C (TA)"
http://sensing.honeywell.com/index.php/ci_id/50051/la_id/1/document/1/re_id/0,//media.digikey.com/Photos/Honeywell%20Photos/AWM2150V.JPG,480-3479-ND,AWM2150V,Honeywell Sensing and Productivity Solutions,SENSOR AIRFLOW 30 SCCM,51,0,"143.64000","0","1","AWM2000","Active","±30sccm","Air","8V ~ 15V","Male, 0.2"" (5.08mm)","-","Silicon","-25°C ~ 85°C (TA)"
http://sensing.honeywell.com/index.php/ci_id/50052/la_id/1/document/1/re_id/0,//media.digikey.com/photos/Honeywell%20Photos/AWM3303V.JPG,480-4492-ND,AWM3303V,Honeywell Sensing and Productivity Solutions,SENSOR AIR FLOW AMP 1000 SCCM,181,0,"149.69000","0","1","AWM3000","Active","±1000sccm","Air","8V ~ 15V","Male, 0.2"" (5.08mm)","-","Silicon","-25°C ~ 85°C (TA)"
http://sensing.honeywell.com/index.php/ci_id/50052/la_id/1/document/1/re_id/0,"//media.digikey.com/photos/Honeywell%20Photos/AWM3100V,%20AWM3300V.jpg",480-2692-5-ND,AWM3100V,Honeywell Sensing and Productivity Solutions,SENSOR AIRFLOW AMP 200 SCCM,31,0,"149.69000","0","1","AWM3000","Active","200sccm","Air","8V ~ 15V","Male, 0.2"" (5.08mm)","-","Silicon","-25°C ~ 85°C (TA)"
//media.digikey.com/pdf/Data%20Sheets/Omron%20PDFs/MEMS%20flow%20Sensors.pdf,//media.digikey.com/photos/Omron%20Elect%20Photos/d6f-05n2-000.JPG,Z1673-ND,D6F-05N2-000,Omron Electronics Inc-EMC Div,SENSOR GAS FLOW TYPE 0-5LTR METL,120,721,"163.13000","0","1","D6F","Active","0 ~ 1.32 GPM (0 ~ 5 LPM)","Gas","10.8V ~ 26.4V","Female, 1/4"" (6.35mm) BSPT","-","Aluminum","-10°C ~ 60°C (TA)"
http://sensing.honeywell.com/honeywell-sensing-zephyr-digital-airflow-sensors-haf-series-high-accuracy-10slpm-to-300slpm-product-sheet-008268-4-en2.pdf,//media.digikey.com/Photos/Honeywell%20Photos/HAFUHT0200L4AXT.JPG,480-5786-ND,HAFUHT0010L4AXT,Honeywell Sensing and Productivity Solutions,HONEYWELL ZEPHYR AIRFLOW SENSOR,101,0,"186.66000","0","1","Zephyr™ HAF","Active","0 ~ 10 SLPM","Air","3V ~ 10V","Female, 3/8"", 0.375"" (9.525mm)","-","Polymer, Thermoplastic (GR)","-20°C ~ 70°C (TA)"
http://sensing.honeywell.com/index.php/ci_id/50061/la_id/1/document/1/re_id/0,//media.digikey.com/photos/Honeywell%20Photos/AWM720P1.JPG,480-3095-ND,AWM720P1,Honeywell Sensing and Productivity Solutions,SENSOR AIRFLOW AMP 200 SLPM,122,0,"188.41000","0","1","AWM700","Active","200 SLPM","Air","8V ~ 15V","Male, 0.8661"" (22mm)","-","Silicon","-25°C ~ 85°C (TA)"
http://sensing.honeywell.com/index.php/ci_id/50053/la_id/1/document/1/re_id/0,//media.digikey.com/Photos/Honeywell%20Photos/AWM5000%20SERIES.JPG,480-2697-ND,AWM5104VN,Honeywell Sensing and Productivity Solutions,SENSOR AIRFLOW AMP 0-20 SLPM,50,0,"188.41000","0","1","AWM5000","Active","0 ~ 20 SLPM","Air","8V ~ 15V","Male, 1/4"", 0.25"" (6.35mm) NPT","-","Silicon","-20°C ~ 70°C (TA)"
http://sensing.honeywell.com/index.php/ci_id/50053/la_id/1/document/1/re_id/0,//media.digikey.com/Photos/Honeywell%20Photos/AWM5000%20SERIES.JPG,480-2696-ND,AWM5101VN,Honeywell Sensing and Productivity Solutions,SENSOR AIRFLOW AMP 0-5 SLPM,33,0,"188.41000","0","1","AWM5000","Active","0 ~ 5 SLPM","Air","8V ~ 15V","Male, 1/4"" (6.35mm) 18 NPT","-","Silicon","-20°C ~ 70°C (TA)"
http://sensing.honeywell.com/honeywell-sensing-zephyr-digital-airflow-sensors-haf-series-high-accuracy-10slpm-to-300slpm-product-sheet-008268-4-en2.pdf,//media.digikey.com/Photos/Honeywell%20Photos/HAFUHT0200L4AXT.JPG,480-5671-ND,HAFUHT0020L4AXT,Honeywell Sensing and Productivity Solutions,HONEYWELL ZEPHYR AIRFLOW SENSOR,58,0,"195.97000","0","1","Zephyr™ HAF","Active","20 SLMP","Air","3V ~ 10V","Female, 3/8"", 0.375"" (9.525mm)","-","Polymer","-20°C ~ 70°C (TA)"
https://omronfs.omron.com/en_US/ecb/products/pdf/en-d6f_series.pdf,//media.digikey.com/photos/Omron%20Elect%20Photos/D6F-50A6-000.JPG,Z2865-ND,D6F-50A6-000,Omron Electronics Inc-EMC Div,FLOW SENSOR MEMS 50L/MIN,144,88,"216.91000","0","1","D6F","Active","0 ~ 50 LPM","Air","10.8V ~ 26.4V","1/4"", 0.25"" (6.35mm) RC","-","Thermoplastic resin / Aluminum alloy","-10°C ~ 60°C (TA)"
https://www.cynergy3.com/sites/default/files/UF25B%202018.pdf,//media.digikey.com/Photos/Cynergy%203/MFG_UF25B100.JPG,725-1428-ND,UF25B100,Cynergy 3,SENSOR FLOW 0.2-25LPM MALE 3/8"",52,0,"336.35000","0","1","-","Active","±0.2 ~ 25 LPM","Liquid","8V ~ 24V","Male - 3/8"" (9.52mm) BSP","-","Plastic","-"
//media.digikey.com/pdf/Data%20Sheets/Audiowell%20PDFs/US0014-001.pdf,//media.digikey.com/Photos/Audiowell-International-LLC/MFG_US0014-001.JPG,1922-1004-ND,US0014-001,Audiowell International LLC,ULTRASONIC FLOW SENSOR,373,0,"10.15000","0","1","-","Active","-","Liquid","5V","-","N/O","Steel","4°C ~ 90°C (TA)"
https://www.cynergy3.com/sites/default/files/product-data-sheets/FS%202011.pdf,//media.digikey.com/Photos/Cynergy%203/FS15LF.jpg,725-1070-ND,FS15LF,Cynergy 3,SWITCH LO FLOW REED N/O 15MM DIA,261,0,"24.07000","0","1","FS","Active","0.24 GPM Trip, 0.07 GPM Release","Liquid","120VDC, 240VAC","19/32"", 0.59"" (15mm)","N/O","Acetal Resin","-20°C ~ 85°C (TA)"
https://omronfs.omron.com/en_US/ecb/products/pdf/en-d6f_ph.pdf,//media.digikey.com/Photos/Omron%20Elect%20Photos/D6F-PH5050AD3.JPG,Z3838-ND,D6F-PH5050AD3,Omron Electronics Inc-EMC Div,SENSOR AIRFLOW +/- 500PA PCB TER,250,80,"30.32000","0","1","-","Active","±500 Pa","Air","2.3V ~ 3.6V","Male, 0.193"" (4.9mm) Tube, Dual","-","PPS","-20°C ~ 80°C (TA)"
https://omronfs.omron.com/en_US/ecb/products/pdf/en-d6f_p.pdf,//media.digikey.com/Photos/Omron%20Elect%20Photos/D6F-P0010AM2%20(2).JPG,Z3058-ND,D6F-P0010AM2,Omron Electronics Inc-EMC Div,SENSOR AIRFLOW MANFLD MNT 12/24V,340,0,"51.71000","0","1","D6F","Active","0 ~ 1 LPM","Air","4.75V ~ 9.45V","-","-","PBT Plastic","-10°C ~ 60°C (TA)"
//media.digikey.com/pdf/Data%20Sheets/Audiowell%20PDFs/HS0016-000.pdf,//media.digikey.com/Photos/Audiowell-International-LLC/MFG_HS0016-000.jpg,1922-1003-ND,HS0016-000,Audiowell International LLC,ULTRASONIC FLOW SENSOR,113,0,"60.00000","0","1","-","Active","-","Liquid","5V","-","N/O","Polymer","0°C ~ 50°C (TA)"
https://omronfs.omron.com/en_US/ecb/products/pdf/en-d6f_a1.pdf,//media.digikey.com/photos/Omron%20Elect%20Photos/d6f-02a1-110.JPG,Z1672-ND,D6F-02A1-110,Omron Electronics Inc-EMC Div,SENSOR AIR FLOW TYPE 0-2LTR METL,34,244,"131.76000","0","1","D6F","Active","0 ~ 0.53 GPM (0 ~ 2 LPM)","Air","10.8V ~ 26.4V","0.34"" (8.6mm)","-","PPS","-10°C ~ 60°C (TA)"
http://sensing.honeywell.com/index.php/ci_id/44423/la_id/1/document/1/re_id/0,//media.digikey.com/Photos/Honeywell%20Photos/HAFBSF0200CAAX5.jpg,480-3324-ND,HAFBSF0200CAAX5,Honeywell Sensing and Productivity Solutions,SENSOR AIRFLOW 200SCCM SHORT 5V,108,0,"131.85000","0","1","Zephyr™ HAF","Active","200sccm","Air","4.5V ~ 5.5V","Male, 0.16"" (4.06mm) Tube, Dual","-","Polymer","-20°C ~ 70°C (TA)"
http://sensing.honeywell.com/index.php/ci_id/50054/la_id/1/document/1/re_id/0,//media.digikey.com/photos/Honeywell%20Photos/AWM43300V.JPG,480-2694-5-ND,AWM43300V,Honeywell Sensing and Productivity Solutions,SENSOR AIRFLOW AMP 1000 SCCM,59,0,"167.72000","0","1","AWM40000","Active","±1000sccm","Air","8V ~ 15V","Female, 0.19"" (4.826mm)","-","Silicon","-25°C ~ 85°C (TA)"
//media.digikey.com/pdf/Data%20Sheets/Sensirion%20PDFs/Sensirion_Mass_Flow_Meters_SFM3400_Datasheet.pd.pdf,//media.digikey.com/Photos/Sensirion/MFG_SFM3400-33-AW.jpg,1649-1118-ND,SFM3400-33-AW,Sensirion AG,AIR/GAS FLOW SENSOR +/-33 SLM,53,0,"179.20000","0","1","-","Active","±33 SLPM","Gas","4.75 ~ 5.25V","-","I2C","Plastic","10°C ~ 50°C"
https://omronfs.omron.com/en_US/ecb/products/pdf/en-d6f_03a3.pdf,//media.digikey.com/photos/Omron%20Elect%20Photos/D6F-03A3-000.JPG,Z2717-ND,D6F-03A3-000,Omron Electronics Inc-EMC Div,MASSFLOW SENSOR 0-3 LPM,77,0,"183.88000","0","1","D6F","Active","0 ~ 0.79 GPM (0 ~ 3 LPM)","Air","10.8V ~ 26.4V","-","-","Thermoplastic resin / Aluminum alloy","0°C ~ 50°C (TA)"
http://sensing.honeywell.com/honeywell-sensing-zephyr-digital-airflow-sensors-haf-series-high-accuracy-10slpm-to-300slpm-product-sheet-008268-4-en2.pdf,//media.digikey.com/Photos/Honeywell%20Photos/HAFUHT0200L4AXT.JPG,480-5792-ND,HAFUHT0050L4AXT,Honeywell Sensing and Productivity Solutions,HONEYWELL ZEPHYR AIRFLOW SENSOR,43,0,"186.66000","0","1","Zephyr™ HAF","Active","0 ~ 50 SLPM","Air","3V ~ 10V","Female, 3/8"", 0.375"" (9.525mm)","-","Polymer, Thermoplastic (GR)","-20°C ~ 70°C (TA)"
http://sensing.honeywell.com/index.php/ci_id/50053/la_id/1/document/1/re_id/0,//media.digikey.com/Photos/Honeywell%20Photos/AWM5103XX.jpg,480-4493-ND,AWM5103VN,Honeywell Sensing and Productivity Solutions,SENSOR AIR FLOW AMP 15.0 SLPM,41,0,"188.41000","0","1","AWM5000","Active","0 ~ 15 SLPM","Air","8V ~ 15V","Male, 1/4"" (6.35mm) 18 NPT","-","Silicon","-20°C ~ 70°C (TA)"
http://sensing.honeywell.com/honeywell-sensing-zephyr-digital-airflow-sensors-haf-series-high-accuracy-10slpm-to-300slpm-product-sheet-008268-4-en2.pdf,//media.digikey.com/photos/Honeywell%20Photos/HAFUHM0020L4AXT.JPG,480-5669-ND,HAFUHM0020L4AXT,Honeywell Sensing and Productivity Solutions,HONEYWELL ZEPHYR AIRFLOW SENSOR,54,0,"195.97000","0","1","Zephyr™ HAF","Active","20 SLMP","Air","3V ~ 10V","Male, 0.8661"" (22mm)","-","Polymer","-20°C ~ 70°C (TA)"
https://omronfs.omron.com/en_US/ecb/products/pdf/en-d6f_series.pdf,//media.digikey.com/photos/Omron%20Elect%20Photos/D6F-20A6-000.JPG,Z2864-ND,D6F-20A6-000,Omron Electronics Inc-EMC Div,AIRFLOW SENSOR MEMS 20L/MIN,38,0,"216.91000","0","1","D6F","Active","0 ~ 20 LPM","Air","10.8V ~ 26.4V","1/4"", 0.25"" (6.35mm) RC","-","Thermoplastic resin / Aluminum alloy","-10°C ~ 60°C (TA)"
//media.digikey.com/pdf/Data%20Sheets/Seeed%20Technology/314150001_Web.pdf,//media.digikey.com/Photos/Seeed%20Technology%20Ltd/MFG_314150001.jpg,1597-1615-ND,314150001,"Seeed Technology Co., Ltd",G1/8"" WATER FLOW SENSOR,290,0,"9.69000","0","1","-","Active","0.3 ~ 6 LPM","Liquid","5V ~ 24V","-","-","Plastic","80°C"
https://omronfs.omron.com/en_US/ecb/products/pdf/en-d6f_ph.pdf,//media.digikey.com/photos/Omron%20Auto/D6F-PH0025AD1.JPG,Z3836-ND,D6F-PH0025AD1,Omron Electronics Inc-EMC Div,SENSOR AIRFLOW 0-250PA PCB TERM,238,320,"30.32000","0","1","-","Active","0 ~ 250 Pa","Air","2.3V ~ 3.6V","Male, 0.193"" (4.9mm) Tube, Dual","-","PPS","-20°C ~ 80°C (TA)"
//media.digikey.com/pdf/Data%20Sheets/Honeywell%20Sensing%20&%20Control%20PDFs/HAF_Series.pdf,//media.digikey.com/Photos/Honeywell%20Photos/HAFBLF0200CAAX3.JPG,480-3867-ND,HAFBLF0050C4AX5,Honeywell Sensing and Productivity Solutions,SENSOR AIRFLOW 50SCCM LONG 5V,91,0,"125.57000","0","1","Zephyr™ HAF","Active","50sccm","Air","4.5V ~ 5.5V","Male, 0.210"" (5.35mm) Tube, Dual","-","Polymer","-20°C ~ 70°C (TA)"
//media.digikey.com/pdf/Data%20Sheets/Honeywell%20Sensing%20&%20Control%20PDFs/HAF_Series.pdf,//media.digikey.com/Photos/Honeywell%20Photos/HAFBLF0200CAAX3.JPG,480-3871-ND,HAFBLF0200C4AX5,Honeywell Sensing and Productivity Solutions,SENSOR AIRFLOW 200SCCM LONG 5V,27,0,"125.57000","0","1","Zephyr™ HAF","Active","200sccm","Air","4.5V ~ 5.5V","Male, 0.210"" (5.35mm) Tube, Dual","-","Polymer","-20°C ~ 70°C (TA)"
http://sensing.honeywell.com/index.php/ci_id/50051/la_id/1/document/1/re_id/0,"//media.digikey.com/photos/Honeywell%20Photos/AWM1200V,%20AWM2100V,%20AWM2300V.jpg",480-2691-5-ND,AWM2100V,Honeywell Sensing and Productivity Solutions,SENSOR AIRFLOW 200 SCCM,55,0,"136.80000","0","1","AWM2000","Active","±200sccm","Air","8V ~ 15V","Male, 0.2"" (5.08mm)","-","Silicon","-25°C ~ 85°C (TA)"
http://sensing.honeywell.com/index.php/ci_id/50054/la_id/1/document/1/re_id/0,//media.digikey.com/photos/Honeywell%20Photos/AWM42300V.JPG,480-3093-ND,AWM42300V,Honeywell Sensing and Productivity Solutions,SENSOR AIRFLOW AMP 1000 SSCM,296,0,"152.48000","0","1","AWM40000","Active","±1000sccm","Air","8V ~ 15V","Female, 0.19"" (4.826mm)","-","Silicon","-40°C ~ 125°C (TA)"
http://sensing.honeywell.com/index.php/ci_id/54882/la_id/1/document/1/re_id/0,//media.digikey.com/photos/Honeywell%20Photos/AWM92200V.JPG,480-5612-ND,AWM92200V,Honeywell Sensing and Productivity Solutions,SENSOR AIR FLOW UNAMP 5.0 MBAR,693,0,"66.32000","0","1","AWM90000","Active","±5 mbar","Air","8V ~ 15V","Male, 0.185"" (4.699mm) Tube, Dual","-","Silicon","-25°C ~ 80°C (TA)"
//media.digikey.com/pdf/Data%20Sheets/Honeywell%20Sensing%20&%20Control%20PDFs/HAF_Series.pdf,//media.digikey.com/Photos/Honeywell%20Photos/HAFBLF0200CAAX3.JPG,HAFBLF0100C4AX5-ND,HAFBLF0100C4AX5,Honeywell Sensing and Productivity Solutions,HONEYWELL ZEPHYR AIRFLOW SENSOR,42,0,"125.57000","0","1","Zephyr™ HAF","Active","100sccm","Air","4.5V ~ 5.5V","Male, 0.210"" (5.35mm) Tube, Dual","-","Polymer","-20°C ~ 70°C (TA)"
http://sensing.honeywell.com/index.php?ci_id=44423,//media.digikey.com/Photos/Honeywell%20Photos/HAFBLF0200CAAX3.JPG,480-3323-ND,HAFBLF0200CAAX3,Honeywell Sensing and Productivity Solutions,SENSOR AIRFLOW 200SCCM LONG 3.3V,34,0,"125.57000","0","1","Zephyr™ HAF","Active","200sccm","Air","2.97V ~ 3.63V","Male, 0.210"" (5.35mm) Tube, Dual","-","Polymer","-20°C ~ 70°C (TA)"
http://sensing.honeywell.com/index.php?ci_id=44423,//media.digikey.com/Photos/Honeywell%20Photos/HAFBSF0200CAAX5.jpg,480-3874-ND,HAFBSF0200C4AX3,Honeywell Sensing and Productivity Solutions,SENSOR AIRFLOW 200SCCM SHORT 3V,30,0,"125.57000","0","1","Zephyr™ HAF","Active","200sccm","Air","2.97V ~ 3.63V","Male, 0.16"" (4.06mm) Tube, Dual","-","Polymer","-20°C ~ 70°C (TA)"
http://sensing.honeywell.com/honeywell-sensing-airflow-sensors-line-guide-008150-7-en2.pdf,//media.digikey.com/Photos/Honeywell%20Photos/AWM2200V.jpg,480-6163-ND,AWM2200V,Honeywell Sensing and Productivity Solutions,SENSOR UNAMP 10.0 MBAR,41,0,"136.80000","0","1","AWM2000","Active","±10 mBar","Air","8V ~ 15V","Male, 0.2"" (5.08mm)","-","Silicon","-25°C ~ 85°C (TA)"
http://sensing.honeywell.com/index.php/ci_id/50052/la_id/1/document/1/re_id/0,//media.digikey.com/Photos/Honeywell%20Photos/AWM3200V.JPG,480-3480-ND,AWM3200V,Honeywell Sensing and Productivity Solutions,SENSOR AIRFLOW AMP 5 MBAR,60,0,"142.56000","0","1","AWM3000","Active","±5 mbar","Air","8V ~ 15V","Male, 0.2"" (5.08mm)","-","Silicon","-25°C ~ 85°C (TA)"
https://www.pic-gmbh.com/files/pfs_328_6_4_0300_ds_e_1.1.pdf,//media.digikey.com/Photos/PIC-GMBH/PFS-328-6-4-0300.jpg,2010-1320-ND,PFS-328-6-4-0300,PIC GmbH,FLOW DETECTION SENSOR,201,0,"9.86000","0","1","-","Active","-","Liquid","-","Female, 0.5"" (12.7mm)","-","Polyamide","-20°C ~ 85°C"
https://omronfs.omron.com/en_US/ecb/products/pdf/en-d6f_ph.pdf,//media.digikey.com/photos/Omron%20Auto/D6F-PH0505AD3.JPG,Z3837-ND,D6F-PH0505AD3,Omron Electronics Inc-EMC Div,SENSOR AIRFLOW +/- 50PA PCB TERM,98,0,"30.32000","0","1","-","Active","±50 Pa","Air","2.3V ~ 3.6V","Male, 0.193"" (4.9mm) Tube, Dual","-","PPS","-20°C ~ 80°C (TA)"
https://omronfs.omron.com/en_US/ecb/products/pdf/en-d6f_w.pdf,"//media.digikey.com/photos/Omron%20Elect%20Photos/MFG_D6F-W01A1,%20D6F-W04A1.jpg",Z2631-ND,D6F-W01A1,Omron Electronics Inc-EMC Div,AIRFLOW SENSOR 0-1 M/SEC 12/24V,73,0,"88.37000","0","1","D6F","Active","0 ~ 1 m/s","Air","10.8V ~ 26.4V","0.10"" x 0.20"" (2.6mm x 5mm)","-","PPS","-10°C ~ 60°C (TA)"
https://omronfs.omron.com/en_US/ecb/products/pdf/en-d6f_w.pdf,//media.digikey.com/Photos/Omron%20Elect%20Photos/D6F-W10A1.JPG,Z3057-ND,D6F-W10A1,Omron Electronics Inc-EMC Div,SENSOR AIRFLOW MNT 12/24V,58,0,"88.37000","0","1","D6F","Active","0 ~ 10 m/s","Air","10.8V ~ 26.4V","0.10"" x 0.20"" (2.6mm x 5mm)","-","PPS","-10°C ~ 60°C (TA)"
http://sensing.honeywell.com/index.php?ci_id=44423,//media.digikey.com/Photos/Honeywell%20Photos/HAFBLF0200CAAX3.JPG,480-3868-ND,HAFBLF0750CAAX5,Honeywell Sensing and Productivity Solutions,SENSOR AIRFLOW 750SCCM LONG 5V,76,0,"112.08000","0","1","Zephyr™ HAF","Active","750sccm","Air","4.5V ~ 5.5V","Male, 0.210"" (5.35mm) Tube, Dual","-","Polymer","-20°C ~ 70°C (TA)"
http://sensing.honeywell.com/index.php?ci_id=44423,//media.digikey.com/Photos/Honeywell%20Photos/HAFBLF0200CAAX3.JPG,480-4947-ND,HAFBLF0200CAAX5,Honeywell Sensing and Productivity Solutions,PRESSURE ZEPHYR AIRFLOW BLOCK,4,0,"125.57000","0","1","Zephyr™ HAF","Active","200sccm","Air","4.5V ~ 5.5V","Male, 0.210"" (5.35mm) Tube, Dual","-","Polymer","-20°C ~ 70°C (TA)"
https://www.sensirion.com/file/datasheet_sfm4100 ,//media.digikey.com/Photos/Sensirion/MFG_SFM4100-AIR.JPG,1649-1048-ND,SFM4100 AIR,Sensirion AG,AIR/GAS FLOW SENSOR 20 SLM,18,0,"174.40000","0","1","SFM4100","Active","-","Gas","5V ~ 9V","Male, 0.246” (6.248mm) Tube, Dual","-","Polyamide","-20°C ~ 80°C (TA)"
https://omronfs.omron.com/en_US/ecb/products/pdf/en-d6f_series.pdf,//media.digikey.com/photos/Omron%20Elect%20Photos/D6F-10A6-000.JPG,Z2863-ND,D6F-10A6-000,Omron Electronics Inc-EMC Div,AIRFLOW SENSOR MEMS 10L/MIN,21,0,"216.91000","0","1","D6F","Active","0 ~ 10 LPM","Air","10.8V ~ 26.4V","1/4"", 0.25"" (6.35mm) RC","-","Thermoplastic resin / Aluminum alloy","-10°C ~ 60°C (TA)"
https://www.sensirion.com/file/datasheet_asf1430,//media.digikey.com/Photos/Sensirion/MFG_ASF1430.JPG,1649-1046-ND,ASF1430,Sensirion AG,AIRFLOW SENSOR +/-400 SCCM,12,0,"289.60000","0","1","ASF1400","Active","-","Gas","7V ~ 18V","Male, 0.99"" (25.2mm) Tube","-","PBT Plastic","0°C ~ 70°C (TA)"
https://www3.panasonic.biz/ac/e_download/fasys/pressure/pressure/catalog/fm-200_e_cata.pdf,//media.digikey.com/Photos/Panasonic%20Photos/FM-252-4-P.jpg,1110-2654-ND,FM-252-4-P,Panasonic Industrial Automation Sales,DIGITAL FLOW SENSOR 0.5L/MIN PNP,10,0,"555.10000","0","1","FM-200","Active","-","Gas","12V ~ 24V","Female, 0.157"" (4mm)","-","Plastic","0°C ~ 50°C (TA)"
https://www.cynergy3.com/sites/default/files/product-data-sheets/FS%202011.pdf,//media.digikey.com/Photos/Cynergy%203/FS22A.jpg,725-1071-ND,FS22A,Cynergy 3,SWITCH FLOW REED N/O 22MM DIA,47,0,"23.58000","0","1","FS","Active","0.99 GPM Trip, 0.37 GPM Release","Liquid","120VDC, 240VAC","7/8"", 0.87"" (22mm)","N/O","Acetal Resin","-20°C ~ 85°C (TA)"
https://www.idt.com/document/dst/fs1012-datasheet,"//media.digikey.com/Photos/IDT,%20Integrated%20Device%20Technology/MFG_FS1012-Series.jpg",800-3794-ND,FS1012-1001-LQ,"IDT, Integrated Device Technology Inc",THERMAL MASS FLOW SENSOR,64,0,"44.09000","0","1","FS1012","Active","0 ~ 0.5 SLPM","Liquid","3V ~ 5.6V","Male, 0.232"" (5.90mm)","-","Silicon","0°C ~ 85°C"
https://www.idt.com/document/dst/fs1012-datasheet,"//media.digikey.com/Photos/IDT,%20Integrated%20Device%20Technology/MFG_FS1012-Series.jpg",800-3795-ND,FS1012-1020-NG,"IDT, Integrated Device Technology Inc",THERMAL MASS FLOW SENSOR,19,20,"44.09000","0","1","FS1012","Active","0 ~ 2 SLPM","Gas","3V ~ 5.6V","Male, 0.232"" (5.90mm)","-","Silicon","0°C ~ 85°C"
//media.digikey.com/pdf/Data%20Sheets/Audiowell%20PDFs/HS0014-000.pdf,//media.digikey.com/Photos/Audiowell-International-LLC/MFG_HS0014-000.jpg,1922-1002-ND,HS0014-000,Audiowell International LLC,ULTRASONIC FLOW SENSOR,99,0,"52.50000","0","1","-","Active","-","Liquid","5V","-","N/O","Polymer","0°C ~ 50°C (TA)"
https://www.idt.com/document/dst/fs2012-datasheet,"//media.digikey.com/Photos/IDT,%20Integrated%20Device%20Technology/MFG_FS2012-Series.jpg",800-3796-ND,FS2012-1001-LQ,"IDT, Integrated Device Technology Inc",THERMAL MASS FLOW SENSOR,43,0,"94.90000","0","1","FS2012","Active","0 ~ 0.5 SLPM","Liquid","5V","Male, 0.232"" (5.90mm)","-","Silicon","0°C ~ 85°C"
https://www.idt.com/document/dst/fs2012-datasheet,"//media.digikey.com/Photos/IDT,%20Integrated%20Device%20Technology/MFG_FS2012-Series.jpg",800-3793-ND,FS2012-1002-LQ,"IDT, Integrated Device Technology Inc",CALLIBRATED MASS FLOW SENSOR,15,0,"94.90000","0","1","FS2012","Active","0 ~ 1 SLPM","Liquid","5V","Male, 0.232"" (5.90mm)","-","Silicon","0°C ~ 85°C"
https://omronfs.omron.com/en_US/ecb/products/pdf/en-d6f_a1.pdf,//media.digikey.com/photos/Omron%20Elect%20Photos/D6F-01A1-110.JPG,Z1671-ND,D6F-01A1-110,Omron Electronics Inc-EMC Div,SENSOR AIR FLOW TYPE 0-1LTR PLST,25,0,"131.76000","0","1","D6F","Active","0 ~ 0.264 GPM (0 ~ 1 LPM)","Air","10.8V ~ 26.4V","0.34"" (8.6mm)","-","PPS","-10°C ~ 60°C (TA)"
//media.digikey.com/pdf/Data%20Sheets/Honeywell%20Sensing%20&%20Control%20PDFs/HAF_Series.pdf,//media.digikey.com/photos/Honeywell%20Photos/HAFBLF0200C2AX5.jpg,480-3312-ND,HAFBLF0200C2AX5,Honeywell Sensing and Productivity Solutions,SENSOR AIRFLOW 200SCCM LONG,8,0,"131.85000","0","1","Zephyr™ HAF","Active","200sccm","Air","4.5V ~ 5.5V","Male, 0.210"" (5.35mm) Tube, Dual","-","Polymer","-20°C ~ 70°C (TA)"
https://www.sensirion.com/fileadmin/user_upload/customers/sensirion/Dokumente/0_Datasheets/Mass_Flow_Meter/Sensirion_Mass_Flow_Meters_SFM3200_Datasheet.pdf,//media.digikey.com/Photos/Sensirion/MFG_SFM3200.jpg,1649-1101-ND,SFM3200-250,Sensirion AG,AIR/GAS FLOW SENSOR +/-250 SLM,10,0,"168.00000","0","1","-","Active","-","Gas","5V","-","I2C","Plastic","10°C ~ 50°C"
http://sensing.honeywell.com/honeywell-sensing-zephyr-digital-airflow-sensors-haf-series-high-accuracy-10slpm-to-300slpm-product-sheet-008268-4-en2.pdf,//media.digikey.com/Photos/Honeywell%20Photos/HAFUHH0xxxL4AXT.JPG,480-5791-ND,HAFUHH0050L4AXT,Honeywell Sensing and Productivity Solutions,HONEYWELL ZEPHYR AIRFLOW SENSOR,19,0,"186.66000","0","1","Zephyr™ HAF","Active","0 ~ 50 SLPM","Air","3V ~ 10V","Male, 0.8661"" (22mm)","-","Polymer, Thermoplastic (GR)","-20°C ~ 70°C (TA)"
http://sensing.honeywell.com/honeywell-sensing-zephyr-digital-airflow-sensors-haf-series-high-accuracy-10slpm-to-300slpm-product-sheet-008268-4-en2.pdf,//media.digikey.com/Photos/Honeywell%20Photos/HAFUHT0200L4AXT.JPG,480-5789-ND,HAFUHT0015L4AXT,Honeywell Sensing and Productivity Solutions,HONEYWELL ZEPHYR AIRFLOW SENSOR,8,0,"186.66000","0","1","Zephyr™ HAF","Active","0 ~ 15 SLPM","Air","3V ~ 10V","Female, 3/8"", 0.375"" (9.525mm)","-","Polymer, Thermoplastic (GR)","-20°C ~ 70°C (TA)"
http://sensing.honeywell.com/honeywell-sensing-zephyr-digital-airflow-sensors-haf-series-high-accuracy-10slpm-to-300slpm-product-sheet-008268-4-en2.pdf,//media.digikey.com/Photos/Honeywell%20Photos/HAFUHT0200L4AXT.JPG,480-5795-ND,HAFUHT0100L4AXT,Honeywell Sensing and Productivity Solutions,HONEYWELL ZEPHYR AIRFLOW SENSOR,5,0,"186.66000","0","1","Zephyr™ HAF","Active","0 ~ 100 SLPM","Air","3V ~ 10V","Female, 3/8"", 0.375"" (9.525mm)","-","Polymer, Thermoplastic (GR)","-20°C ~ 70°C (TA)"
http://sensing.honeywell.com/index.php/ci_id/50061/la_id/1/document/1/re_id/0,//media.digikey.com/Photos/Honeywell%20Photos/AWM730B5.JPG,480-6166-ND,AWM730B5,Honeywell Sensing and Productivity Solutions,PRESSUREAIRFLOWAWM 700 SERIES,19,0,"188.41000","0","1","AWM700","Active","0 ~ 300 SLPM","Air","9V ~ 15V","Male, 0.8661"" (22mm)","-","-","5°C ~ 60°C (TA)"
http://sensing.honeywell.com/index.php/ci_id/50053/la_id/1/document/1/re_id/0,//media.digikey.com/Photos/Honeywell%20Photos/AWM5000%20SERIES.JPG,480-3094-ND,AWM5102VN,Honeywell Sensing and Productivity Solutions,SENSOR AIRFLOW AMP 0-10 SLPM,17,0,"188.41000","0","1","AWM5000","Active","0 ~ 10 SLPM","Air","8V ~ 15V","Male, 1/4"", 0.25"" (6.35mm) NPT","-","Silicon","-20°C ~ 70°C (TA)"
http://sensing.honeywell.com/honeywell-sensing-zephyr-digital-airflow-sensors-haf-series-high-accuracy-10slpm-to-300slpm-product-sheet-008268-4-en2.pdf,//media.digikey.com/Photos/Honeywell%20Photos/HAFUHT0200L4AXT.JPG,480-5672-ND,HAFUHT0200L4AXT,Honeywell Sensing and Productivity Solutions,HONEYWELL ZEPHYR AIRFLOW SENSOR,7,0,"195.97000","0","1","Zephyr™ HAF","Active","200 SLPM","Air","3V ~ 10V","Female, 3/8"", 0.375"" (9.525mm)","-","Polymer","-20°C ~ 70°C (TA)"
https://omronfs.omron.com/en_US/ecb/products/pdf/en-d6f_series.pdf,//media.digikey.com/photos/Omron%20Elect%20Photos/D6F-10A5-000.JPG,Z2206-ND,D6F-10A5-000,Omron Electronics Inc-EMC Div,FLOW SENSOR MEMS 10L/MIN,8,0,"216.91000","0","1","D6F","Active","0 ~ 10 LPM","Air","10.8V ~ 26.4V","0.196"" (5mm)","-","Thermoplastic resin / Aluminum alloy","-10°C ~ 60°C (TA)"
https://omronfs.omron.com/en_US/ecb/products/pdf/en-d6f_series.pdf,//media.digikey.com/photos/Omron%20Elect%20Photos/D6F-10A5-000.JPG,Z8281-ND,D6F-10A61-000,Omron Electronics Inc-EMC Div,AIRFLOW SENSOR MEMS 10L/MIN,16,0,"220.66000","0","1","D6F","Active","0 ~ 10 LPM","Air","10.8V ~ 26.4V","-","-","Thermoplastic resin","-10°C ~ 60°C (TA)"
https://www.cynergy3.com/sites/default/files/UF08B%202016.pdf,//media.digikey.com/Photos/Cynergy%203/MFG_UF08B100.JPG,725-1427-ND,UF08B100,Cynergy 3,SENSOR FLOW 0.1-8LPM MALE 3/8"",6,0,"336.35000","0","1","-","Active","±0.1 ~ 8 LPM","Liquid","8V ~ 24V","Male, 3/8"", 0.375"" (9.525mm) NPT","-","Plastic","-"
//media.digikey.com/pdf/Data%20Sheets/Seeed%20Technology/114991174_Web.pdf,//media.digikey.com/Photos/Seeed%20Technology%20Ltd/MFG_114991174.jpg,1597-1521-ND,114991174,"Seeed Technology Co., Ltd",WATER FLOW SENSOR YF-B4,26,0,"7.04000","0","1","-","Active","1 ~ 25 LPM","Liquid","5V ~ 15V","-","-","Copper","80°C (TA)"
https://www.sensirion.com/file/datasheet_lg01,//media.digikey.com/Photos/Sensirion/MFG_LG01-2000A0xx.JPG,1649-1052-ND,LG01-2000A090,Sensirion AG,SENSOR LIQUID FLOW 50ML/M,9,0,"163.20000","0","1","-","Active","-","Liquid","5V ~ 12V","Female, 1/4"" (6.35mm) Flat Bottom","Logic","Plastic","10°C ~ 50°C (TA)"
http://sensing.honeywell.com/honeywell-sensing-airflow-sensors-line-guide-008150-7-en2.pdf,//media.digikey.com/Photos/Honeywell%20Photos/AWM5000%20SERIES.JPG,480-6165-ND,AWM5104VC,Honeywell Sensing and Productivity Solutions,SENSOR AIR FLOW AMP 20.0 SLPM,12,0,"175.46000","0","1","AWM5000","Active","0 ~ 20 SLPM","Air","8V ~ 15V","Male, 1/4"" (6.35mm) 18 NPT","-","Silicon","-20°C ~ 70°C (TA)"
http://sensing.honeywell.com/honeywell-sensing-zephyr-digital-airflow-sensors-haf-series-high-accuracy-10slpm-to-300slpm-product-sheet-008268-4-en2.pdf,//media.digikey.com/Photos/Honeywell%20Photos/HAFUHM0200L4AXT.JPG,480-5670-ND,HAFUHM0200L4AXT,Honeywell Sensing and Productivity Solutions,HONEYWELL ZEPHYR AIRFLOW SENSOR,6,0,"186.64000","0","1","Zephyr™ HAF","Active","200 SLPM","Air","3V ~ 10V","Male, 0.8661"" (22mm)","-","Polymer","-20°C ~ 70°C (TA)"
http://sensing.honeywell.com/honeywell-sensing-zephyr-digital-airflow-sensors-haf-series-high-accuracy-10slpm-to-300slpm-product-sheet-008268-4-en2.pdf,//media.digikey.com/Photos/Honeywell%20Photos/HAFUHH0xxxL4AXT.JPG,480-5797-ND,HAFUHH0300L4AXT,Honeywell Sensing and Productivity Solutions,HONEYWELL ZEPHYR AIRFLOW SENSOR,22,0,"186.66000","0","1","Zephyr™ HAF","Active","0 ~ 300 SLPM","Air","3V ~ 10V","Male, 0.8661"" (22mm)","-","Polymer, Thermoplastic (GR)","-20°C ~ 70°C (TA)"
http://sensing.honeywell.com/honeywell-sensing-zephyr-digital-airflow-sensors-haf-series-high-accuracy-10slpm-to-300slpm-product-sheet-008268-4-en2.pdf,//media.digikey.com/photos/Honeywell%20Photos/Zephyr%20HAF%20SERIES%20Manifold.JPG,480-5784-ND,HAFUHM0010L4AXT,Honeywell Sensing and Productivity Solutions,HONEYWELL ZEPHYR AIRFLOW SENSOR,10,0,"186.66000","0","1","Zephyr™ HAF","Active","0 ~ 10 SLPM","Air","3V ~ 10V","Manifold, 0.51"" (13mm)","-","Polymer, Thermoplastic (GR)","-20°C ~ 70°C (TA)"
https://omronfs.omron.com/en_US/ecb/products/pdf/en-d6f_series.pdf,//media.digikey.com/photos/Omron%20Elect%20Photos/D6F-50A5-000.JPG,Z2208-ND,D6F-50A5-000,Omron Electronics Inc-EMC Div,FLOW SENSOR MEMS 50L/MIN,24,0,"216.91000","0","1","D6F","Active","0 ~ 50 LPM","Air","10.8V ~ 26.4V","0.196"" (5mm)","-","Thermoplastic resin / Aluminum alloy","-10°C ~ 60°C (TA)"
https://www.sensirion.com/file/datasheet_asf1400,//media.digikey.com/Photos/Sensirion/MFG_ASF1400.JPG,1649-1045-ND,ASF1400,Sensirion AG,AIRFLOW SENSOR +/-400 SCCM,22,0,"289.60000","0","1","ASF1400","Active","-","Gas","7V ~ 18V","Male, 0.99"" (25.2mm) Tube","-","PBT Plastic","0°C ~ 70°C (TA)"
https://www3.panasonic.biz/ac/e_download/fasys/pressure/pressure/catalog/fm-200_e_cata.pdf,//media.digikey.com/Photos/Panasonic%20Photos/FM-252-4.jpg,1110-2653-ND,FM-252-4,Panasonic Industrial Automation Sales,DIGITAL FLOW SENSOR 0.5L/MIN NPN,4,0,"555.10000","0","1","FM-200","Active","-","Gas","12V ~ 24V","Female, 0.157"" (4mm)","-","Plastic","0°C ~ 50°C (TA)"
https://www3.panasonic.biz/ac/e_download/fasys/pressure/pressure/catalog/fm-200_e_cata.pdf,//media.digikey.com/Photos/Panasonic%20Photos/FM-254-8-P.jpg,1110-2658-ND,FM-254-8-P,Panasonic Industrial Automation Sales,DIGITAL FLOW SENSOR 50L/MIN PNP,3,0,"555.10000","0","1","FM-200","Active","50 LPM","Gas","12V ~ 24V","Female, 0.315"" (8mm)","-","Plastic","0°C ~ 50°C (TA)"
https://www3.panasonic.biz/ac/e_download/fasys/pressure/pressure/catalog/fm-200_e_cata.pdf,//media.digikey.com/Photos/Panasonic%20Photos/FM-214-4.jpg,1110-2649-ND,FM-214-4,Panasonic Industrial Automation Sales,DIGITAL FLOW SENSOR 10L/MIN NPN,2,0,"555.10000","0","1","FM-200","Active","-","Gas","12V ~ 24V","Female, 0.157"" (4mm)","-","Plastic","0°C ~ 50°C (TA)"
https://www3.panasonic.biz/ac/e_download/fasys/pressure/pressure/catalog/fm-200_e_cata.pdf,//media.digikey.com/Photos/Panasonic%20Photos/FM-215-8.jpg,1110-2650-ND,FM-215-8,Panasonic Industrial Automation Sales,DIGITAL FLOW SENSOR 100L/MIN NPN,11,0,"596.00000","0","1","FM-200","Active","-","Gas","12V ~ 24V","Female, 0.315"" (8mm)","-","Plastic","0°C ~ 50°C (TA)"
https://www3.panasonic.biz/ac/e_download/fasys/pressure/pressure/catalog/fm-200_e_cata.pdf,//media.digikey.com/Photos/Panasonic%20Photos/FM-216-AR2.jpg,1110-4016-ND,FM-215-8-P,Panasonic Industrial Automation Sales,DIGITAL FLOW SENSOR 100L/MIN PNP,3,0,"596.00000","0","1","FM-200","Active","-","Gas","12V ~ 24V","Female, 0.315"" (8mm)","-","Plastic","0°C ~ 50°C (TA)"
http://sensing.honeywell.com/honeywell-sensing-airflow-sensors-line-guide-008150-7-en2.pdf,//media.digikey.com/Photos/Honeywell%20Photos/AWM5000%20SERIES.JPG,480-6164-ND,AWM5101VA,Honeywell Sensing and Productivity Solutions,SENSOR AIR FLOW AMP 5.0 SLPM,12,0,"175.46000","0","1","AWM5000","Active","0 ~ 5 SLPM","Air","8V ~ 15V","Male, 1/4"", 0.25"" (6.35mm) 18 NPT","-","Silicon","-20°C ~ 70°C (TA)"
http://sensing.honeywell.com/index.php/ci_id/50053/la_id/1/document/1/re_id/0,//media.digikey.com/Photos/Honeywell%20Photos/AWM5103XX.jpg,480-4494-ND,AWM5104VA,Honeywell Sensing and Productivity Solutions,SENSOR AIR FLOW AMP 20.0 SLPM,10,0,"175.46000","0","1","AWM5000","Active","0 ~ 20 SLPM","Air","8V ~ 15V","Male, 1/4"" (6.35mm) 18 NPT","-","Silicon","-20°C ~ 70°C (TA)"
http://sensing.honeywell.com/honeywell-sensing-zephyr-digital-airflow-sensors-haf-series-high-accuracy-10slpm-to-300slpm-product-sheet-008268-4-en2.pdf,//media.digikey.com/Photos/Honeywell%20Photos/HAFUHH0200L4AXT.JPG,480-5674-ND,HAFUHH0200L4AXT,Honeywell Sensing and Productivity Solutions,HONEYWELL ZEPHYR AIRFLOW SENSOR,4,0,"186.64000","0","1","Zephyr™ HAF","Active","200 SLPM","Air","3V ~ 10V","Male, 0.8661"" (22mm)","-","Polymer","-20°C ~ 70°C (TA)"
http://sensing.honeywell.com/honeywell-sensing-zephyr-digital-airflow-sensors-haf-series-high-accuracy-10slpm-to-300slpm-product-sheet-008268-4-en2.pdf,//media.digikey.com/Photos/Honeywell%20Photos/HAFUHH0xxxL4AXT.JPG,480-5785-ND,HAFUHH0010L4AXT,Honeywell Sensing and Productivity Solutions,HONEYWELL ZEPHYR AIRFLOW SENSOR,25,0,"186.66000","0","1","Zephyr™ HAF","Active","0 ~ 10 SLPM","Air","3V ~ 10V","Male, 0.8661"" (22mm)","-","Polymer, Thermoplastic (GR)","-20°C ~ 70°C (TA)"
http://sensing.honeywell.com/honeywell-sensing-zephyr-digital-airflow-sensors-haf-series-high-accuracy-10slpm-to-300slpm-product-sheet-008268-4-en2.pdf,//media.digikey.com/Photos/Honeywell%20Photos/HAFUHH0xxxL4AXT.JPG,480-5788-ND,HAFUHH0015L4AXT,Honeywell Sensing and Productivity Solutions,HONEYWELL ZEPHYR AIRFLOW SENSOR,18,0,"186.66000","0","1","Zephyr™ HAF","Active","0 ~ 15 SLPM","Air","3V ~ 10V","Male, 0.8661"" (22mm)","-","Polymer, Thermoplastic (GR)","-20°C ~ 70°C (TA)"
http://sensing.honeywell.com/honeywell-sensing-zephyr-digital-airflow-sensors-haf-series-high-accuracy-10slpm-to-300slpm-product-sheet-008268-4-en2.pdf,//media.digikey.com/photos/Honeywell%20Photos/Zephyr%20HAF%20SERIES%20Manifold.JPG,480-5787-ND,HAFUHM0015L4AXT,Honeywell Sensing and Productivity Solutions,HONEYWELL ZEPHYR AIRFLOW SENSOR,12,0,"186.66000","0","1","Zephyr™ HAF","Active","0 ~ 15 SLPM","Air","3V ~ 10V","Manifold, 0.51"" (13mm)","-","Polymer, Thermoplastic (GR)","-20°C ~ 70°C (TA)"
http://sensing.honeywell.com/honeywell-sensing-zephyr-digital-airflow-sensors-haf-series-high-accuracy-10slpm-to-300slpm-product-sheet-008268-4-en2.pdf,//media.digikey.com/Photos/Honeywell%20Photos/HAFUHH0xxxL4AXT.JPG,480-5794-ND,HAFUHH0100L4AXT,Honeywell Sensing and Productivity Solutions,HONEYWELL ZEPHYR AIRFLOW SENSOR,4,0,"186.66000","0","1","Zephyr™ HAF","Active","0 ~ 100 SLPM","Air","3V ~ 10V","Male, 0.8661"" (22mm)","-","Polymer, Thermoplastic (GR)","-20°C ~ 70°C (TA)"
https://www3.panasonic.biz/ac/e_download/fasys/pressure/pressure/catalog/fm-200_e_cata.pdf,//media.digikey.com/Photos/Panasonic%20Photos/FM-213-4-P.jpg,1110-2648-ND,FM-213-4-P,Panasonic Industrial Automation Sales,DIGITAL FLOW SENSOR 1L/MIN PNP,2,0,"555.10000","0","1","FM-200","Active","-","Gas","12V ~ 24V","Female, 0.157"" (4mm)","-","Plastic","0°C ~ 50°C (TA)"
//media.digikey.com/pdf/Data%20Sheets/Sensirion%20PDFs/Sensirion_Mass_Flow_Meters_SFM3300_Datasheet.pdf,//media.digikey.com/Photos/Sensirion/MFG_SFM3300-D.jpg,1649-1116-ND,SFM3300-250-D,Sensirion AG,AIR/GAS FLOW SENSOR +/-250 SLM,31,0,"41.80000","0","1","-","Active","±250 SLPM","Gas","4.75 ~ 5.25V","-","I2C","Plastic","10°C ~ 50°C"
https://www.qats.com/DataSheet/Flow-Meter,//media.digikey.com/Photos/Advanced%20Thermal%20Solutions%20Photos/MFG_ATS-FM-M.jpg,ATS2232-ND,ATS-FM-M,Advanced Thermal Solutions Inc.,LCD DISPLAY FLOW TOTALIZER AND F,14,0,"85.74000","0","1","ATS","Active","0.8 ~ 8 LPM","Liquid","-","Male, 1/4"", 0.25"" (6.35mm) NPT","-","Acetal Copolymer","0°C ~ 40°C"
https://www.qats.com/DataSheet/Flow-Meter,//media.digikey.com/Photos/Advanced%20Thermal%20Solutions%20Photos/MFG_DigiFlow6710M-34.jpg,ATS2231-ND,ATS-FM-34,Advanced Thermal Solutions Inc.,MICRO FLOW TOTALIZER AND FLOW RA,11,0,"85.74000","0","1","ATS","Active","0.04 ~ 1 LPM","Liquid","-","Male, 1/4"", 0.25"" (6.35mm) NPT","-","Acetal Copolymer","0°C ~ 40°C"
https://www.qats.com/DataSheet/Flow-Meter,//media.digikey.com/Photos/Advanced%20Thermal%20Solutions%20Photos/MFG_DigiFlow6710M-22.jpg,ATS2233-ND,ATS-FM-22,Advanced Thermal Solutions Inc.,LCD DISPLAY FLOW TOTALIZER AND F,8,0,"85.74000","0","1","ATS","Active","0.04 ~ 1 LPM","Liquid","-","Male, 3/8"", 0.375"" (9.525mm) BSP","-","Acetal Copolymer","0°C ~ 80°C"
https://www.qats.com/DataSheet/Flow-Meter,//media.digikey.com/Photos/Advanced%20Thermal%20Solutions%20Photos/MFG_DigiFlow6710M-44.jpg,ATS2234-ND,ATS-FM-44,Advanced Thermal Solutions Inc.,LCD DISPLAY FLOW TOTALIZER AND F,7,0,"99.27000","0","1","ATS","Active","1.5 ~ 25 LPM","Liquid","-","Male, 1/2"", 0.5"" (12.7mm) BSP","-","Acetal Copolymer","0°C ~ 60°C"
https://www.qats.com/DataSheet/Flow-Meter,//media.digikey.com/Photos/Advanced%20Thermal%20Solutions%20Photos/MFG_DigiFlow6710M-66.jpg,ATS2235-ND,ATS-FM-66,Advanced Thermal Solutions Inc.,LCD DISPLAY FLOW TOTALIZER AND F,9,0,"99.46000","0","1","ATS","Active","2 ~ 60 LPM","Liquid","-","Male, 3/4"", 0.75"" (19.05mm) BSP","-","Acetal Copolymer","0°C ~ 80°C"
https://www.te.com/commerce/DocumentDelivery/DDEController?Action=srchrtrv&DocNm=AD101_Air_Bubble_Detector&DocType=DS&DocLang=English,//media.digikey.com/photos/TE%20Connectivity/071-06403.JPG,223-1899-ND,071-06403,TE Connectivity Measurement Specialties,AIR BUBBLE DETECTOR 4MM,5,0,"112.78000","0","1","AD-101","Active","-","Air","5V ~ 24V","-","Logic","Polycarbonate-ABS","0°C ~ 40°C"
https://www.te.com/commerce/DocumentDelivery/DDEController?Action=srchrtrv&DocNm=AD101_Air_Bubble_Detector&DocType=DS&DocLang=English,//media.digikey.com/Photos/TE%20Connectivity/071-06402.jpg,223-1898-ND,071-06402,TE Connectivity Measurement Specialties,AIR BUBBLE DETECTOR 6MM,1,0,"112.78000","0","1","AD-101","Active","-","Air","5V ~ 24V","-","Logic","Polycarbonate-ABS","0°C ~ 40°C"
https://www.qats.com/DataSheet/Flow-Meter,//media.digikey.com/Photos/Advanced%20Thermal%20Solutions%20Photos/MFG_DigiFlow6710M-88.jpg,ATS2236-ND,ATS-FM-88,Advanced Thermal Solutions Inc.,LCD DISPLAY FLOW TOTALIZER AND F,7,0,"125.18000","0","1","ATS","Active","3 ~ 100 LPM","Liquid","-","Male, 1"" (25.4mm) BSP","-","Acetal Copolymer","0°C ~ 80°C"
//media.digikey.com/pdf/Data%20Sheets/Sensirion%20PDFs/Sensirion_Mass_Flow_Meters_SFM3200-AW_Datasheet.pd.pdf,//media.digikey.com/Photos/Sensirion/MFG_SFM3200-AW.jpg,1649-1117-ND,SFM3200-AW,Sensirion AG,AIR/GAS FLOW SENSOR -100 TO +250,24,0,"179.20000","0","1","-","Active","-100 ~ +250 SLPM","Gas","4.75 ~ 5.25V","-","I2C","Plastic","10°C ~ 50°C"
https://omronfs.omron.com/en_US/ecb/products/pdf/en-d6f-_a7d_ab71d.pdf,-,Z11120-ND,D6F-20A7D-000-0,Omron Electronics Inc-EMC Div,SENSOR FLOW 0-20 LPM P10 FAST,10,0,"182.32000","0","1","D6F","Active","0 ~ 20 LPM","Air","3V ~ 3.6V","Female, 0.511"" (13mm)","-","Polyphenylene Sulfide (PPS)","-10°C ~ 60°C"
https://omronfs.omron.com/en_US/ecb/products/pdf/en-d6f-_a7d_ab71d.pdf,-,Z11119-ND,D6F-10A7D-000-0,Omron Electronics Inc-EMC Div,SENSOR FLOW 0-10 LPM P10 FAST,9,0,"182.32000","0","1","D6F","Active","0 ~ 10 LPM","Air","3V ~ 3.6V","Female, 0.511"" (13mm)","-","Polyphenylene Sulfide (PPS)","-10°C ~ 60°C"
https://omronfs.omron.com/en_US/ecb/products/pdf/en-d6f-_a7d_ab71d.pdf,-,Z11121-ND,D6F-50A7D-000-0,Omron Electronics Inc-EMC Div,SENSOR FLOW 0-50 LPM P10 FAST,7,0,"182.32000","0","1","D6F","Active","0 ~ 50 LPM","Air","3V ~ 3.6V","Female, 0.511"" (13mm)","-","Polyphenylene Sulfide (PPS)","-10°C ~ 60°C"
https://omronfs.omron.com/en_US/ecb/products/pdf/en-d6f-_a7d_ab71d.pdf,-,Z11122-ND,D6F-70AB71D-000-0,Omron Electronics Inc-EMC Div,SENSOR FLOW 0-70 LPM P14 FAST,7,0,"182.32000","0","1","D6F","Active","0 ~ 70 LPM","Air","3V ~ 3.6V","Female, 0.708"" (18mm)","-","Polyphenylene Sulfide (PPS)","-10°C ~ 60°C"
https://omronfs.omron.com/en_US/ecb/products/pdf/en-d6f_series.pdf,//media.digikey.com/photos/Omron%20Elect%20Photos/D6F-20A6-000.JPG,Z8583-ND,D6F-20A61-000,Omron Electronics Inc-EMC Div,AIRFLOW SENSOR MEMS 20L/MIN,8,0,"216.91000","0","1","D6F","Active","0 ~ 20 LPM","Air","10.8V ~ 26.4V","-","-","Thermoplastic resin","-10°C ~ 60°C (TA)"
https://omronfs.omron.com/en_US/ecb/products/pdf/en-d6f_series.pdf,//media.digikey.com/photos/Omron%20Elect%20Photos/D6F-20A5-000.JPG,Z2207-ND,D6F-20A5-000,Omron Electronics Inc-EMC Div,FLOW SENSOR MEMS 20L/MIN,2,0,"216.91000","0","1","D6F","Active","0 ~ 20 LPM","Air","10.8V ~ 26.4V","0.196"" (5mm)","-","Thermoplastic resin / Aluminum alloy","-10°C ~ 60°C (TA)"
-,//media.digikey.com/Photos/Omron%20Auto/D6F-02L7-000.jpg,Z8581-ND,D6F-02L7-000,Omron Electronics Inc-EMC Div,SENSOR GAS FLOW TYPE 0-2L/MIN,9,0,"231.19000","0","1","D6F","Active","0 ~ 0.53 GPM (0 ~ 2 LPM)","Air","10.8 ~ 26.4V","-","-","-","-10°C ~ 60°C (TA)"
-,//media.digikey.com/Photos/Omron%20Auto/D6F-02L7-000.jpg,Z8582-ND,D6F-05N7-000,Omron Electronics Inc-EMC Div,SENSOR MICRO-FLOW,4,0,"231.19000","0","1","D6F","Active","0 ~ 1.32 GPM (0 ~ 5 LPM)","Air","10.8 ~ 26.4V","-","-","-","-10°C ~ 60°C (TA)"
https://www3.panasonic.biz/ac/e_download/fasys/pressure/pressure/catalog/fm-200_e_cata.pdf,//media.digikey.com/photos/Panasonic%20Photos/FM-253-4-P.jpg,1110-2656-ND,FM-253-4-P,Panasonic Industrial Automation Sales,DIGITAL FLOW SENSOR 5L/MIN PNP,4,0,"555.10000","0","1","FM-200","Active","-","Gas","12V ~ 24V","Female, 0.157"" (4mm)","-","Plastic","0°C ~ 50°C (TA)"
https://www3.panasonic.biz/ac/e_download/fasys/pressure/pressure/catalog/fm-200_e_cata.pdf,//media.digikey.com/Photos/Panasonic%20Photos/FM-216-AR2.jpg,1110-4386-ND,FM-255-AR2,Panasonic Industrial Automation Sales,DIGITAL FLOW SENSOR 500L/MIN NPN,2,0,"876.50000","0","1","FM-200","Active","500 LPM","Gas","12V ~ 24V","Female, 1/2"", 0.5"" (12.7mm) NPT","-","Aluminum","0°C ~ 50°C (TA)"
https://www3.panasonic.biz/ac/e_download/fasys/pressure/pressure/catalog/fm-200_e_cata.pdf,//media.digikey.com/Photos/Panasonic%20Photos/FM-216-AR2.jpg,1110-4385-ND,FM-216-AG2-P,Panasonic Industrial Automation Sales,DIGITL FLOW SENSOR 1000L/MIN PNP,2,0,"905.70000","0","1","FM-200","Active","-","Gas","12V ~ 24V","Female, 1/2"", 0.5"" (12.7mm) NPT","-","Aluminum","0°C ~ 50°C (TA)"
https://www3.panasonic.biz/ac/e_download/fasys/pressure/pressure/catalog/fm-200_e_cata.pdf,//media.digikey.com/Photos/Panasonic%20Photos/FM-216-AR2.jpg,1110-2651-ND,FM-216-AR2,Panasonic Industrial Automation Sales,DIGITL FLOW SENSOR 1000L/MIN NPN,2,0,"905.70000","0","1","FM-200","Active","-","Gas","12V ~ 24V","Female, 1/2"", 0.5"" (12.7mm) NPT","-","Aluminum","0°C ~ 50°C (TA)"
http://sensing.honeywell.com/index.php?ci_id=44423,//media.digikey.com/Photos/Honeywell%20Photos/HAFBSS0200C4AX5.jpg,HAFBSS0200C4AX5-ND,HAFBSS0200C4AX5,Honeywell Sensing and Productivity Solutions,HONEYWELL ZEPHYR AIRFLOW SENSOR,8,0,"125.57000","0","1","Zephyr™ HAF","Active","200sccm","Air","4.5V ~ 5.5V","Male, 0.16"" (4.06mm) Tube, Dual","-","Polymer","-20°C ~ 70°C (TA)"
https://www.cynergy3.com/sites/default/files/FSHPLC.pdf,//media.digikey.com/Photos/Cynergy%203/FSHPLC.jpg,725-1252-ND,FSHPLC,Cynergy 3,PADDLE FLOW SWITCH PLC OUT,2,0,"127.94000","0","1","-","Active","0 ~ 20 LPM","Liquid","5V","1.0"" (25.4mm) BSP","SPDT","Polyamide","100°C (TA)"
http://sensing.honeywell.com/index.php/ci_id/50052/la_id/1/document/1/re_id/0,"//media.digikey.com/photos/Honeywell%20Photos/AWM3100V,%20AWM3300V.jpg",480-2693-5-ND,AWM3300V,Honeywell Sensing and Productivity Solutions,SENSOR AIRFLOW AMP 1000 SCCM,21,0,"131.61000","0","1","AWM3000","Active","1000sccm","Air","8V ~ 15V","Male, 0.2"" (5.08mm)","-","Silicon","-25°C ~ 85°C (TA)"
http://sensing.honeywell.com/honeywell-sensing-zephyr-digital-airflow-sensors-haf-series-high-accuracy-10slpm-to-300slpm-product-sheet-008268-4-en2.pdf,//media.digikey.com/Photos/Honeywell%20Photos/HAFUHM0200L5AXT.jpg,HAFUHM0200L5AXT-ND,HAFUHM0200L5AXT,Honeywell Sensing and Productivity Solutions,HONEYWELL ZEPHYR AIRFLOW SENSOR,7,0,"186.64000","0","1","Zephyr™ HAF","Active","200 SLPM","Air","3V ~ 10V","Male, 0.8661"" (22mm)","-","Polymer","-20°C ~ 70°C (TA)"
http://sensing.honeywell.com/honeywell-sensing-zephyr-digital-airflow-sensors-haf-series-high-accuracy-10slpm-to-300slpm-product-sheet-008268-4-en2.pdf,//media.digikey.com/photos/Honeywell%20Photos/HAFUHH0020L4AXT.JPG,480-5673-ND,HAFUHH0020L4AXT,Honeywell Sensing and Productivity Solutions,HONEYWELL ZEPHYR AIRFLOW SENSOR,2,0,"186.64000","0","1","Zephyr™ HAF","Active","20 SLMP","Air","3V ~ 10V","Male, 0.8661"" (22mm)","-","Polymer","-20°C ~ 70°C (TA)"
https://www.cynergy3.com/sites/default/files/product-data-sheets/FS%202011.pdf,//media.digikey.com/photos/Cynergy%203/FS15A.JPG,725-1069-ND,FS15A,Cynergy 3,SWITCH FLOW REED N/O 15MM DIA,4,0,"22.42000","0","1","FS","Active","0.53 GPM Trip, 0.08 GPM Release","Liquid","120VDC, 240VAC","19/32"", 0.59"" (15mm)","N/O","Acetal Resin","-20°C ~ 85°C (TA)"
https://www.sensirion.com/file/datasheet_lg01,//media.digikey.com/Photos/Sensirion/MFG_LG01-2000A0xx.JPG,1649-1051-ND,LG01-2000A005,Sensirion AG,SENSOR LIQUID FLOW 220ML/M,0,0,"163.20000","0","1","-","Active","-","Liquid","5V ~ 12V","Female, 1/4"" (6.35mm) Flat Bottom","Logic","Plastic","10°C ~ 50°C (TA)"
https://www.idt.com/document/dst/fs1012-datasheet,"//media.digikey.com/Photos/IDT,%20Integrated%20Device%20Technology/MFG_FS1012-Series.jpg",800-3791-ND,FS1012-1002-LQ,"IDT, Integrated Device Technology Inc",THERMAL MASS FLOW SENSOR,1,0,"43.49000","0","1","FS1012","Active","0 ~ 1 SLPM","Liquid","3V ~ 5.6V","Male, 0.232"" (5.90mm)","-","Silicon","0°C ~ 85°C"
https://www.idt.com/document/dst/fs2012-datasheet,"//media.digikey.com/Photos/IDT,%20Integrated%20Device%20Technology/MFG_FS2012-Series.jpg",800-3797-ND,FS2012-1020-NG,"IDT, Integrated Device Technology Inc",CALIBRATED MASS FLOW SENSOR,3,0,"94.90000","0","1","FS2012","Active","0 ~ 2 SLPM","Gas","5V","Male, 0.232"" (5.90mm)","-","Silicon","0°C ~ 85°C"
http://sensing.honeywell.com/honeywell-sensing-zephyr-digital-airflow-sensors-haf-series-high-accuracy-10slpm-to-300slpm-product-sheet-008268-4-en2.pdf,//media.digikey.com/Photos/Honeywell%20Photos/HAFUHT0200L4AXT.JPG,480-5798-ND,HAFUHT0300L4AXT,Honeywell Sensing and Productivity Solutions,HONEYWELL ZEPHYR AIRFLOW SENSOR,0,0,"186.66000","0","1","Zephyr™ HAF","Active","0 ~ 300 SLPM","Air","3V ~ 10V","Female, 3/8"", 0.375"" (9.525mm)","-","Polymer, Thermoplastic (GR)","-20°C ~ 70°C (TA)"
//media.digikey.com/pdf/Data%20Sheets/Seeed%20Technology/114991173_Web.pdf,//media.digikey.com/Photos/Seeed%20Technology%20Ltd/MFG_114991173.jpg,1597-1520-ND,114991173,"Seeed Technology Co., Ltd",WATER FLOW SENSOR YF-B3,16,0,"6.02000","0","1","-","Active","1 ~ 25 LPM","Liquid","5V ~ 15V","-","-","Copper","80°C (TA)"
//media.digikey.com/pdf/Data%20Sheets/Seeed%20Technology/114991171_Web.pdf,//media.digikey.com/Photos/Seeed%20Technology%20Ltd/MFG_114991171.jpg,1597-1518-ND,114991171,"Seeed Technology Co., Ltd",WATER FLOW SENSOR YF-B1,15,0,"6.02000","0","1","-","Active","1 ~ 25 LPM","Liquid","5V ~ 15V","-","-","Copper","80°C (TA)"
//media.digikey.com/pdf/Data%20Sheets/Seeed%20Technology/114991172_Web.pdf,//media.digikey.com/Photos/Seeed%20Technology%20Ltd/MFG_114991172.jpg,1597-1519-ND,114991172,"Seeed Technology Co., Ltd",WATER FLOW SENSOR YF-B2,10,0,"6.02000","0","1","-","Active","1 ~ 25 LPM","Liquid","5V ~ 15V","-","-","Copper","80°C (TA)"
//media.digikey.com/pdf/Data%20Sheets/Seeed%20Technology/114991175_Web.pdf,//media.digikey.com/Photos/Seeed%20Technology%20Ltd/MFG_114991175.jpg,1597-1522-ND,114991175,"Seeed Technology Co., Ltd",WATER FLOW SENSOR YF-B5,23,0,"7.04000","0","1","-","Active","1 ~ 30 LPM","Liquid","5V ~ 15V","-","-","Copper","80°C (TA)"
//media.digikey.com/pdf/Data%20Sheets/Seeed%20Technology/114991177_Web.pdf,//media.digikey.com/Photos/Seeed%20Technology%20Ltd/MFG_114991177.jpg,1597-1516-ND,114991177,"Seeed Technology Co., Ltd",WATER FLOW SENSOR YF-B7,21,0,"7.04000","0","1","-","Active","1 ~ 25 LPM","Liquid","5V ~ 15V","-","-","Copper","80°C (TA)"
//media.digikey.com/pdf/Data%20Sheets/Seeed%20Technology/114991176_Web.pdf,//media.digikey.com/Photos/Seeed%20Technology%20Ltd/MFG_114991176.jpg,1597-1517-ND,114991176,"Seeed Technology Co., Ltd",WATER FLOW SENSOR YF-B6,5,0,"7.04000","0","1","-","Active","1 ~ 30 LPM","Liquid","5V ~ 15V","-","-","Copper","80°C (TA)"
http://sensing.honeywell.com/index.php/ci_id/50054/la_id/1/document/1/re_id/0,//media.digikey.com/Photos/Honeywell%20Photos/AWM42150VH.JPG,480-3481-ND,AWM42150VH,Honeywell Sensing and Productivity Solutions,SENSOR AIRFLOW AMP 25 SCCM,1,0,"160.09000","0","1","AWM40000","Active","±25sccm","Air","8V ~ 15V","Female, 0.19"" (4.826mm)","-","Silicon","-40°C ~ 125°C (TA)"
https://www3.panasonic.biz/ac/e_download/fasys/pressure/pressure/catalog/fm-200_e_cata.pdf,//media.digikey.com/Photos/Panasonic%20Photos/FM-213-4.jpg,1110-2647-ND,FM-213-4,Panasonic Industrial Automation Sales,DIGITAL FLOW SENSOR 1L/MIN NPN,1,2,"555.10000","0","1","FM-200","Active","-","Gas","12V ~ 24V","Female, 0.157"" (4mm)","-","Plastic","0°C ~ 50°C (TA)"
https://www3.panasonic.biz/ac/e_download/fasys/pressure/pressure/catalog/fm-200_e_cata.pdf,//media.digikey.com/Photos/Panasonic%20Photos/FM-216-AR2.jpg,1110-4015-ND,FM-214-4-P,Panasonic Industrial Automation Sales,DIGITAL FLOW SENSOR 10L/MIN NPN,0,4,"555.10000","0","1","FM-200","Active","-","Gas","12V ~ 24V","Female, 0.157"" (4mm)","-","Plastic","0°C ~ 50°C (TA)"
http://sensing.honeywell.com/honeywell-sensing-zephyr-digital-airflow-sensors-haf-series-high-accuracy-10slpm-to-300slpm-product-sheet-008268-4-en2.pdf,//media.digikey.com/photos/Honeywell%20Photos/Zephyr%20HAF%20SERIES%20Manifold.JPG,480-5790-ND,HAFUHM0050L4AXT,Honeywell Sensing and Productivity Solutions,HONEYWELL ZEPHYR AIRFLOW SENSOR,1,0,"186.66000","0","1","Zephyr™ HAF","Active","0 ~ 50 SLPM","Air","3V ~ 10V","Manifold, 0.51"" (13mm)","-","Polymer, Thermoplastic (GR)","-20°C ~ 70°C (TA)"
https://www.idt.com/document/dst/fs1027-datasheet,-,800-3897-ND,FS1027,"IDT, Integrated Device Technology Inc","LIQUID FLOW SENSOR MODULE, AMPLI",3,0,"46.40000","0","1","-","Active","0 ~ 10 LPM","Liquid","5V ~ 5.5V","Female, 0.5"" (12.7mm)","Logic","Silicon","5°C ~ 75°C (TA)"
https://www.idt.com/document/dst/fs1023-datasheet,-,800-3895-ND,FS1023,"IDT, Integrated Device Technology Inc","LIQUID FLOW SENSOR MODULE, AMPLI",0,0,"46.40000","0","1","-","Active","0 ~ 3 LPM","Liquid","5V ~ 5.5V","Female, 0.295"" (7.5mm)","Logic","Silicon","5°C ~ 75°C (TA)"
https://www.idt.com/document/dst/fs1025-datasheet,-,800-3896-ND,FS1025,"IDT, Integrated Device Technology Inc","LIQUID FLOW SENSOR MODULE, AMPLI",0,0,"46.40000","0","1","-","Active","0 ~ 7 LPM","Liquid","5V ~ 5.5V","Female, 0.342"" (8.7mm)","Logic","Silicon","5°C ~ 75°C (TA)"
//media.digikey.com/pdf/Data%20Sheets/Sensirion%20PDFs/SLF3S-1300F_Prelim_DS.pdf,//media.digikey.com/Photos/Sensirion/MFG_SLF3S-1300F.jpg,1649-1123-ND,SLF3S-1300F,Sensirion AG,LIQUID FLOW SENSOR,0,0,"100.00000","0","1","-","Active","40 ml/min","Liquid","3.2V ~ 3.8V","Female, 1/4"" (6.35mm) Flat Bottom","I2C","PPS","5°C ~ 50°C"
https://omronfs.omron.com/en_US/ecb/products/pdf/en-d6f_n2.pdf,-,Z11000-ND,D6F-02L2-000,Omron Electronics Inc-EMC Div,SENSOR GAS FLOW TYPE 0-2L/MIN,1,0,"163.13000","0","1","D6F","Active","0 ~ 0.53 GPM (0 ~ 2 LPM)","Gas","10.8V ~ 26.4V","Female, 1/4"" (6.35mm) BSPT","-","Aluminum","-10°C ~ 60°C (TA)"
//media.digikey.com/pdf/Data%20Sheets/Sensirion%20PDFs/Sensirion_Mass_Flow_Meters_SFM3300_Datasheet.pdf,//media.digikey.com/Photos/Sensirion/MFG_SFM3300-AW.jpg,1649-1115-ND,SFM3300-250-AW,Sensirion AG,AIR/GAS FLOW SENSOR +/-250 SLM,0,0,"179.20000","0","1","-","Active","±250 SLPM","Gas","4.75 ~ 5.25V","-","I2C","Plastic","10°C ~ 50°C"
https://omronfs.omron.com/en_US/ecb/products/pdf/en-d6f_n2.pdf,-,Z8580-ND,D6F-01N2-000,Omron Electronics Inc-EMC Div,SENSOR GAS FLOW TYPE 0-1L/MIN,0,0,"190.13000","0","1","D6F","Active","0 ~ 0.264 GPM (0 ~ 1 LPM)","Gas","10.8V ~ 26.4V","Female, 1/4"" (6.35mm) BSPT","-","Aluminum","-10°C ~ 60°C (TA)"
https://www3.panasonic.biz/ac/e_download/fasys/pressure/pressure/catalog/fm-200_e_cata.pdf,//media.digikey.com/Photos/Panasonic%20Photos/FM-216-AR2.jpg,1110-4266-ND,FM-255-AR2-P,Panasonic Industrial Automation Sales,DIGITAL FLOW SENSOR 500L/MIN PNP,1,0,"876.50000","0","1","FM-200","Active","500 LPM","Gas","12V ~ 24V","Female, 1/2"", 0.5"" (12.7mm) NPT","-","Aluminum","0°C ~ 50°C (TA)"
//media.digikey.com/pdf/Data%20Sheets/Sensirion%20PDFs/Sensirion_Mass_Flow_Meters_SFM3400_Datasheet.pd.pdf,//media.digikey.com/Photos/Sensirion/MFG_SFM3400-D.jpg,SFM3400-33-D-ND,SFM3400-33-D,Sensirion AG,AIR/GAS FLOW SENSOR +/-33 SLM,0,0,"33.25000","0","30","-","Active","±33 SLPM","Gas","4.5V ~ 5.5V","-","I2C","Plastic","5°C ~ 50°C"
http://sensing.honeywell.com/index.php/ci_id/54882/la_id/1/document/1/re_id/0,"//media.digikey.com/photos/Honeywell%20Photos/AWM1200V,%20AWM2100V,%20AWM2300V.jpg",480-2855-ND,AWM1200V,Honeywell Sensing and Productivity Solutions,SENSOR AIRFLOW 10MBAR,0,0,"94.91700","0","50","AWM1000","Active","±10 mBar","Air","8V ~ 15V","Male, 0.2"" (5.08mm)","-","Silicon","-25°C ~ 85°C (TA)"
http://sensing.honeywell.com/index.php/ci_id/54882/la_id/1/document/1/re_id/0,-,AWM1300V-ND,AWM1300V,Honeywell Sensing and Productivity Solutions,SENSOR UNAMP +1000 SCCM,0,0,"94.91700","0","50","AWM1000","Active","1000sccm ~ -600sccm","Air","8V ~ 15V","Male, 0.2"" (5.08mm)","-","Silicon","-25°C ~ 85°C (TA)"
https://www.cynergy3.com/sites/default/files/FSVPLC_1.pdf,//media.digikey.com/photos/Cynergy%203/FSVPLC.jpg,725-1257-ND,FSVPLC06,Cynergy 3,INLINE FLOW SW FOR CONN TO PLC,0,0,"96.93000","0","1","-","Active","0 ~ 80 LPM","Liquid","-","1.0"" (25.4mm) BSP","SPST-NC, 1mA","Brass","85°C (TA)"
https://www.cynergy3.com/sites/default/files/FSVPLC_1.pdf,//media.digikey.com/photos/Cynergy%203/FSVPLC.jpg,725-1258-ND,FSVPLC30,Cynergy 3,INLINE FLOW SW FOR CONN TO PLC,0,0,"96.93000","0","1","-","Active","0 ~ 80 LPM","Liquid","-","1.0"" (25.4mm) BSP","SPST-NC, 1mA","Brass","85°C (TA)"
http://sensing.honeywell.com/index.php?ci_id=44423,//media.digikey.com/Photos/Honeywell%20Photos/HAFBSS0200C4AX3.JPG,480-3870-ND,HAFBSS0200C4AX3,Honeywell Sensing and Productivity Solutions,SENSOR AIRFLOW 200SCCM SHORT 3V,0,0,"99.13500","0","30","Zephyr™ HAF","Active","200sccm","Air","2.97V ~ 3.63V","Male, 0.16"" (4.06mm) Tube, Dual","-","Polymer","-20°C ~ 70°C (TA)"
//media.digikey.com/pdf/Data%20Sheets/Honeywell%20Sensing%20&%20Control%20PDFs/HAF_Series.pdf,//media.digikey.com/Photos/Honeywell%20Photos/HAFBLF0200CAAX3.JPG,HAFBLF0050C4AX3-ND,HAFBLF0050C4AX3,Honeywell Sensing and Productivity Solutions,HONEYWELL ZEPHYR AIRFLOW SENSOR,0,0,"99.13500","0","30","Zephyr™ HAF","Active","50sccm","Air","2.97V ~ 3.63V","Male, 0.210"" (5.35mm) Tube, Dual","-","Polymer","-20°C ~ 70°C (TA)"
https://www.sensirion.com/file/datasheet_sfm3000 ,//media.digikey.com/Photos/Sensirion/MFG_SFM3000.jpg,SFM3000-200-ND,SFM3000-200,Sensirion AG,AIR/GAS FLOW SENSOR +/-200 SLM,0,0,"100.80000","0","20","-","Active","0 ~ 1.25 mbar","Gas","5V","Male, 0.8661"" (22mm)","I2C","Plastic","-20°C ~ 80°C (TA)"
http://sensing.honeywell.com/index.php/ci_id/50051/la_id/1/document/1/re_id/0,-,AWM2100VH-ND,AWM2100VH,Honeywell Sensing and Productivity Solutions,SENSOR UNAMP 200 SCCM,0,0,"105.84000","0","50","AWM2000","Active","±200sccm","Air","8V ~ 15V","Male, 0.2"" (5.08mm)","-","Silicon","-25°C ~ 85°C (TA)"
http://sensing.honeywell.com/index.php/ci_id/50052/la_id/1/document/1/re_id/0,-,AWM3130V-ND,AWM3130V,Honeywell Sensing and Productivity Solutions,SENSOR AMP 30.0 SCCM,0,0,"110.88000","0","50","AWM3000","Active","30.0sccm","Air","8V ~ 15V","Male, 0.2"" (5.08mm)","-","Silicon","-25°C ~ 85°C (TA)"
http://sensing.honeywell.com/index.php/ci_id/50052/la_id/1/document/1/re_id/0,-,AWM3200CR-ND,AWM3200CR,Honeywell Sensing and Productivity Solutions,SENSOR AIR FLOW AMP 5.0 MBAR,0,0,"110.88000","0","50","AWM3000","Active","0 ~ 5 mbar","Air","10V","Male, 0.2"" (5.08mm)","-","Silicon","-25°C ~ 85°C (TA)"
http://sensing.honeywell.com/index.php/ci_id/50052/la_id/1/document/1/re_id/0,-,AWM3201CR-ND,AWM3201CR,Honeywell Sensing and Productivity Solutions,SENSOR AIR FLOW AMP 1.25 MBAR,0,0,"110.88000","0","50","AWM3000","Active","0 ~ 1.25 mbar","Air","10V","Male, 0.2"" (5.08mm)","-","Silicon","-25°C ~ 85°C (TA)"
https://www.cynergy3.com/sites/default/files/FSP10%202015.pdf,//media.digikey.com/Photos/Cynergy%203/FSP10A30.jpg,725-1254-ND,FSP10A30,Cynergy 3,FLOW SWITCH FOR DIRECT SWITCH,1,0,"116.26000","0","1","-","Active","0 ~ 80 LPM","Liquid","250VAC","1.0"" (25.4mm) BSP","SPDT","Polyamide","85°C (TA)"
https://www.cynergy3.com/sites/default/files/FSP10%202015.pdf,//media.digikey.com/Photos/Cynergy%203/FSP10A06.JPG,725-1253-ND,FSP10A06,Cynergy 3,FLOW SWITCH FOR DIRECT SWITCH,0,0,"116.26000","0","1","-","Active","0 ~ 80 LPM","Liquid","250VAC","1.0"" (25.4mm) BSP","SPDT","Polyamide","85°C (TA)"
-,-,AWM730P1-ND,AWM730P1,Honeywell Sensing and Productivity Solutions,PRESSUREAIRFLOWAWM 700 SERIES,0,0,"122.87300","0","30","AWM700","Active","-","-","-","-","-","-","-"
-,-,AWM720B5-ND,AWM720B5,Honeywell Sensing and Productivity Solutions,PRESSUREAIRFLOWAWM 700 SERIES,0,0,"122.87300","0","30","AWM700","Active","-","-","-","-","-","-","-"
https://www.cynergy3.com/sites/default/files/FSV10AR.pdf,//media.digikey.com/photos/Cynergy%203/FSV10.JPG,725-1255-ND,FSV10AR06,Cynergy 3,INLINE FLOW SWITCH FOR G1 PIPE,0,0,"134.36000","0","1","-","Active","0 ~ 80 LPM","Liquid","250VAC","1.0"" (25.4mm) BSP","SPDT","Polyamide","85°C (TA)"
https://www.cynergy3.com/sites/default/files/FSV10AR.pdf,//media.digikey.com/photos/Cynergy%203/FSV10.JPG,725-1256-ND,FSV10AR30,Cynergy 3,INLINE FLOW SWITCH FOR G1 PIPE,0,0,"134.36000","0","1","-","Active","0 ~ 80 LPM","Liquid","250VAC","1.0"" (25.4mm) BSP","SPDT","Polyamide","85°C (TA)"
-,-,AWM43300VH-ND,AWM43300VH,Honeywell Sensing and Productivity Solutions,PRESSUREAIRFLOWAWM 40000 SERIES,0,0,"146.76000","0","20","AWM4000","Active","0 ~ 1000SCCM","Air","9V ~ 15V","Male, 0.246” (6.248mm) Tube, Dual","-","-","-25°C ~ 85°C (TA)"
http://sensing.honeywell.com/index.php/ci_id/50053/la_id/1/document/1/re_id/0,//media.digikey.com/Photos/Honeywell%20Photos/AWM5000%20SERIES.JPG,AWM5103VC-ND,AWM5103VC,Honeywell Sensing and Productivity Solutions,SENSOR AIR FLOW AMP 15.0 SLPM,0,0,"159.00733","0","15","AWM5000","Active","0 ~ 15 SLPM","Air","8V ~ 15V","Male, 1/4"" (6.35mm) 18 NPT","-","Silicon","-20°C ~ 70°C (TA)"
http://sensing.honeywell.com/honeywell-sensing-zephyr-digital-airflow-sensors-haf-series-high-accuracy-10slpm-to-300slpm-product-sheet-008268-4-en2.pdf,//media.digikey.com/photos/Honeywell%20Photos/Zephyr%20HAF%20SERIES%20Manifold.JPG,480-5793-ND,HAFUHM0100L4AXT,Honeywell Sensing and Productivity Solutions,HONEYWELL ZEPHYR AIRFLOW SENSOR,0,0,"163.32400","0","25","Zephyr™ HAF","Active","0 ~ 100 SLPM","Air","3V ~ 10V","Manifold, 0.51"" (13mm)","-","Polymer, Thermoplastic (GR)","-20°C ~ 70°C (TA)"
https://www.cynergy3.com/sites/default/files/FSH10AR.pdf,//media.digikey.com/Photos/Cynergy%203/FSH10AR.JPG,725-1251-ND,FSH10AR,Cynergy 3,"PADDLE FLOW SWITCH G1,2,3,4 PIP",1,0,"180.83000","0","1","-","Active","0 ~ 10 LPM","Liquid","250VAC","1.0"" (25.4mm) BSP","SPDT","Polyamide","100°C (TA)"
https://www.cynergy3.com/sites/default/files/LFS%202016.pdf,//media.digikey.com/photos/Cynergy%203/LFS-03.JPG,725-1273-ND,LFS-03,Cynergy 3,G1 PDDLE SW 1-3 DIN 43650 CONN,0,0,"267.55000","0","1","LFS","Active","-","Liquid","230V","1.0"" (25.4mm) NPT","-","Aluminum","-30°C ~ 75°C (TA)"
https://www.cynergy3.com/sites/default/files/LFS%202016.pdf,//media.digikey.com/photos/Cynergy%203/LFS-04.JPG,725-1274-ND,LFS-04,Cynergy 3,3/4PF PDL SW 1-3 DIN 43650 CONN,0,0,"267.55000","0","1","LFS","Active","-","Liquid","230V","3/4"", 0.75"" (19.05mm) BSP","-","Aluminum","-30°C ~ 75°C (TA)"
https://www.cynergy3.com/sites/default/files/LFS%202016.pdf,//media.digikey.com/photos/Cynergy%203/LFS-02.JPG,725-1272-ND,LFS-02,Cynergy 3,3/4PF PADDLE SW 1-3 AL ENCL,0,0,"295.93000","0","1","LFS","Active","-","Liquid","230V","3/4"", 0.75"" (19.05mm) BSP","-","Aluminum","-30°C ~ 75°C (TA)"
https://www.cynergy3.com/sites/default/files/LFS%202016.pdf,//media.digikey.com/photos/Cynergy%203/LFS-01.JPG,725-1271-ND,LFS-01,Cynergy 3,G1 PADDLE SW 1-3 AL ENCL,0,0,"299.73000","0","1","LFS","Active","-","Liquid","230V","1.0"" (25.4mm) NPT","-","Aluminum","-30°C ~ 75°C (TA)"
https://www.cynergy3.com/sites/default/files/LFS%202016.pdf,//media.digikey.com/photos/Cynergy%203/LFS-03.JPG,LFS-03/H-ND,LFS-03/H,Cynergy 3,G1 PDDLE SW 1-3 DIN 43650 CONN,0,0,"306.08333","0","3","LFS","Active","-","Liquid","230V","1.0"" (25.4mm) NPT","SPDT","Aluminum","-30°C ~ 120°C (TA)"
https://www.cynergy3.com/sites/default/files/LFS%202016.pdf,//media.digikey.com/photos/Cynergy%203/LFS-04.JPG,LFS-04/H-ND,LFS-04/H,Cynergy 3,3/4PF PDL SW 1-3 DIN 43650 CONN,0,0,"306.08333","0","3","LFS","Active","-","Liquid","230V","3/4"", 0.75"" (19.05mm) BSP","SPDT","Aluminum","-30°C ~ 120°C (TA)"
https://www.cynergy3.com/sites/default/files/LFS%202016.pdf,//media.digikey.com/photos/Cynergy%203/LFS-02.JPG,LFS-02/H-ND,LFS-02/H,Cynergy 3,3/4PF PADDLE SW 1-3 AL ENCL,0,0,"316.07000","0","3","LFS","Active","-","Liquid","230V","3/4"", 0.75"" (19.05mm) BSP","SPDT","Aluminum","-30°C ~ 150°C (TA)"
https://www.cynergy3.com/sites/default/files/LFS%202016.pdf,//media.digikey.com/photos/Cynergy%203/LFS-01.JPG,LFS-01/H-ND,LFS-01/H,Cynergy 3,G1 PADDLE SW 1-3 AL ENCL,0,0,"319.39333","0","3","LFS","Active","-","Liquid","230V","1.0"" (25.4mm) NPT","SPDT","Aluminum","-30°C ~ 150°C (TA)"
http://content.smcetech.com/pdf/PF2A7_8560.pdf,//media.digikey.com/Photos/SMC%20Corp%20of%20Amer/PF2W720-N04-67.jpg,606-1038-ND,PF2W720-N04-67,SMC Corporation of America,SENSOR FLOW H2O 2-16L/MIN PNP,1,0,"500.16000","0","1","PF2W","Discontinued at Digi-Key","2 ~ 16 LPM","Liquid","12V ~ 24V","Female, 3/8"", 0.375"" (9.525mm) NPT, 1/2"", 0.5"" (12.7mm) NPT","-","Steel","0°C ~ 50°C (TA)"
https://www3.panasonic.biz/ac/e_download/fasys/pressure/pressure/catalog/fm-200_e_cata.pdf,//media.digikey.com/Photos/Panasonic%20Photos/FM-253-4.jpg,1110-2655-ND,FM-253-4,Panasonic Industrial Automation Sales,DIGITAL FLOW SENSOR 5L/MIN NPN,0,0,"555.10000","0","1","FM-200","Active","-","Gas","12V ~ 24V","Female, 0.157"" (4mm)","-","Plastic","0°C ~ 50°C (TA)"
https://www3.panasonic.biz/ac/e_download/fasys/pressure/pressure/catalog/fm-200_e_cata.pdf,//media.digikey.com/photos/Panasonic%20Photos/FM-254-8.jpg,1110-2657-ND,FM-254-8,Panasonic Industrial Automation Sales,DIGITAL FLOW SENSOR 50L/MIN NPN,0,0,"555.10000","0","1","FM-200","Active","50 LPM","Gas","12V ~ 24V","Female, 0.315"" (8mm)","-","Plastic","0°C ~ 50°C (TA)"
https://www3.panasonic.biz/ac/e_download/fasys/pressure/pressure/catalog/fm-200_e_cata.pdf,//media.digikey.com/Photos/Panasonic%20Photos/FM-216-AR2.jpg,FM-255-AG2-P-ND,FM-255-AG2-P,Panasonic Industrial Automation Sales,DIGITAL FLOW SENSOR 500L/MIN PNP,0,0,"876.50000","0","1","FM-200","Active","500 LPM","Gas","12V ~ 24V","Female, 1/2"", 0.5"" (12.7mm) NPT","-","Aluminum","0°C ~ 50°C (TA)"
https://www3.panasonic.biz/ac/e_download/fasys/pressure/pressure/catalog/fm-200_e_cata.pdf,//media.digikey.com/Photos/Panasonic%20Photos/FM-216-AR2-P.jpg,1110-2652-ND,FM-216-AR2-P,Panasonic Industrial Automation Sales,DIGITL FLOW SENSOR 1000L/MIN PNP,0,0,"905.70000","0","1","FM-200","Active","-","Gas","12V ~ 24V","Female, 1/2"", 0.5"" (12.7mm) NPT","-","Aluminum","0°C ~ 50°C (TA)"
https://omronfs.omron.com/en_US/ecb/products/pdf/D25E8Y1101.pdf,-,E8Y-A5C-F03H-ND,E8Y-A5C-F03H,Omron Automation and Safety,SENSOR PRESSURE FLOW 1/8NPT NPN,0,0,"1203.05000","0","1","E8Y","Active","0.068 ~ 0.68 GPM (0.3 ~ 3 LPM)","Gas","12V ~ 24V","Female, 1/8"", 0.125"" (3.175mm) NPT","-","PBT Plastic","-10°C ~ 55°C (TA)"
https://omronfs.omron.com/en_US/ecb/products/pdf/D25E8Y1101.pdf,-,E8Y-A5C-F03V-ND,E8Y-A5C-F03V,Omron Automation and Safety,SENSOR PRESSURE FLOW 1/8NPT NPN,0,0,"1203.05000","0","1","E8Y","Active","0.068 ~ 0.68 GPM (0.3 ~ 3 LPM)","Gas","12V ~ 24V","Female, 1/8"", 0.125"" (3.175mm) NPT","-","PBT Plastic","-10°C ~ 55°C (TA)"
https://omronfs.omron.com/en_US/ecb/products/pdf/D25E8Y1101.pdf,-,E8Y-A5C-F20H-ND,E8Y-A5C-F20H,Omron Automation and Safety,SENSOR PRESSURE FLOW 1/8NPT NPN,0,0,"1203.05000","0","1","E8Y","Active","0.45 ~ 4.54 GPM (2 ~ 20 LPM)","Gas","12V ~ 24V","Female, 1/8"", 0.125"" (3.175mm) NPT","-","PBT Plastic","-10°C ~ 55°C (TA)"
https://omronfs.omron.com/en_US/ecb/products/pdf/D25E8Y1101.pdf,-,E8Y-A5C-F20V-ND,E8Y-A5C-F20V,Omron Automation and Safety,SENSOR PRESSURE FLOW 1/8NPT NPN,0,0,"1203.05000","0","1","E8Y","Active","0.45 ~ 4.54 GPM (2 ~ 20 LPM)","Gas","12V ~ 24V","Female, 1/8"", 0.125"" (3.175mm) NPT","-","PBT Plastic","-10°C ~ 55°C (TA)"
-,//media.digikey.com/Photos/Seeed%20Technology%20Ltd/MFG_101990055_A.jpg,101990055-ND,101990055,"Seeed Technology Co., Ltd",G1/2"" WATER FLOW SENSR ENCLOSURE,0,0,"9.69000","0","4","-","Active","1 ~ 30 LPM","Liquid","5V ~ 24V","-","-","Plastic","80°C (TA)"
//media.digikey.com/pdf/Data%20Sheets/Seeed%20Technology/G1_2_in_Water_Flow_Sensor_Web.pdf,//media.digikey.com/Photos/Seeed%20Technology%20Ltd/MFG_314150005.jpg,314150005-ND,314150005,"Seeed Technology Co., Ltd",G1/2"" WATER FLOW SENSOR,0,0,"9.69000","0","4","-","Active","1 ~ 30 LPM","Liquid","5V ~ 24V","-","-","Plastic","80°C (TA)"
//media.digikey.com/pdf/Data%20Sheets/Seeed%20Technology/M11_1.25_Water_Flow_Sensor_Web.pdf,//media.digikey.com/Photos/Seeed%20Technology%20Ltd/MFG_314150002.jpg,314150002-ND,314150002,"Seeed Technology Co., Ltd",G1/4"" WATER FLOW SENSOR,0,0,"9.69000","0","4","-","Active","0.3 ~ 6 LPM","Liquid","5V ~ 24V","-","-","Plastic","80°C (TA)"
//media.digikey.com/pdf/Data%20Sheets/Seeed%20Technology/314150003_Web.pdf,//media.digikey.com/Photos/Seeed%20Technology%20Ltd/MFG_314150003.jpg,314150003-ND,314150003,"Seeed Technology Co., Ltd",G3/4"" WATER FLOW SENSOR,0,0,"15.19667","0","3","-","Active","0 ~ 60 LPM","Liquid","5V ~ 24V","-","-","Plastic","80°C (TA)"
-,http://rocky.digikey.com/weblib/Gems/Web Photos/122340.jpg,376-1107-ND,122340,Gems Sensors Inc,SENSOR FLOW 20VA 0.1 GPM SPST,0,0,"Discontinued at Digi-Key","0","1","FS-4","Discontinued at Digi-Key","0.1 GPM","Liquid","-","Female, 9/16"" (14.2875mm) NPT","SPST, 20VA","Polyphenylene Sulfide (PPS)","-"
//media.digikey.com/pdf/Data%20Sheets/Omron%20PDFs/D6A-N.pdf,-,Z2002-ND,D6A-N,Omron Electronics Inc-EMC Div,SENSOR AIR FLOW,0,0,"Obsolete","0","20","D6A","Obsolete","0.5 ~ 1.5 m/s","Air","12V","Female, 1.3"" (33mm)","-","-","0°C ~ 45°C (TA)"
-,-,59500-1-A-ND-00-0-ND,59500-1-A-00-0,Littelfuse Inc.,SENSOR TURBINE LOW FLOW TYPE,0,0,"Obsolete","0","250","-","Obsolete","-","-","-","-","-","-","-"
-,-,59500-1-B-ND-00-0-ND,59500-1-B-00-0,Littelfuse Inc.,SENSOR TURBINE LOW FLOW TYPE,0,0,"Obsolete","0","250","-","Obsolete","-","-","-","-","-","-","-"
http://sensing.honeywell.com/index.php/ci_id/50054/la_id/1/document/1/re_id/0,//media.digikey.com/photos/Honeywell%20Photos/AWM43600V.jpg,480-2695-5-ND,AWM43600V,Honeywell Sensing and Productivity Solutions,SENSOR AIRFLOW AMP 6 SLPM,0,0,"Active","0","0","AWM40000","Active","6 SLPM","Air","8V ~ 15V","Female, 0.19"" (4.826mm)","-","Silicon","-25°C ~ 85°C (TA)"
http://sensing.honeywell.com/index.php/ci_id/50051/la_id/1/document/1/re_id/0,"//media.digikey.com/photos/Honeywell%20Photos/AWM1200V,%20AWM2100V,%20AWM2300V.jpg",480-2856-ND,AWM2300V,Honeywell Sensing and Productivity Solutions,SENSOR AIRFLOW 1.0 SLPM,0,0,"Active","0","0","AWM2000","Active","±1000sccm","Air","8V ~ 15V","Male, 0.2"" (5.08mm)","-","Silicon","-25°C ~ 85°C (TA)"
//media.digikey.com/pdf/Data%20Sheets/Honeywell%20Sensing%20&%20Control%20PDFs/HAF_Series.pdf,//media.digikey.com/Photos/Honeywell%20Photos/HAF%20series.jpg,480-3313-ND,HAFBSS0200C2AX3,Honeywell Sensing and Productivity Solutions,SENSOR AIRFLOW 200SCCM SHORT,0,0,"Obsolete","0","30","Zephyr™ HAF","Obsolete","200sccm","Air","2.97V ~ 3.63V","Male, 0.16"" (4.06mm) Tube, Dual","-","Polymer","-20°C ~ 70°C (TA)"
//media.digikey.com/pdf/Data%20Sheets/Honeywell%20Sensing%20&%20Control%20PDFs/HAF_Series.pdf,//media.digikey.com/Photos/Honeywell%20Photos/HAFBLF0200CAAX3.JPG,HAFBLF0200C2AX3-ND,HAFBLF0200C2AX3,Honeywell Sensing and Productivity Solutions,SENSOR AIRFLOW 200SCCM LONG 3.3V,0,0,"Obsolete","0","30","Zephyr™ HAF","Obsolete","200sccm","Air","2.97V ~ 3.63V","Male, 0.210"" (5.35mm) Tube, Dual","-","Polymer","-20°C ~ 70°C (TA)"
//media.digikey.com/pdf/Data%20Sheets/Honeywell%20Sensing%20&%20Control%20PDFs/HAF_Series.pdf,-,HAFBSF0200C2AX3-ND,HAFBSF0200C2AX3,Honeywell Sensing and Productivity Solutions,SENSOR AIRFLOW 200SCCM SHRT 3.3V,0,0,"Obsolete","0","30","Zephyr™ HAF","Obsolete","200sccm","Air","2.97V ~ 3.63V","Male, 0.16"" (4.06mm) Tube, Dual","-","Polymer","-20°C ~ 70°C (TA)"
//media.digikey.com/pdf/Data%20Sheets/Honeywell%20Sensing%20&%20Control%20PDFs/HAF_Series.pdf,-,HAFBSF0200C2AX5-ND,HAFBSF0200C2AX5,Honeywell Sensing and Productivity Solutions,SENSOR AIRFLOW 200SCCM SHORT 5V,0,0,"Obsolete","0","30","Zephyr™ HAF","Obsolete","200sccm","Air","4.5V ~ 5.5V","Male, 0.16"" (4.06mm) Tube, Dual","-","Polymer","-20°C ~ 70°C (TA)"
//media.digikey.com/pdf/Data%20Sheets/Honeywell%20Sensing%20&%20Control%20PDFs/HAF_Series.pdf,-,HAFBSS0200C2AX5-ND,HAFBSS0200C2AX5,Honeywell Sensing and Productivity Solutions,SENSOR AIRFLOW 200SCCM SHORT 5V,0,0,"Obsolete","0","30","Zephyr™ HAF","Obsolete","200sccm","Air","4.5V ~ 5.5V","Male, 0.16"" (4.06mm) Tube, Dual","-","Polymer","-20°C ~ 70°C (TA)"
http://sensing.honeywell.com/index.php/ci_id/54882/la_id/1/document/1/re_id/0,-,AWM1100V-ND,AWM1100V,Honeywell Sensing and Productivity Solutions,SENSOR UNAMP 200 SCCM,0,0,"Active","0","0","AWM1000","Active","±200sccm","Air","8V ~ 15V","Male, 0.2"" (5.08mm)","-","Silicon","-25°C ~ 85°C (TA)"
http://sensing.honeywell.com/index.php/ci_id/50051/la_id/1/document/1/re_id/0,-,AWM2300VH-ND,AWM2300VH,Honeywell Sensing and Productivity Solutions,SENSOR UNAMP +1000 SCCM,0,0,"Active","0","0","AWM2000","Active","±1000sccm","Air","8V ~ 15V","Male, 0.2"" (5.08mm)","-","Silicon","-25°C ~ 85°C (TA)"
http://sensing.honeywell.com/index.php/ci_id/50052/la_id/1/document/1/re_id/0,-,AWM3205V-ND,AWM3205V,Honeywell Sensing and Productivity Solutions,SENSOR AIR FLOW AMP 5.0 MBAR,0,0,"Active","0","0","AWM3000","Active","5 mbar","Air","8V ~ 15V","Male, 0.2"" (5.08mm)","-","Silicon","-25°C ~ 85°C (TA)"
https://omronfs.omron.com/en_US/ecb/products/pdf/en-d6f_series.pdf,//media.digikey.com/photos/Omron%20Elect%20Photos/D6F-20A6-000.JPG,D6F-50A62-000-ND,D6F-50A62-000,Omron Electronics Inc-EMC Div,FLOW SENSOR MEMS 50L/MIN,0,0,"Obsolete","0","1","D6F","Obsolete","0 ~ 50 LPM","Air","10.8V ~ 26.4V","-","-","Thermoplastic resin","-10°C ~ 60°C (TA)"
http://sensing.honeywell.com/index.php?ci_id=44423,//media.digikey.com/Photos/Honeywell%20Photos/HAFBSF0200CAAX5.jpg,480-3873-ND,HAFBSF0200C4AX5,Honeywell Sensing and Productivity Solutions,SENSOR AIRFLOW 200SCCM SHORT 5V,0,0,"Obsolete","0","30","Zephyr™ HAF","Obsolete","200sccm","Air","4.5V ~ 5.5V","Male, 0.16"" (4.06mm) Tube, Dual","-","Polymer","-20°C ~ 70°C (TA)"
-,-,X205409-AF-ND,X205409-AF,Honeywell Sensing and Productivity Solutions,SENSOR AIRFLOW,0,0,"Obsolete","0","1","-","Obsolete","-","Air","-","-","-","-","-"
-,-,X205410-AF-ND,X205410-AF,Honeywell Sensing and Productivity Solutions,SENSOR AIRFLOW,0,0,"Obsolete","0","1","-","Obsolete","-","Air","-","-","-","-","-"
-,-,X205411-AF-ND,X205411-AF,Honeywell Sensing and Productivity Solutions,SENSOR AIRFLOW,0,0,"Obsolete","0","1","-","Obsolete","-","Air","-","-","-","-","-"
-,-,X205413-AF-ND,X205413-AF,Honeywell Sensing and Productivity Solutions,SENSOR AIRFLOW,0,0,"Obsolete","0","1","-","Obsolete","-","Air","-","-","-","-","-"
-,-,X205414-AF-ND,X205414-AF,Honeywell Sensing and Productivity Solutions,SENSOR AIRFLOW,0,0,"Obsolete","0","1","-","Obsolete","-","Air","-","-","-","-","-"
-,-,X205415-AF-ND,X205415-AF,Honeywell Sensing and Productivity Solutions,SENSOR AIRFLOW,0,0,"Obsolete","0","1","-","Obsolete","-","Air","-","-","-","-","-"
http://sensing.honeywell.com/index.php?ci_id=44423,//media.digikey.com/Photos/Honeywell%20Photos/HAFSLF0750C4AX5.JPG,HAFSLF0750C4AX5-ND,HAFSLF0750C4AX5,Honeywell Sensing and Productivity Solutions,HONEYWELL ZEPHYR AIRFLOW SENSOR,0,0,"Active","0","0","Zephyr™ HAF","Active","200sccm","Air","4.5V ~ 5.5V","Male, 0.210"" (5.35mm) Tube, Dual","-","Polymer","-20°C ~ 70°C (TA)"
http://sensing.honeywell.com/honeywell-sensing-zephyr-digital-airflow-sensors-haf-series-high-accuracy-10slpm-to-300slpm-product-sheet-008268-4-en2.pdf,//media.digikey.com/photos/Honeywell%20Photos/Zephyr%20HAF%20SERIES%20Manifold.JPG,480-5796-ND,HAFUHM0300L4AXT,Honeywell Sensing and Productivity Solutions,HONEYWELL ZEPHYR AIRFLOW SENSOR,0,0,"Active","0","0","Zephyr™ HAF","Active","0 ~ 300 SLPM","Air","3V ~ 10V","Manifold, 0.51"" (13mm)","-","Polymer, Thermoplastic (GR)","-20°C ~ 70°C (TA)"
https://www3.panasonic.biz/ac/e_download/fasys/eco/sms/catalog/ewa1_e_cata.pdf,-,AEWA1025-ND,AEWA1025,Panasonic Industrial Automation Sales,FLOW SENSOR +/-0.6-35M3/H,0,0,"Obsolete","0","1","EWA1","Obsolete","±0.6 ~ 35m3/h","Air","24V","Female, 1"" (25.4mm) NPT","-","Aluminum","-10°C ~ 60°C (TA)"
https://www3.panasonic.biz/ac/e_download/fasys/eco/sms/catalog/ewa1_e_cata.pdf,-,AEWA1032-ND,AEWA1032,Panasonic Industrial Automation Sales,FLOW SENSOR +/-1.1 TO 65M3/H,0,0,"Obsolete","0","1","EWA1","Obsolete","±1.1 ~ 65m3/h","Air","24V","Female, 1.25"" (25.4mm) NPT","-","Aluminum","-10°C ~ 60°C (TA)"
https://www3.panasonic.biz/ac/e_download/fasys/eco/sms/catalog/ewa1_e_cata.pdf,-,AEWA1040-ND,AEWA1040,Panasonic Industrial Automation Sales,FLOW SENSOR +/-1.3 TO 80M3/H,0,0,"Obsolete","0","1","EWA1","Obsolete","±1.3 ~ 80m3/h","Air","24V","Female, 1.5"" (38.1mm) NPT","-","Aluminum","-10°C ~ 60°C (TA)"
https://www3.panasonic.biz/ac/e_download/fasys/eco/sms/catalog/ewa1_e_cata.pdf,-,AEWA1050-ND,AEWA1050,Panasonic Industrial Automation Sales,FLOW SENSOR +/-2.5 TO 155M3/H,0,0,"Obsolete","0","1","EWA1","Obsolete","±2.5 ~ 150m3/h","Air","24V","Female, 2"" (50.8mm) NPT","-","Aluminum","-10°C ~ 60°C (TA)"
https://www3.panasonic.biz/ac/e_download/fasys/eco/sms/catalog/ewa1_e_cata.pdf,-,AEWA1065-ND,AEWA1065,Panasonic Industrial Automation Sales,FLOW SENSOR +/-4 TO 240M3/H,0,0,"Obsolete","0","1","EWA1","Obsolete","±4 ~ 240m3/h","Air","24V","Female, 2.5"" (63.5mm) NPT","-","Aluminum","-10°C ~ 60°C (TA)"
https://www3.panasonic.biz/ac/e_download/fasys/eco/sms/catalog/ewa1_e_cata.pdf,-,AEWA1080-ND,AEWA1080,Panasonic Industrial Automation Sales,FLOW SENSOR +/-5 TO 300M3/H,0,0,"Obsolete","0","1","EWA1","Obsolete","±5 ~ 300m3/h","Air","24V","Female, 3"" (76.2mm) NPT","-","Aluminum","-10°C ~ 60°C (TA)"
https://www3.panasonic.biz/ac/e_download/fasys/eco/sms/catalog/ewa1_e_cata.pdf,-,AEWA1100-ND,AEWA1100,Panasonic Industrial Automation Sales,FLOW SENSOR +/-10 TO 500M3/H,0,0,"Obsolete","0","1","EWA1","Obsolete","±10 ~ 500m3/h","Air","24V","4"" (101.6mm) Flange","-","Stainless Steel","-10°C ~ 60°C (TA)"
https://www3.panasonic.biz/ac/e_download/fasys/eco/sms/catalog/ewa1_e_cata.pdf,-,AEWA1150-ND,AEWA1150,Panasonic Industrial Automation Sales,"FLOW SENSOR +/-24 TO 1,200M3/H",0,0,"Obsolete","0","1","EWA1","Obsolete","±24 ~ 1200m3/h","Air","24V","6"" (152.4mm) Flange","-","Stainless Steel","-10°C ~ 60°C (TA)"
https://www3.panasonic.biz/ac/e_download/fasys/eco/sms/catalog/ewa1_e_cata.pdf,-,AEWA1200-ND,AEWA1200,Panasonic Industrial Automation Sales,"FLOW SENSOR +/-40 TO 2,000M3/H ,",0,0,"Obsolete","0","1","EWA1","Obsolete","±40 ~ 2000m3/h","Air","24V","8"" (203.2mm) Flange","-","Stainless Steel","-10°C ~ 60°C (TA)"
http://www.memsic.com/userfiles/files/MFC2000datasheet197.pdf,-,1267-1042-ND,MFC2030,Memsic Inc.,MOD MEMS GAS FLOW 30 SLM,0,0,"Discontinued at Digi-Key","0","5","MFC2000","Discontinued at Digi-Key","±30 SLM","Gas","2.7V ~ 5.5V","Female, 1/4"" (6.35mm) BSPT","-","Polyphenylene Sulfide (PPS)","-20°C ~ 80°C (TA)"
//media.digikey.com/pdf/Data%20Sheets/Omron%20PDFs/D6F-AB71.pdf,-,D6F-70AB71-000-ND,D6F-70AB71-000,Omron Electronics Inc-EMC Div,FLOW SENSOR MEMS,0,0,"Preliminary","0","0","D6F","Preliminary","0 ~ 70 LPM","Air","10.8 ~ 26.4V","Female, 0.708"" (18mm)","-","PPS","-10°C ~ 60°C"
-,-,D6F-V01A1-ND,D6F-V01A1,Omron Electronics Inc-EMC Div,FLOW SENSOR MEMS,0,0,"Obsolete","0","0","-","Obsolete","0 ~ 1 m/s","Air","3.15V ~ 3.45V","-","-","PBT Plastic","-10°C ~ 60°C (TA)"
-,-,D6F-70A7-000-ND,D6F-70A7-000,Omron Electronics Inc-EMC Div,FLOW SENSOR MEMS,0,0,"Obsolete","0","0","D6F","Obsolete","-","Air","10.8 ~ 26.4V","Female, 0.157"" (4mm)","-","-","-10°C ~ 60°C"
//media.digikey.com/pdf/Data%20Sheets/Omron%20PDFs/D6F_Series_Cat.pdf,-,D6F-05N6-000-ND,D6F-05N6-000,Omron Electronics Inc-EMC Div,FLOW SENSOR MEMS,0,0,"Obsolete","0","0","D6F","Obsolete","0 ~ 5 LPM","Gas","10.8 ~ 26.4V","Female, 1/4"" (6.35mm) BSPT","-","PPS","-10°C ~ 80°C"
//media.digikey.com/pdf/Data%20Sheets/Omron%20PDFs/D6F_Series_Cat.pdf,-,D6F-02N2-000-ND,D6F-02N2-000,Omron Electronics Inc-EMC Div,FLOW SENSOR MEMS,0,0,"Obsolete","0","0","D6F","Obsolete","0 ~ 2 LPM","Gas","10.8V ~ 26.4V","Female, 1/4"" (6.35mm) NPT","Logic","Plastic","-10°C ~ 60°C (TA)"
http://www.memsic.com/userfiles/files/MFC2000v105.pdf,//media.digikey.com/Photos/Memsic%20Inc%20Photos/MFC2030BP1N1.JPG,1267-1068-ND,MFC2030BP1N1,Memsic Inc.,MEMS FLOW AND PRESSURE MODULE,0,0,"Discontinued at Digi-Key","0","3","MFC2000","Discontinued at Digi-Key","0 ~ 10 SLPM","Gas","2.7V ~ 5.5V","Female, 1/4"" (6.35mm) BSPT","-","PPS","-20°C ~ 80°C"
//media.digikey.com/pdf/Data%20Sheets/Sensirion%20PDFs/SLQ-HC60.pdf,//media.digikey.com/Photos/Sensirion/MFG_SLQ-HC60.jpg,SLQ-HC60-ND,SLQ-HC60,Sensirion AG,HYDROCARBON FLOW METER,0,0,"Obsolete","0","1","-","Obsolete","80 ~ 100 LPM","Gas","16V ~ 26V","Female, 1/4"" (6.35mm) SAE","-","-","0°C ~ 55°C (TA)"
//media.digikey.com/pdf/Data%20Sheets/Seeed%20Technology/314150000_Web.pdf,//media.digikey.com/Photos/Seeed%20Technology%20Ltd/MFG_314150000.jpg,314150000-ND,314150000,"Seeed Technology Co., Ltd",G1"" WATER FLOW SENSOR,0,0,"Obsolete","0","3","-","Obsolete","2 ~ 100 LPM","Liquid","5V ~ 24V","-","-","Plastic","80°C (TA)"
//media.digikey.com/pdf/Data%20Sheets/Seeed%20Technology/314150004_Web.pdf,//media.digikey.com/Photos/Seeed%20Technology%20Ltd/MFG_314150004_A.jpg,314150004-ND,314150004,"Seeed Technology Co., Ltd",G5/4"" WATER FLOW SENSOR,0,0,"Obsolete","0","2","-","Obsolete","0 ~ 120 LPM","Liquid","5V ~ 24V","-","-","Plastic","80°C (TA)"
http://www.seeedstudio.com/document/flow%20switch-SHT2.pdf,//media.digikey.com/Photos/Seeed%20Technology%20Ltd/MFG_311990002.jpg,311990002-ND,311990002,"Seeed Technology Co., Ltd",FLOW SWITCH--MR-W1-P,0,0,"Obsolete","0","3","-","Obsolete","1 ~ 30 LPM","-","100V","-","-","Plastic","80°C (TA)"
