Datasheets,Image,Digi-Key Part Number,Manufacturer Part Number,Manufacturer,Description,Quantity Available,Factory Stock,Unit Price (USD),@ qty,Minimum Quantity,"Series","Part Status","Lamp/Magnifier Type","Voltage","Lens Style/Size","Bulb","Arm","Color","Mounting Type","Cord Length"
//media.digikey.com/pdf/Data%20Sheets/Aven%20PDFs/26501-LED-8D.pdf,//media.digikey.com/Photos/Aven%20Photos/26501-LED-8D.jpg,243-1226-ND,26501-LED-8D,Aven Tools,LAMP MAG 8 DIOPT 110V/220V 60LED,61,0,"111.05000","0","1","ProVue","Active","Lamp, Magnifier","110V, 220V","8 Diopter (3x), 5.00"" (127.00mm) Diameter","LED, White (60)","36.00"" (914.4mm)","White","Edge Clamp","5' (1.52m)"
//media.digikey.com/pdf/Data%20Sheets/Aven%20PDFs/26501-LED-8D.pdf,//media.digikey.com/Photos/Aven%20Photos/MFG_26501-LED.jpg,243-1064-ND,26501-LED,Aven Tools,LAMP MAG 5 DIOPT 110V/220V 60LED,25,0,"111.05000","0","1","ProVue","Active","Lamp, Magnifier","110V, 220V","5 Diopter (2.25x), 5.00"" (127.00mm) Diameter","LED, White (45)","36.00"" (914.4mm)","White","Edge Clamp","-"
http://www.avenconnect.com/product_sheets/26505-ESL-XL5_print.pdf,//media.digikey.com/Photos/Aven%20Photos/MFG_26505-LED-XL3.jpg,243-1291-ND,26505-LED-XL3,Aven Tools,LAMP MAGNIFIER 1.75X LED,35,0,"188.87000","0","1","Mighty Vue","Active","Lamp, Magnifier","-","3 Diopter (1.75x), 7.50"" x 6.20"" (190.50mm x 157.48mm)","LED, (60)","36.00"" (914.4mm)","White","Edge Clamp","-"
http://www.avenconnect.com/product_sheets/26505-ESL-XL5_print.pdf,//media.digikey.com/Photos/Aven%20Photos/MFG_26505-ESL-XL5.jpg,243-1284-ND,26505-ESL-XL5,Aven Tools,LAMP MAGNIFIER 2.25X LED,79,0,"219.42000","0","1","MightyVue Pro","Active","Lamp, Magnifier","115V","5 Diopter (2.25x), 6.20"" L x 7.50"" W (157.48mm x 190.50mm)","LED, White (60)","36.00"" (914.4mm)","Black","Edge Clamp","-"
//media.digikey.com/pdf/Data%20Sheets/Aven%20PDFs/26508-LDV.pdf,//media.digikey.com/Photos/Aven%20Photos/26508-LDV.jpg,243-1142-ND,26508-LDV,Aven Tools,LAMP MAG 3 DIOPT 110V 220V LEDS,36,0,"320.97000","0","1","ProVue Touch","Active","Lamp, Magnifier","110V, 220V","3 Diopter (1.75x), 7.00"" (177.80mm) Diameter","LED, White (108), UV (72)","35.00"" (889.0mm)","White","Edge Clamp","-"
http://www.avenconnect.com/product_sheets/26527.pdf,//media.digikey.com/Photos/Aven%20Photos/26527.jpg,243-1278-ND,26527,Aven Tools,LAMP FLEXIBLE 100V 277V LED,49,0,"100.95000","0","1","Sirrus","Active","Lamp, Flexible","100V, 277V","-","LED, White","19.50"" (495.3mm)","Black","Edge Clamp","-"
-,//media.digikey.com/Photos/Aven%20Photos/MFG_26501-SIV.jpg,243-1025-ND,26501-SIV,Aven Tools,LAMP MAGNIFIER 3 DIOPT 115V 22W,63,0,"111.05000","0","1","ProVue","Active","Lamp, Magnifier","115V","5 Diopter (2.25x), 5.00"" (127.00mm) Diameter","Fluorescent, 22W","45.00"" (1143.0mm)","Ivory","Edge Clamp","5' (1.52m)"
http://www.avenconnect.com/product_sheets/26505-MX5_productsheet_print.pdf,//media.digikey.com/Photos/Aven%20Photos/MFG_26505-MX5.jpg,243-1293-ND,26505-MX5,Aven Tools,LAMP MAGNIFIER 2.25X LED,33,0,"161.10000","0","1","Mighty Vue","Active","Lamp, Magnifier","100 ~ 240V","5 Diopter (2.25x), 6.50"" x 4.00"" (165.10mm x 101.60mm)","LED, White (60)","34.00"" (863.6mm)","White","Edge Clamp","-"
http://www.ocwhite.com/downloadfile/download/aitfile/aitfile_id/44/,//media.digikey.com/Photos/OC-White-Co/MFG_62400-4-B.JPG,1844-1040-ND,62400-4-B,O.C. White Co.,LAMP MAGNIFIER LED 7.5"" CLAMP,4,0,"489.00000","0","1","Green-Lite™","Active","Lamp, Magnifier","100 ~ 240V","4 Diopter (2x), 7.50"" (190.50mm) Diameter","LED, White","43.00"" (1092.2mm)","Black","-","-"
http://www.ocwhite.com/downloadfile/download/aitfile/aitfile_id/44/,//media.digikey.com/Photos/OC-White-Co/MFG_82400-4-B.JPG,1844-1062-ND,82400-4-B,O.C. White Co.,LAMP MAGNIFIER LED 43"",24,0,"499.00000","0","1","Green-Lite™","Active","Lamp, Magnifier","100 ~ 240V","4 Diopter (2x), 7.00"" L x 5.25"" W (177.80mm x 133.35mm)","LED, White","43.00"" (1092.2mm)","Black","-","-"
http://www.ocwhite.com/downloadfile/download/aitfile/aitfile_id/44/,//media.digikey.com/Photos/OC-White-Co/MFG_82300-4-B.jpg,1844-1015-ND,82300-4-B,O.C. White Co.,LAMP MAG 4 DIOPTER ESD SAFE,22,0,"499.00000","0","1","Green-Lite®","Active","Lamp, Magnifier","100 ~ 240V","4 Diopter (2x), 7.00"" L x 5.25"" W (177.80mm x 133.35mm)","LED, White","43.00"" (1092.2mm)","Black","Screw Mount","-"
http://www.ocwhite.com/downloadfile/download/aitfile/aitfile_id/44/,//media.digikey.com/Photos/OC-White-Co/MFG_82400-4-UV-B.JPG,1844-1060-ND,82400-4-UV-B,O.C. White Co.,LAMP MAGNIFIER UV LED 43"",9,0,"599.00000","0","1","Green-Lite™","Active","Lamp, Magnifier","100 ~ 240V","4 Diopter (2x), 7.00"" L x 5.25"" W (177.80mm x 133.35mm)","LED, White","43.00"" (1092.2mm)","Black","-","-"
http://www.chipquik.com/datasheets/MLU1.pdf,//media.digikey.com/Photos/Chip%20Quik%20Photos/MFG_MLU1.JPG,MLU1-ND,MLU1,Chip Quik Inc.,LED HANDHELD MAGNIFIER 10X (40 D,12,0,"19.95000","0","1","-","Active","Lamp, Magnifier","-","40 Diopter (10x), 0.800"" (20.32mm) Diameter","LED","-","White","Handheld","-"
http://www.chipquik.com/datasheets/MLU-8093-B.pdf,//media.digikey.com/Photos/Chip%20Quik%20Photos/MLU-8093-B.jpg,MLU-8093-B-ND,MLU-8093-B,Chip Quik Inc.,LAMP MAGNIFIER 3 DIOPT 120V 12W,10,0,"59.97000","0","1","-","Active","Lamp, Magnifier","120V","3 Diopter (1.75x), 3.94"" (100.00mm) Diameter","Fluorescent, 12W","-","Black","Base, Weighted","-"
//media.digikey.com/pdf/Data%20Sheets/Chip%20Quik%20PDFs/MLU-8093_Web.pdf,//media.digikey.com/Photos/Chip%20Quik%20Photos/MLU-8093.jpg,MLU-8093-ND,MLU-8093,Chip Quik Inc.,LAMP MAGNIFIER 3 DIOPT 120V 12W,8,0,"59.97000","0","1","-","Active","Lamp, Magnifier","120V","3 Diopter (1.75x), 3.94"" (100.00mm) Diameter","Fluorescent, 12W","-","White","Base, Weighted","-"
http://www.chipquik.com/datasheets/MLU-8066-2BHC.pdf,//media.digikey.com/Photos/Chip%20Quik%20Photos/MLU-8066-2BHC.jpg,MLU-8066-2BHC-ND,MLU-8066-2BHC,Chip Quik Inc.,LAMP MAGNIFIER 3 DIOPT 120V 22W,9,0,"134.97000","0","1","-","Active","Lamp, Magnifier","120V","3 Diopter (1.75x), 5.00"" (127.00mm) Diameter","Fluorescent, 22W","-","White","Base, Weighted","-"
http://www.avenconnect.com/product_sheets/ProVue_Solas.pdf,//media.digikey.com/Photos/Aven%20Photos/MFG_26501-XL58.jpg,243-1392-ND,26501-XL58,Aven Tools,PROVUE SOLAS MAGNIFYING LAMP XL5,16,0,"144.37000","0","1","ProVue Solas","Active","Lamp, Magnifier","100 ~ 240V","8 Diopter (3x), 5.00"" (127.00mm) Diameter","LED, White (60)","36.00"" (914.4mm)","White","Edge Clamp","-"
//media.digikey.com/pdf/Data%20Sheets/Aven%20PDFs/26501-DSG-LED.pdf,//media.digikey.com/Photos/Aven%20Photos/MFG_26501-DSG-LED.jpg,243-1239-ND,26501-DSG-LED,Aven Tools,LAMP MAG 5 DIOPT 110V/220V 72LED,25,0,"270.68000","0","1","ProVue","Active","Lamp, Magnifier","110V, 220V","5 Diopter (2.25x), 5.00"" (127.00mm) Diameter","LED, White (72)","36.00"" (914.4mm)","Silver","Edge Clamp","5' (1.52m)"
http://www.ocwhite.com/downloadfile/download/aitfile/aitfile_id/44/,//media.digikey.com/Photos/OC-White-Co/MFG_82400-4-MW.JPG,1844-1055-ND,82400-4-MW,O.C. White Co.,LAMP MAGNIFIER LED CLAMP,5,0,"499.00000","0","1","Green-Lite™","Active","Lamp, Magnifier","100 ~ 240V","4 Diopter (2x), 7.00"" L x 5.25"" W (177.80mm x 133.35mm)","LED, White","43.00"" (1092.2mm)","White","-","-"
http://www.ocwhite.com/downloadfile/download/aitfile/aitfile_id/44/,//media.digikey.com/Photos/OC-White-Co/MFG_82400-4-S.JPG,1844-1052-ND,82400-4-S,O.C. White Co.,LAMP MAGNIFIER LED CLAMP,4,0,"499.00000","0","1","Green-Lite™","Active","Lamp, Magnifier","100 ~ 240V","4 Diopter (2x), 7.00"" L x 5.25"" W (177.80mm x 133.35mm)","LED, White","43.00"" (1092.2mm)","Silver","-","-"
http://www.ocwhite.com/downloadfile/download/aitfile/aitfile_id/44/,//media.digikey.com/Photos/OC-White-Co/MFG_82400-4-UV.JPG,1844-1059-ND,82400-4-UV,O.C. White Co.,LAMP MAGNIFIER UV LED 43"",7,0,"599.00000","0","1","Green-Lite™","Active","Lamp, Magnifier","100 ~ 240V","4 Diopter (2x), 7.00"" L x 5.25"" W (177.80mm x 133.35mm)","LED, White","43.00"" (1092.2mm)","-","-","-"
http://www.avenconnect.com/product_sheets/26505-MX5_productsheet_print.pdf,//media.digikey.com/Photos/Aven%20Photos/MFG_26507-XL5.jpg,243-1292-ND,26507-XL5,Aven Tools,LAMP MAGNIFIER 2.25X LED,25,0,"88.32000","0","1","OptiVue","Active","Lamp, Magnifier","100 ~ 240V","5 Diopter (2.25x), 4.00"" (101.6mm) Diameter","LED, White (36)","11.00"" (279.4mm)","White","Base, Weighted","-"
http://www.avenconnect.com/product_sheets/ProVue_Solas.pdf,//media.digikey.com/Photos/Aven%20Photos/MFG_26501-XL35.jpg,243-1393-ND,26501-XL35,Aven Tools,PROVUE SOLAS MAGNIFYING LAMP XL3,10,0,"133.32000","0","1","ProVue Solas","Active","Lamp, Magnifier","100 ~ 240V","5 Diopter (2.25x), 5.00"" (127.00mm) Diameter","LED, White (60)","36.00"" (914.4mm)","White","Edge Clamp","-"
http://www.avenconnect.com/product_sheets/26501-LED-INX_Product_Sheet.pdf,//media.digikey.com/Photos/Aven%20Photos/MFG_26501-LED-INX.jpg,243-1555-ND,26501-LED-INX,Aven Tools,LAMP MAG 5-DIOPTER LED IN-X,24,0,"155.49000","0","1","-","Active","Lamp, Magnifier","-","5 Diopter (2.25x)","-","-","-","Edge Clamp","-"
//media.digikey.com/pdf/Data%20Sheets/Aven%20PDFs/26508-LED.pdf,//media.digikey.com/Photos/Aven%20Photos/26508-LED.jpg,243-1141-ND,26508-LED,Aven Tools,LAMP MAG 3 DIOPT 110V 220V LEDS,7,0,"276.53000","0","1","ProVue Touch","Active","Lamp, Magnifier","110V, 220V","3 Diopter (1.75x), 7.00"" (177.80mm) Diameter","LED, White (108)","35.00"" (889.0mm)","White","Edge Clamp","-"
//media.digikey.com/pdf/Data%20Sheets/Luxo/16012WT.pdf,//media.digikey.com/Photos/Luxo%20Photos/MFG_16012WT.jpg,L160WT-ND,16012WT,Luxo,LAMP ARTICULATING 120V LED 11W,3,0,"327.00000","0","1","Split","Active","Lamp, Articulating","120V","-","LED, 11W","31.50"" (800.1mm)","White","Base, Weighted","6' (1.83m)"
//media.digikey.com/pdf/Data%20Sheets/O.C._White/EM_Series.pdf,//media.digikey.com/Photos/OC-White-Co/MFG_EM-36_Black.jpg,1844-1020-ND,EM-36-B,O.C. White Co.,LAMP MAGNIFIER 1.75X FLUORESCENT,25,0,"199.00000","0","1","Prolite® EM","Active","Lamp, Magnifier","120V","3 Diopter (1.75x), 5.00"" (127.00mm) Diameter","-","36.00"" (914.4mm)","Black","Edge Clamp","-"
//media.digikey.com/pdf/Data%20Sheets/O.C._White/EM_Series.pdf,//media.digikey.com/Photos/OC-White-Co/MFG_EM-45-W.JPG,1844-1023-ND,EM-45-W,O.C. White Co.,LAMP MAGNIFIER 1.75X FLUORESCENT,14,0,"199.00000","0","1","Prolite® EM","Active","Lamp, Magnifier","120V","3 Diopter (1.75x), 5.00"" (127.00mm) Diameter","-","45.00"" (1143.0mm)","White","Edge Clamp","-"
//media.digikey.com/pdf/Data%20Sheets/O.C._White/EM_Series.pdf,//media.digikey.com/Photos/OC-White-Co/MFG_EM-36_White.jpg,1844-1021-ND,EM-36-W,O.C. White Co.,LAMP MAGNIFIER 1.75X FLUORESCENT,6,0,"199.00000","0","1","Prolite® EM","Active","Lamp, Magnifier","120V","3 Diopter (1.75x), 5.00"" (127.00mm) Diameter","-","36.00"" (914.4mm)","White","Edge Clamp","-"
//media.digikey.com/pdf/Data%20Sheets/O.C._White/EM_Series.pdf,//media.digikey.com/Photos/OC-White-Co/MFG_EM-45-B.JPG,1844-1022-ND,EM-45-B,O.C. White Co.,LAMP MAGNIFIER 1.75X FLUORESCENT,5,0,"199.00000","0","1","Prolite® EM","Active","Lamp, Magnifier","120V","3 Diopter (1.75x), 5.00"" (127.00mm) Diameter","-","45.00"" (1143.0mm)","Black","Edge Clamp","-"
//media.digikey.com/pdf/Data%20Sheets/O.C._White/EM_Series.pdf,//media.digikey.com/Photos/OC-White-Co/MFG_EM-36_White.jpg,1844-1036-ND,EM-36-5D-W,O.C. White Co.,LAMP MAGNIFIER 2.25X FLUORESCENT,8,0,"219.00000","0","1","Prolite® EM","Active","Lamp, Magnifier","120V","5 Diopter (2.25x), 5.00"" (127.00mm) Diameter","-","36.00"" (914.4mm)","White","Edge Clamp","-"
//media.digikey.com/pdf/Data%20Sheets/O.C._White/EM_Series.pdf,//media.digikey.com/Photos/OC-White-Co/MFG_EM-45-5D-W.JPG,1844-1038-ND,EM-45-5D-W,O.C. White Co.,LAMP MAGNIFIER 2.25X FLUORESCENT,8,0,"219.00000","0","1","Prolite® EM","Active","Lamp, Magnifier","120V","5 Diopter (2.25x), 5.00"" (127.00mm) Diameter","-","45.00"" (1143.0mm)","White","Edge Clamp","-"
//media.digikey.com/pdf/Data%20Sheets/O.C._White/EM_Series.pdf,//media.digikey.com/Photos/OC-White-Co/MFG_EM-36_Black.jpg,1844-1035-ND,EM-36-5D-B,O.C. White Co.,LAMP MAGNIFIER 2.25X FLUORESCENT,6,0,"219.00000","0","1","Prolite® EM","Active","Lamp, Magnifier","120V","5 Diopter (2.25x), 5.00"" (127.00mm) Diameter","-","36.00"" (914.4mm)","Black","Edge Clamp","-"
//media.digikey.com/pdf/Data%20Sheets/O.C._White/EM_Series.pdf,//media.digikey.com/Photos/OC-White-Co/MFG_EM-45-5D-B.JPG,1844-1037-ND,EM-45-5D-B,O.C. White Co.,LAMP MAGNIFIER 2.25X FLUORESCENT,4,0,"219.00000","0","1","Prolite® EM","Active","Lamp, Magnifier","120V","5 Diopter (2.25x), 5.00"" (127.00mm) Diameter","-","45.00"" (1143.0mm)","Black","Edge Clamp","-"
-,//media.digikey.com/photos/OC-White-Co/MFG_ALRO5-45-W.jpg,1844-1097-ND,ALRO5-45-W,O.C. White Co.,LAMP MAG 5"" LED 3.5 DIO 120V,14,0,"229.00000","0","1","Accu-Lite™","Active","Lamp, Magnifier","120V","3.5 Diopter (1.88x), 5.00"" (127.00mm) Diameter","LED","45.00"" (1143.0mm)","White","Edge Clamp","-"
-,//media.digikey.com/photos/OC-White-Co/MFG_ALRO5-45-B.JPG,1844-1096-ND,ALRO5-45-B,O.C. White Co.,LAMP MAG 5"" LED 3.5 DIO 120V,13,0,"239.00000","0","1","Accu-Lite™","Active","Lamp, Magnifier","120V","3.5 Diopter (1.88x), 5.00"" (127.00mm) Diameter","LED","45.00"" (1143.0mm)","Black","Edge Clamp","-"
//media.digikey.com/pdf/Data%20Sheets/O.C._White/Industrial_Catalog.pdf,//media.digikey.com/Photos/OC-White-Co/MFG_20700.JPG,1844-1013-ND,20700,O.C. White Co.,LAMP 15W FLOURESCENT EDGE CLAMP,3,0,"239.00000","0","1","Longline®","Active","Lamp, Articulating","120V","-","Fluorescent, 15W (2)","37.00"" (939.8mm)","White","Edge Clamp","-"
-,//media.digikey.com/photos/OC-White-Co/MFG_ALRO5-45-W.jpg,1844-1095-ND,ALRO5-45-5D-W,O.C. White Co.,LAMP MAG 5"" LED 5 DIO 120V,15,0,"249.00000","0","1","Accu-Lite™","Active","Lamp, Magnifier","120V","5 Diopter (2.25x), 5.00"" (127.00mm) Diameter","LED","45.00"" (1143.0mm)","White","Edge Clamp","-"
-,//media.digikey.com/photos/OC-White-Co/MFG_ALRO6-45-W.jpg,1844-1101-ND,ALRO6-45-W,O.C. White Co.,LAMP MAG 6"" LED 3.5 DIO 120V,15,0,"249.00000","0","1","Accu-Lite™","Active","Lamp, Magnifier","120V","3.5 Diopter (1.88x), 6.00"" (152.40mm) Diameter","LED","45.00"" (1143.0mm)","White","Edge Clamp","-"
//media.digikey.com/pdf/Data%20Sheets/O.C._White/Industrial_Catalog.pdf,//media.digikey.com/Photos/OC-White-Co/MFG_25800.JPG,1844-1014-ND,25800,O.C. White Co.,LAMP 15W INCANDESCENT EDGE CLAMP,5,0,"249.00000","0","1","-","Active","Lamp, Articulating","120V","-","250W (Max) (Not Included)","37.00"" (939.8mm)","White","Edge Clamp","-"
-,//media.digikey.com/photos/OC-White-Co/MFG_ALRO5-45-5D-B.JPG,1844-1094-ND,ALRO5-45-5D-B,O.C. White Co.,LAMP MAG 5"" LED 3.5 DIO 120V,14,0,"259.00000","0","1","Accu-Lite™","Active","Lamp, Magnifier","120V","5 Diopter (2.25x), 5.00"" (127.00mm) Diameter","LED","45.00"" (1143.0mm)","Black","Edge Clamp","-"
-,//media.digikey.com/photos/OC-White-Co/MFG_ALRO6-45-B.JPG,1844-1100-ND,ALRO6-45-B,O.C. White Co.,LAMP MAG 6"" LED 3.5 DIO 120V,14,0,"259.00000","0","1","Accu-Lite™","Active","Lamp, Magnifier","120V","3.5 Diopter (1.88x), 6.00"" (152.40mm) Diameter","LED","45.00"" (1143.0mm)","Black","Edge Clamp","-"
-,//media.digikey.com/photos/OC-White-Co/MFG_ALREC-45-W.JPG,1844-1093-ND,ALREC-45-W,O.C. White Co.,LAMP MAG 6.85"" LED 3.5 DIO 120V,15,0,"269.00000","0","1","Accu-Lite™","Active","Lamp, Magnifier","120V","3.5 Diopter (1.88x)","LED","45.00"" (1143.0mm)","White","Edge Clamp","-"
-,//media.digikey.com/photos/OC-White-Co/MFG_ALRO6-45-W.jpg,1844-1099-ND,ALRO6-45-5D-W,O.C. White Co.,LAMP MAG 6"" LED 5 DIO 120V,13,0,"269.00000","0","1","Accu-Lite™","Active","Lamp, Magnifier","120V","5 Diopter (2.25x), 6.00"" (152.40mm) Diameter","LED","45.00"" (1143.0mm)","White","Edge Clamp","-"
//media.digikey.com/pdf/Data%20Sheets/O.C._White/32400_datasheet.pdf,//media.digikey.com/Photos/OC-White-Co/MFG_32400.JPG,1844-1016-ND,32400,O.C. White Co.,LAMP MAGNIFIER 3 DIOPT CLAMP,4,0,"269.00000","0","1","Magnilite®","Active","Lamp, Magnifier","120V","3 Diopter (1.75x), 5.00"" (127.00mm) Diameter","Fluorescent","43.00"" (1092.2mm)","White","Edge Clamp","-"
-,//media.digikey.com/photos/OC-White-Co/MFG_ALRO6-45-5D-B.JPG,1844-1098-ND,ALRO6-45-5D-B,O.C. White Co.,LAMP MAG 6"" LED 5 DIO 120V,14,0,"279.00000","0","1","Accu-Lite™","Active","Lamp, Magnifier","120V","5 Diopter (2.25x), 6.00"" (152.40mm) Diameter","LED","45.00"" (1143.0mm)","Black","Edge Clamp","-"
-,//media.digikey.com/photos/OC-White-Co/MFG_ALREC-45-B.JPG,1844-1092-ND,ALREC-45-B,O.C. White Co.,LAMP MAG 6.85"" LED 3.5 DIO 120V,13,0,"279.00000","0","1","Accu-Lite™","Active","Lamp, Magnifier","120V","3.5 Diopter (1.88x)","LED","45.00"" (1143.0mm)","Black","Edge Clamp","-"
//media.digikey.com/pdf/Data%20Sheets/O.C._White/22400-4-B_Web_9_25_2017.pdf,//media.digikey.com/Photos/OC-White-Co/MFG_22400-4-SW.JPG,1844-1025-ND,22400-4-SW,O.C. White Co.,LAMP MAGNIFIER 4 DIOPTER CLAMP,9,0,"329.00000","0","1","Green-Lite®","Active","Lamp, Magnifier","100 ~ 240V","4 Diopter (2x), 5.00"" (127.00mm) Diameter","LED, White","43.00"" (1092.2mm)","White","Edge Clamp","-"
-,//media.digikey.com/Photos/OC-White-Co/MFG_22400-BR.jpg,1844-1018-ND,22400-BR,O.C. White Co.,LAMP MAGNIFIER 3 DIOPTER CLAMP,2,0,"329.00000","0","1","Green-Lite®","Active","Lamp, Magnifier","100 ~ 240V","3 Diopter (1.75x), 5.00"" (127.00mm) Diameter","LED, White","43.00"" (1092.2mm)","Red","Edge Clamp","-"
//media.digikey.com/pdf/Data%20Sheets/O.C._White/22400-4-B_Web_9_25_2017.pdf,//media.digikey.com/Photos/OC-White-Co/MFG_22400-4-SB.JPG,1844-1027-ND,22400-4-SB,O.C. White Co.,LAMP MAGNIFIER 4 DIOPTER CLAMP,2,0,"349.00000","0","1","Green-Lite®","Active","Lamp, Magnifier","100 ~ 240V","4 Diopter (2x), 5.00"" (127.00mm) Diameter","LED, White","43.00"" (1092.2mm)","Blue","Edge Clamp","-"
http://www.ocwhite.com/downloadfile/download/aitfile/aitfile_id/44/,//media.digikey.com/Photos/OC-White-Co/MFG_42400-4-B.jpg,1844-1029-ND,42400-4-B,O.C. White Co.,LAMP MAGNIFIER 4 DIOPTER CLAMP,5,0,"399.00000","0","1","Green-Lite™","Active","Lamp, Magnifier","100 ~ 240V","4 Diopter (2x), 6.00"" (152.40mm) Diameter","LED, White","43.00"" (1092.2mm)","Black","-","-"
http://www.ocwhite.com/downloadfile/download/aitfile/aitfile_id/44/,//media.digikey.com/Photos/OC-White-Co/MFG_42400-4-SW.JPG,1844-1028-ND,42400-4-SW,O.C. White Co.,LAMP MAGNIFIER 4 DIOPTER CLAMP,4,0,"399.00000","0","1","Green-Lite™","Active","Lamp, Magnifier","100 ~ 240V","4 Diopter (2x), 6.00"" (152.40mm) Diameter","LED, White","43.00"" (1092.2mm)","White","-","-"
//media.digikey.com/pdf/Data%20Sheets/O.C._White/Industrial_Catalog.pdf,//media.digikey.com/Photos/OC-White-Co/MFG_72400-B.JPG,1844-1019-ND,72400-B,O.C. White Co.,LAMP MAGNIFIER 3 DIOPTER CLAMP,3,0,"399.00000","0","1","Vision-Lite®","Active","Lamp, Magnifier","120V","3 Diopter (1.75x), 7.50"" L x 6.25"" W (190.50mm x 158.75mm)","Fluorescent","43.00"" (1092.2mm)","Black","Edge Clamp","-"
http://www.ocwhite.com/downloadfile/download/aitfile/aitfile_id/44/,//media.digikey.com/Photos/OC-White-Co/MFG_42400-4-SB.JPG,1844-1032-ND,42400-4-SB,O.C. White Co.,LAMP MAGNIFIER 4 DIOPTER CLAMP,3,0,"399.00000","0","1","Green-Lite™","Active","Lamp, Magnifier","100 ~ 240V","4 Diopter (2x), 6.00"" (152.40mm) Diameter","LED, White","43.00"" (1092.2mm)","Blue","-","-"
-,//media.digikey.com/Photos/OC-White-Co/MFG_72300-B.jpg,1844-1017-ND,72300-B,O.C. White Co.,LAMP MAGNIFIER 3 DIOPT SCR BASE,2,0,"399.00000","0","1","Vision-Lite®","Active","Lamp, Magnifier","120V","3 Diopter (1.75x), 7.50"" L x 6.25"" W (190.50mm x 158.75mm)","Fluorescent","43.00"" (1092.2mm)","Black","Screw Mount","-"
-,-,1844-1024-ND,72400-SW,O.C. White Co.,LAMP MAGNIFIER 3/4 DIOPTER CLAMP,2,0,"399.00000","0","1","Vision-Lite®","Active","Lamp, Magnifier","120V","3 Diopter (1.75x), 7.50"" L x 6.25"" W (190.50mm x 158.75mm)","Fluorescent","43.00"" (1092.2mm)","White","Edge Clamp","-"
http://www.ocwhite.com/downloadfile/download/aitfile/aitfile_id/44/,//media.digikey.com/Photos/OC-White-Co/MFG_42400-4-BR.JPG,1844-1030-ND,42400-4-BR,O.C. White Co.,LAMP MAGNIFIER 4 DIOPTER CLAMP,2,0,"399.00000","0","1","Green-Lite™","Active","Lamp, Magnifier","100 ~ 240V","4 Diopter (2x), 6.00"" (152.40mm) Diameter","LED, White","43.00"" (1092.2mm)","Red","-","-"
http://www.ocwhite.com/downloadfile/download/aitfile/aitfile_id/44/,//media.digikey.com/Photos/OC-White-Co/MFG_42400-4-MW.JPG,1844-1031-ND,42400-4-MW,O.C. White Co.,LAMP MAGNIFIER 4 DIOPTER CLAMP,2,0,"399.00000","0","1","Green-Lite™","Active","Lamp, Magnifier","100 ~ 240V","4 Diopter (2x), 6.00"" (152.40mm) Diameter","LED, White","43.00"" (1092.2mm)","White","-","-"
http://www.ocwhite.com/downloadfile/download/aitfile/aitfile_id/54/,//media.digikey.com/Photos/OC-White-Co/MFG_52400-4.JPG,1844-1033-ND,52400-4,O.C. White Co.,LAMP MAGNIFIER 4 DIOPTER CLAMP,2,0,"399.00000","0","1","Big Eye™","Active","Lamp, Magnifier","120V","4 Diopter (2x), 7.50"" (190.50mm) Diameter","Fluorescent","43.00"" (1092.2mm)","-","Edge Clamp","-"
http://www.ocwhite.com/downloadfile/download/aitfile/aitfile_id/44/,//media.digikey.com/Photos/OC-White-Co/MFG_62400-4-SW.JPG,1844-1045-ND,62400-4-SW,O.C. White Co.,LAMP MAGNIFIER LED 7.5"" CLAMP,14,0,"489.00000","0","1","Green-Lite™","Active","Lamp, Magnifier","100 ~ 240V","4 Diopter (2x), 7.50"" (190.50mm) Diameter","LED, White","43.00"" (1092.2mm)","White","-","-"
http://www.ocwhite.com/downloadfile/download/aitfile/aitfile_id/44/,//media.digikey.com/Photos/OC-White-Co/MFG_62400-4-S.JPG,1844-1046-ND,62400-4-S,O.C. White Co.,LAMP MAGNIFIER LED 7.5"" CLAMP,10,0,"489.00000","0","1","Green-Lite™","Active","Lamp, Magnifier","100 ~ 240V","4 Diopter (2x), 7.50"" (190.50mm) Diameter","LED, White","43.00"" (1092.2mm)","Silver","-","-"
http://www.ocwhite.com/downloadfile/download/aitfile/aitfile_id/44/,//media.digikey.com/Photos/OC-White-Co/MFG_62400-4-MW.JPG,1844-1044-ND,62400-4-MW,O.C. White Co.,LAMP MAGNIFIER LED 7.5"" CLAMP,9,0,"489.00000","0","1","Green-Lite™","Active","Lamp, Magnifier","100 ~ 240V","4 Diopter (2x), 7.50"" (190.50mm) Diameter","LED, White","43.00"" (1092.2mm)","White","-","-"
http://www.ocwhite.com/downloadfile/download/aitfile/aitfile_id/44/,//media.digikey.com/Photos/OC-White-Co/MFG_62400-4-RG.JPG,1844-1047-ND,62400-4-RG,O.C. White Co.,LAMP MAGNIFIER LED 7.5"" CLAMP,4,0,"489.00000","0","1","Green-Lite™","Active","Lamp, Magnifier","100 ~ 240V","4 Diopter (2x), 7.50"" (190.50mm) Diameter","LED, White","43.00"" (1092.2mm)","Green","-","-"
http://www.ocwhite.com/downloadfile/download/aitfile/aitfile_id/44/,//media.digikey.com/Photos/OC-White-Co/MFG_62400-4.JPG,1844-1039-ND,62400-4,O.C. White Co.,LAMP MAGNIFIER LED 7.5"" CLAMP,2,0,"489.00000","0","1","Green-Lite™","Active","Lamp, Magnifier","100 ~ 240V","4 Diopter (2x), 7.50"" (190.50mm) Diameter","LED, White","43.00"" (1092.2mm)","-","-","-"
http://www.ocwhite.com/downloadfile/download/aitfile/aitfile_id/44/,//media.digikey.com/Photos/OC-White-Co/MFG_62400-4-BR.JPG,1844-1042-ND,62400-4-BR,O.C. White Co.,LAMP MAGNIFIER LED 7.5"" CLAMP,2,0,"489.00000","0","1","Green-Lite™","Active","Lamp, Magnifier","100 ~ 240V","4 Diopter (2x), 7.50"" (190.50mm) Diameter","LED, White","43.00"" (1092.2mm)","Red","-","-"
http://www.ocwhite.com/downloadfile/download/aitfile/aitfile_id/44/,//media.digikey.com/Photos/OC-White-Co/MFG_62400-4-CM.JPG,1844-1043-ND,62400-4-CM,O.C. White Co.,LAMP MAGNIFIER LED 7.5"" CLAMP,2,0,"489.00000","0","1","Green-Lite™","Active","Lamp, Magnifier","100 ~ 240V","4 Diopter (2x), 7.50"" (190.50mm) Diameter","LED, White","43.00"" (1092.2mm)","Dark Gray","-","-"
http://www.ocwhite.com/downloadfile/download/aitfile/aitfile_id/44/,//media.digikey.com/Photos/OC-White-Co/MFG_62400-4-SB.JPG,1844-1048-ND,62400-4-SB,O.C. White Co.,LAMP MAGNIFIER LED 7.5"" CLAMP,2,0,"489.00000","0","1","Green-Lite™","Active","Lamp, Magnifier","100 ~ 240V","4 Diopter (2x), 7.50"" (190.50mm) Diameter","LED, White","43.00"" (1092.2mm)","Blue","-","-"
http://www.ocwhite.com/downloadfile/download/aitfile/aitfile_id/44/,//media.digikey.com/Photos/OC-White-Co/MFG_82400-4-SW.JPG,1844-1051-ND,82400-4-SW,O.C. White Co.,LAMP MAGNIFIER LED CLAMP,21,0,"499.00000","0","1","Green-Lite™","Active","Lamp, Magnifier","100 ~ 240V","4 Diopter (2x), 7.00"" L x 5.25"" W (177.80mm x 133.35mm)","LED, White","43.00"" (1092.2mm)","White","-","-"
http://www.ocwhite.com/downloadfile/download/aitfile/aitfile_id/44/,//media.digikey.com/Photos/OC-White-Co/MFG_82400-4-BO.JPG,1844-1050-ND,82400-4-BO,O.C. White Co.,LAMP MAGNIFIER LED CLAMP,5,0,"499.00000","0","1","Green-Lite™","Active","Lamp, Magnifier","100 ~ 240V","4 Diopter (2x), 7.00"" L x 5.25"" W (177.80mm x 133.35mm)","LED, White","43.00"" (1092.2mm)","Orange","-","-"
http://www.ocwhite.com/downloadfile/download/aitfile/aitfile_id/44/,//media.digikey.com/Photos/OC-White-Co/MFG_82400-4-BR.JPG,1844-1053-ND,82400-4-BR,O.C. White Co.,LAMP MAGNIFIER LED CLAMP,4,0,"499.00000","0","1","Green-Lite™","Active","Lamp, Magnifier","100 ~ 240V","4 Diopter (2x), 7.00"" L x 5.25"" W (177.80mm x 133.35mm)","LED, White","43.00"" (1092.2mm)","Red","-","-"
http://www.ocwhite.com/downloadfile/download/aitfile/aitfile_id/44/,//media.digikey.com/Photos/OC-White-Co/MFG_82400-4-RG.JPG,1844-1056-ND,82400-4-RG,O.C. White Co.,LAMP MAGNIFIER LED CLAMP,2,0,"499.00000","0","1","Green-Lite™","Active","Lamp, Magnifier","100 ~ 240V","4 Diopter (2x), 7.00"" L x 5.25"" W (177.80mm x 133.35mm)","LED, White","43.00"" (1092.2mm)","Green","-","-"
http://www.ocwhite.com/downloadfile/download/aitfile/aitfile_id/44/,//media.digikey.com/Photos/OC-White-Co/MFG_82400-4-SB.JPG,1844-1057-ND,82400-4-SB,O.C. White Co.,LAMP MAGNIFIER LED CLAMP,2,0,"499.00000","0","1","Green-Lite™","Active","Lamp, Magnifier","100 ~ 240V","4 Diopter (2x), 7.00"" L x 5.25"" W (177.80mm x 133.35mm)","LED, White","43.00"" (1092.2mm)","Blue","-","-"
http://www.ocwhite.com/downloadfile/download/aitfile/aitfile_id/44/,//media.digikey.com/Photos/OC-White-Co/MFG_82400-4-USA.JPG,1844-1058-ND,82400-4-USA,O.C. White Co.,LAMP MAGNIFIER LED CLAMP,2,0,"549.00000","0","1","Green-Lite™","Active","Lamp, Magnifier","100 ~ 240V","4 Diopter (2x), 7.00"" L x 5.25"" W (177.80mm x 133.35mm)","LED, White","43.00"" (1092.2mm)","Blue, Red, White","-","-"
//media.digikey.com/pdf/Data%20Sheets/Aven%20PDFs/26535.pdf,//media.digikey.com/Photos/Aven%20Photos/MFG_26535.jpg,243-1574-ND,26535,Aven Tools,TASK LIGHT CLAMP DUAL COLOR,18,0,"99.43000","0","1","-","Active","Lamp, Articulating","-","-","LED, White (60)","34.00"" (863.6mm)","White","Edge Clamp","-"
//media.digikey.com/pdf/Data%20Sheets/Aven%20PDFs/26536.pdf,//media.digikey.com/Photos/Aven%20Photos/MFG_26536.jpg,243-1573-ND,26536,Aven Tools,TASK LIGHT TABLE BASE DUAL COLOR,16,0,"138.82000","0","1","-","Active","Lamp, Articulating","-","-","LED, White (60)","24.00"" (609.6mm)","White","Base","-"
http://www.avenconnect.com/product_sheets/26528.pdf,//media.digikey.com/Photos/Aven%20Photos/26528.jpg,243-1491-ND,26528,Aven Tools,LAMP FLEXIBLE 100V 260V LED,5,0,"151.45000","0","1","Sirrus","Active","Lamp, Flexible","100V, 260V","-","LED, White","19.50"" (495.3mm)","Black","Edge Clamp","-"
http://www.avenconnect.com/product_sheets/26505-DSG-LED_Product%20Sheet.pdf,//media.digikey.com/Photos/Aven%20Photos/MFG_26505-DSG-LED.jpg,243-1290-ND,26505-DSG-LED,Aven Tools,LAMP MAGNIFIER 2.25X LED,12,0,"302.98000","0","1","Mighty Vue","Active","Lamp, Magnifier","-","5 Diopter (2.25x), 7.00"" (177.80mm) Diameter","LED, White (72)","36.00"" (914.4mm)","Silver","Edge Clamp","5' (1.52m)"
//media.digikey.com/pdf/Data%20Sheets/Aven%20PDFs/26221.pdf,//media.digikey.com/Photos/Aven%20Photos/26221.jpg,243-1197-ND,26221,Aven Tools,LAMP MAG 1.5X 2X 2.5X 3.5X LED,0,0,"40.37000","0","1","-","Active","Lamp, Magnifier","-","1.5x, 2x, 2.5x, 3.5x","LED, White","-","-","Headband","-"
-,//media.digikey.com/Photos/OC-White-Co/MFG_22400-5-B.JPG,1844-1034-ND,22400-5-B,O.C. White Co.,LAMP MAGNIFIER 5 DIOPTER CLAMP,1,0,"349.00000","0","1","Green-Lite®","Active","Lamp, Magnifier","100 ~ 240V","5 Diopter, (2.25x) 5.00"" (127.00mm) Diameter","LED, White","43.00"" (1092.2mm)","Black","Edge Clamp","-"
//media.digikey.com/pdf/Data%20Sheets/O.C._White/22400-4-B_Web_9_25_2017.pdf,//media.digikey.com/Photos/OC-White-Co/MFG_22400-4-B.JPG,1844-1026-ND,22400-4-B,O.C. White Co.,LAMP MAGNIFIER 4 DIOPTER CLAMP,0,0,"349.00000","0","1","Green-Lite®","Active","Lamp, Magnifier","100 ~ 240V","4 Diopter (2x), 5.00"" (127.00mm) Diameter","LED, White","43.00"" (1092.2mm)","Black","Edge Clamp","-"
http://www.ocwhite.com/downloadfile/download/aitfile/aitfile_id/44/,//media.digikey.com/Photos/OC-White-Co/MFG_62400-4-BO.JPG,1844-1041-ND,62400-4-BO,O.C. White Co.,LAMP MAGNIFIER LED 7.5"" CLAMP,1,0,"489.00000","0","1","Green-Lite™","Active","Lamp, Magnifier","100 ~ 240V","4 Diopter (2x), 7.50"" (190.50mm) Diameter","LED, White","43.00"" (1092.2mm)","Orange","-","-"
http://www.ocwhite.com/downloadfile/download/aitfile/aitfile_id/44/,//media.digikey.com/Photos/OC-White-Co/MFG_82400-4-CM.JPG,1844-1054-ND,82400-4-CM,O.C. White Co.,LAMP MAGNIFIER LED CLAMP,1,0,"499.00000","0","1","Green-Lite™","Active","Lamp, Magnifier","100 ~ 240V","4 Diopter (2x), 7.00"" L x 5.25"" W (177.80mm x 133.35mm)","LED, White","43.00"" (1092.2mm)","Dark Gray","-","-"
http://www.ocwhite.com/downloadfile/download/aitfile/aitfile_id/44/,//media.digikey.com/Photos/OC-White-Co/MFG_82400-4-UV-SB.JPG,1844-1061-ND,82400-4-UV-SB,O.C. White Co.,LAMP MAGNIFIER UV LED 43"",0,0,"599.00000","0","1","Green-Lite™","Active","Lamp, Magnifier","100 ~ 240V","4 Diopter (2x), 7.00"" L x 5.25"" W (177.80mm x 133.35mm)","LED, White","43.00"" (1092.2mm)","Blue","-","-"
http://www.avenconnect.com/product_sheets/26526.pdf,//media.digikey.com/Photos/Aven%20Photos/26526.jpg,243-1422-ND,26526,Aven Tools,LAMP FLEXIBLE 100V 277V LED,1,0,"156.55000","0","1","Sirrus","Active","Lamp, Flexible","100 ~ 277V","-","LED, White","19.50"" (495.3mm)","Black","Edge Clamp","-"
http://www.avenconnect.com/product_sheets/26501-LED-STN.pdf,//media.digikey.com/Photos/Aven%20Photos/MFG_26501-LED-STN.jpg,243-1418-ND,26501-LED-STN,Aven Tools,LAMP MAG 5 DIOPT 110V/220V 45LED,1,0,"187.78000","0","1","ProVue","Active","Lamp, Magnifier","110V, 220V","5 Diopter (2.25x), 5.00"" (127.00mm) Diameter","LED, (45)","45.00"" (1143.0mm)","White","Base, Weighted","-"
//media.digikey.com/pdf/Data%20Sheets/Luxo/K110660001.pdf,-,K110660001-ND,K110660001,Luxo,LAMP ARTICULATING FLUOR 23W,0,0,"174.30000","0","1","LS","Active","Lamp, Articulating","120V","-","Fluorescent, 23W","45.00"" (1143.0mm)","Black","Edge Clamp","6' (1.83m)"
//media.digikey.com/pdf/Data%20Sheets/Luxo/K110660002.pdf,-,K110660002-ND,K110660002,Luxo,LAMP ARTICULATING FLUOR 23W,0,0,"174.30000","0","1","LS","Active","Lamp, Articulating","120V","-","Fluorescent, 23W","45.00"" (1143.0mm)","White","Edge Clamp","6' (1.83m)"
//media.digikey.com/pdf/Data%20Sheets/Luxo/Trace.pdf,//media.digikey.com/Photos/Luxo%20Photos/MFG_TRC026634.jpg,TRC026634-ND,TRC026634,Luxo,LAMP ARTICULATING 120V LED 6W,0,0,"189.94000","0","1","Trace","Active","Lamp, Articulating","100 ~ 120V","-","LED, 6W","20.00"" (508.0mm)","Silver Gray","Edge Clamp","2' (0.61m)"
//media.digikey.com/pdf/Data%20Sheets/Luxo/Trace.pdf,//media.digikey.com/Photos/Luxo%20Photos/MFG_TRC026635.jpg,TRC026635-ND,TRC026635,Luxo,LAMP ARTICULATING 120V LED 6W,0,0,"189.94000","0","1","Trace","Active","Lamp, Articulating","100 ~ 120V","-","LED, 6W","20.00"" (508.0mm)","White","Edge Clamp","2' (0.61m)"
//media.digikey.com/pdf/Data%20Sheets/Luxo/Trace.pdf,//media.digikey.com/Photos/Luxo%20Photos/MFG_TRC026636.jpg,TRC026636-ND,TRC026636,Luxo,LAMP ARTICULATING 120V LED 6W,0,0,"189.94000","0","1","Trace","Active","Lamp, Articulating","100 ~ 120V","-","LED, 6W","20.00"" (508.0mm)","Black","Edge Clamp","2' (0.61m)"
//media.digikey.com/pdf/Data%20Sheets/Luxo/Trace.pdf,//media.digikey.com/Photos/Luxo%20Photos/MFG_TRC026637.jpg,TRC026637-ND,TRC026637,Luxo,LAMP ARTICULATING 120V LED 6W,0,0,"197.39000","0","1","Trace","Active","Lamp, Articulating","100 ~ 120V","-","LED, 6W","20.00"" (508.0mm)","Silver Gray","Base, Weighted","2' (0.61m)"
//media.digikey.com/pdf/Data%20Sheets/Luxo/Trace.pdf,//media.digikey.com/Photos/Luxo%20Photos/MFG_TRC026638.jpg,TRC026638-ND,TRC026638,Luxo,LAMP ARTICULATING 120V LED 6W,0,0,"197.39000","0","1","Trace","Active","Lamp, Articulating","100 ~ 120V","-","LED, 6W","20.00"" (508.0mm)","White","Base, Weighted","2' (0.61m)"
//media.digikey.com/pdf/Data%20Sheets/Luxo/Trace.pdf,//media.digikey.com/Photos/Luxo%20Photos/MFG_TRC026639.jpg,TRC026639-ND,TRC026639,Luxo,LAMP ARTICULATING 120V LED 6W,0,0,"197.39000","0","1","Trace","Active","Lamp, Articulating","100 ~ 120V","-","LED, 6W","20.00"" (508.0mm)","Black","Base, Weighted","2' (0.61m)"
//media.digikey.com/pdf/Data%20Sheets/Luxo/Trace.pdf,//media.digikey.com/Photos/Luxo%20Photos/MFG_TRC026640.jpg,TRC026640-ND,TRC026640,Luxo,LAMP ARTICULATING 120V LED 6W,0,0,"219.74000","0","1","Trace","Active","Lamp, Articulating","100 ~ 120V","-","LED, 6W","20.00"" (508.0mm)","Silver Gray","Base, Weighted","2' (0.61m)"
//media.digikey.com/pdf/Data%20Sheets/Luxo/Trace.pdf,//media.digikey.com/Photos/Luxo%20Photos/MFG_TRC026641.jpg,TRC026641-ND,TRC026641,Luxo,LAMP ARTICULATING 120V LED 6W,0,0,"219.74000","0","1","Trace","Active","Lamp, Articulating","100 ~ 120V","-","LED, 6W","20.00"" (508.0mm)","White","Base, Weighted","2' (0.61m)"
//media.digikey.com/pdf/Data%20Sheets/Luxo/Trace.pdf,//media.digikey.com/Photos/Luxo%20Photos/MFG_TRC026642.jpg,TRC026642-ND,TRC026642,Luxo,LAMP ARTICULATING 120V LED 6W,0,0,"219.74000","0","1","Trace","Active","Lamp, Articulating","100 ~ 120V","-","LED, 6W","20.00"" (508.0mm)","Black","Base, Weighted","2' (0.61m)"
//media.digikey.com/pdf/Data%20Sheets/Luxo/K110670001.pdf,//media.digikey.com/Photos/Luxo%20Photos/MFG_LS1EBK.jpg,K110670001-ND,K110670001,Luxo,LAMP ARTICULATING FLUOR 23W,0,0,"242.08000","0","1","LS","Active","Lamp, Articulating","120V","-","Fluorescent, 23W","45.00"" (1143.0mm)","Black","Base, Weighted","6' (1.83m)"
//media.digikey.com/pdf/Data%20Sheets/Luxo/K110670002.pdf,-,K110670002-ND,K110670002,Luxo,LAMP ARTICULATING FLUOR 23W,0,0,"242.08000","0","1","LS","Active","Lamp, Articulating","120V","-","Fluorescent, 23W","45.00"" (1143.0mm)","White","Base, Weighted","6' (1.83m)"
-,//media.digikey.com/Photos/Luxo%20Photos/MFG_K142110001.jpg,K142110001-ND,K142110001,Luxo,LAMP MLS SERIES LT GRAY,1,0,"242.40000","0","1","MLS","Active","Lamp, Articulating","115V","-","Fluorescent, 23W","45.00"" (1143.0mm)","Light Gray","Edge Clamp","1.5' (0.46m)"
//media.digikey.com/pdf/Data%20Sheets/Luxo/LC1ABK.pdf,-,K110620001-ND,K110620001,Luxo,LAMP ARTICULATING FLUOR 14W/22W,0,0,"251.77000","0","1","LC","Active","Lamp, Articulating","120V","-","Fluorescent, 14W and 22W","45.00"" (1143.0mm)","Black","Edge Clamp","6' (1.83m)"
//media.digikey.com/pdf/Data%20Sheets/Luxo/K110620002.pdf,//media.digikey.com/Photos/Luxo%20Photos/MFG_K110620002.jpg,K110620002-ND,K110620002,Luxo,"LAMP ARTICULATING 120V 60W, 22W",0,0,"262.60000","0","1","LC","Active","Lamp, Articulating","120V","-","Fluorescent, 14W and 22W","45.00"" (1143.0mm)","White","Edge Clamp","6' (1.83m)"
//media.digikey.com/pdf/Data%20Sheets/Luxo/K110620003.pdf,//media.digikey.com/Photos/Luxo%20Photos/MFG_K110620003.jpg,K110620003-ND,K110620003,Luxo,"LAMP ARTICULATING 120V 60W, 22W",0,0,"262.60000","0","1","LC","Active","Lamp, Articulating","120V","-","Incandescent, 60W and Fluorescent, 22W","45.00"" (1143.0mm)","Gray","Edge Clamp","6' (1.83m)"
//media.digikey.com/pdf/Data%20Sheets/Luxo/SPL026285.pdf,//media.digikey.com/Photos/Luxo%20Photos/MFG_SPL026285.jpg,SPL026285-ND,SPL026285,Luxo,LAMP ARTICULATING 240V LED 11W,1,0,"275.60000","0","1","Split","Active","Lamp, Articulating","240V","-","LED, 11W","31.50"" (800.1mm)","Silver Gray","Edge Clamp","6' (1.83m)"
//media.digikey.com/pdf/Data%20Sheets/Luxo/SPL026286.pdf,//media.digikey.com/Photos/Luxo%20Photos/MFG_SPL026286.jpg,SPL026286-ND,SPL026286,Luxo,LAMP ARTICULATING 240V LED 11W,0,0,"275.60000","0","1","Split","Active","Lamp, Articulating","240V","-","LED, 11W","31.50"" (800.1mm)","White","Edge Clamp","6' (1.83m)"
//media.digikey.com/pdf/Data%20Sheets/Luxo/SPL026287.pdf,//media.digikey.com/Photos/Luxo%20Photos/MFG_SPL026287.jpg,SPL026287-ND,SPL026287,Luxo,LAMP ARTICULATING 240V LED 11W,0,0,"275.60000","0","1","Split","Active","Lamp, Articulating","240V","-","LED, 11W","31.50"" (800.1mm)","Black","Edge Clamp","6' (1.83m)"
//media.digikey.com/pdf/Data%20Sheets/Luxo/OVE025026.pdf,//media.digikey.com/Photos/Luxo%20Photos/MFG_OVE025026.jpg,OVE025026-ND,OVE025026,Luxo,LAMP ARTICULATING 100-240V LED,0,0,"279.33000","0","1","Ovelo T30","Active","Lamp, Articulating","100 ~ 240V","-","LED","29.00"" (736.6mm)","White","Edge Clamp","5' (1.52m)"
//media.digikey.com/pdf/Data%20Sheets/Luxo/OVE025030.pdf,//media.digikey.com/Photos/Luxo%20Photos/MFG_OVE025030.jpg,OVE025030-ND,OVE025030,Luxo,LAMP ARTICULATING 100-240V LED,0,0,"279.33000","0","1","Ovelo T30","Active","Lamp, Articulating","100 ~ 240V","-","LED","29.00"" (736.6mm)","Black","Edge Clamp","5' (1.52m)"
//media.digikey.com/pdf/Data%20Sheets/Luxo/OVE025034.pdf,//media.digikey.com/Photos/Luxo%20Photos/MFG_OVE025034.jpg,OVE025034-ND,OVE025034,Luxo,LAMP ARTICULATING 100-240V LED,0,0,"279.33000","0","1","Ovelo T30","Active","Lamp, Articulating","100 ~ 240V","-","LED","29.00"" (736.6mm)","Silver Gray","Edge Clamp","5' (1.52m)"
//media.digikey.com/pdf/Data%20Sheets/Luxo/CAG026582.pdf,//media.digikey.com/Photos/Luxo%20Photos/MFG_CAG026582.jpg,CAG026582-ND,CAG026582,Luxo,LAMP ARTICULATING 240V LED 8W,0,0,"289.53000","0","1","Carelite","Active","Lamp, Articulating","240V","-","LED, 8W","45.00"" (1143.0mm)","White","Wall Mount","1.7' (0.52m)"
//media.digikey.com/pdf/Data%20Sheets/Luxo/CAG026584.pdf,//media.digikey.com/Photos/Luxo%20Photos/MFG_CAG026584.jpg,CAG026584-ND,CAG026584,Luxo,LAMP ARTICULATING 240V LED 8W,0,0,"289.53000","0","1","Carelite","Active","Lamp, Articulating","240V","-","LED, 8W","45.00"" (1143.0mm)","White","Edge Clamp","1.7' (0.52m)"
//media.digikey.com/pdf/Data%20Sheets/Luxo/OVE025305.pdf,//media.digikey.com/Photos/Luxo%20Photos/MFG_OVE025305.jpg,OVE025305-ND,OVE025305,Luxo,LAMP ARTICULATING 100-240V LED,0,0,"324.02000","0","1","Ovelo T30","Active","Lamp, Articulating","100 ~ 240V","-","LED","29.00"" (736.6mm)","White","Base, Weighted","5' (1.52m)"
//media.digikey.com/pdf/Data%20Sheets/Luxo/OVE025309.pdf,//media.digikey.com/Photos/Luxo%20Photos/MFG_OVE025309.jpg,OVE025309-ND,OVE025309,Luxo,LAMP ARTICULATING 100-240V LED,0,0,"324.02000","0","1","Ovelo T30","Active","Lamp, Articulating","100 ~ 240V","-","LED","29.00"" (736.6mm)","Black","Base, Weighted","5' (1.52m)"
//media.digikey.com/pdf/Data%20Sheets/Luxo/OVE025313.pdf,//media.digikey.com/Photos/Luxo%20Photos/MFG_OVE025313.jpg,OVE025313-ND,OVE025313,Luxo,LAMP ARTICULATING 100-240V LED,0,0,"324.02000","0","1","Ovelo T30","Active","Lamp, Articulating","100 ~ 240V","-","LED","29.00"" (736.6mm)","Silver Gray","Base, Weighted","5' (1.52m)"
//media.digikey.com/pdf/Data%20Sheets/Luxo/16012SG.pdf,//media.digikey.com/Photos/Luxo%20Photos/MFG_16012SG.jpg,16012SG-ND,16012SG,Luxo,LAMP ARTICULATING 120V LED 11W,0,0,"327.00000","0","1","Split","Active","Lamp, Articulating","120V","-","LED, 11W","31.50"" (800.1mm)","Silver Gray","Base, Weighted","6' (1.83m)"
//media.digikey.com/pdf/Data%20Sheets/Luxo/K110630001_12-5-17_ds.pdf,//media.digikey.com/Photos/Luxo%20Photos/MFG_LC2FEBK.jpg,K110630001-ND,K110630001,Luxo,LAMP ARTICULATING FLUOR 14W/22W,0,0,"329.23000","0","1","LC","Active","Lamp, Articulating","120V","-","Fluorescent, 14W and 22W","30.00"" (762.0mm)","Black","Base, Weighted","6' (1.83m)"
//media.digikey.com/pdf/Data%20Sheets/Luxo/K110630002_12-5-17_ds.pdf,//media.digikey.com/Photos/Luxo%20Photos/MFG_LC2FEWT.jpg,K110630002-ND,K110630002,Luxo,LAMP ARTICULATING FLUOR 14W/22W,0,0,"329.23000","0","1","LC","Active","Lamp, Articulating","120V","-","Fluorescent, 14W and 22W","30.00"" (762.0mm)","White","Base, Weighted","6' (1.83m)"
//media.digikey.com/pdf/Data%20Sheets/Luxo/16013BK.pdf,//media.digikey.com/Photos/Luxo%20Photos/MFG_16013BK.jpg,16013BK-ND,16013BK,Luxo,LAMP ARTICULATING 120V LED 11W,1,0,"356.80000","0","1","Split","Obsolete","Lamp, Articulating","120V","-","LED, 11W","31.50"" (800.1mm)","Black","Base, Weighted","6' (1.83m)"
//media.digikey.com/pdf/Data%20Sheets/Luxo/Lamps%20and%20Accessories.pdf,-,16159-ND,16159,Luxo,LAMP EXHAUST FAN 22W,0,0,"Obsolete","0","1","-","Obsolete","Lamp, Exhaust Fan","-","-","Fluorescent, 22W","45.00"" (1143.0mm)","Gray","Edge Clamp","-"
//media.digikey.com/pdf/Data%20Sheets/Luxo/Lamps%20and%20Accessories.pdf,//media.digikey.com/Photos/Luxo%20Photos/17113BK.jpg,L225B-ND,KFK025817,Luxo,LAMP MAG 3 DIOPT FLUORESCENT 22W,0,0,"Discontinued at Digi-Key","0","1","KFM™","Discontinued at Digi-Key","Lamp, Magnifier","-","3 Diopter (1.75x), 5.00"" (127.00mm) Diameter","Fluorescent, 22W","45.00"" (1143.0mm)","Black","Edge Clamp","-"
//media.digikey.com/pdf/Data%20Sheets/Luxo/Lamps%20and%20Accessories.pdf,//media.digikey.com/Photos/Luxo%20Photos/MFG_KFK025818.jpg,L225LG-ND,KFK025818,Luxo,LAMP MAG 3 DIOPT FLUORESCENT 22W,0,0,"Discontinued at Digi-Key","0","1","KFM™","Discontinued at Digi-Key","Lamp, Magnifier","-","3 Diopter (1.75x), 5.00"" (127.00mm) Diameter","Fluorescent, 22W","45.00"" (1143.0mm)","Gray","Edge Clamp","-"
//media.digikey.com/pdf/Data%20Sheets/Luxo/Lamps%20and%20Accessories.pdf,//media.digikey.com/photos/Luxo%20Photos/17115BK.jpg,L230B-ND,KFK025820,Luxo,LAMP MAG 5 DIOPT FLUORESCENT 22W,0,0,"Discontinued at Digi-Key","0","1","KFM™","Discontinued at Digi-Key","Lamp, Magnifier","-","5 Diopter (2.25x), 5.00"" (127.00mm) Diameter","Fluorescent, 22W","45.00"" (1143.0mm)","Black","Edge Clamp","-"
//media.digikey.com/pdf/Data%20Sheets/Luxo/Lamps%20and%20Accessories.pdf,//media.digikey.com/photos/Luxo%20Photos/17115LG.jpg,L230LG-ND,KFK025821,Luxo,LAMP MAG 5 DIOPT FLUORESCENT 22W,0,0,"Discontinued at Digi-Key","0","1","KFM™","Discontinued at Digi-Key","Lamp, Magnifier","-","5 Diopter (2.25x), 5.00"" (127.00mm) Diameter","Fluorescent, 22W","45.00"" (1143.0mm)","Gray","Edge Clamp","-"
//media.digikey.com/pdf/Data%20Sheets/Luxo/Lamps%20and%20Accessories.pdf,//media.digikey.com/photos/Luxo%20Photos/17253BK.jpg,L235B-ND,17253BK,Luxo,LAMP MAG 3 DIOPT FLUORESCENT 22W,0,0,"Obsolete","0","1","KFM™","Obsolete","Lamp, Magnifier","-","3 Diopter (1.75x), 5.00"" (127.00mm) Diameter","Fluorescent, 22W","30.00"" (762.0mm)","Black","Base, Weighted","-"
//media.digikey.com/pdf/Data%20Sheets/Luxo/Lamps%20and%20Accessories.pdf,//media.digikey.com/Photos/Luxo%20Photos/MFG_KFK025789.jpg,L235LG-ND,KFK025789,Luxo,LAMP MAG 3 DIOPT FLUORESCENT 22W,0,0,"Discontinued at Digi-Key","0","2","KFM™","Discontinued at Digi-Key","Lamp, Magnifier","-","3 Diopter (1.75x), 5.00"" (127.00mm) Diameter","Fluorescent, 22W","30.00"" (762.0mm)","Gray","Base, Weighted","-"
-,-,L120BK-ND,L012MB,Luxo,"LAMP ARTICULATING 115V 60W, 22W",0,0,"Obsolete","0","1","C12D","Obsolete","Lamp, Articulating","115V","-","Incandescent, 60W and Fluorescent, 22W","42.00"" (1066.8mm)","Black","Edge Clamp","-"
//media.digikey.com/pdf/Data%20Sheets/Luxo/Heavy_Duty_Fluorescent.pdf,-,L121BK-ND,L512MB,Luxo,LAMP ARTICULATING 15W,0,0,"Obsolete","0","1","Ledu","Obsolete","Lamp, Articulating","-","-","Fluorescent, 15W (2)","42.00"" (1066.8mm)","Black","Edge Clamp","-"
-,-,17250A-ND,17250,Luxo,LAMP MAG 10 DIOPT FLUORESCNT 22W,0,0,"Obsolete","0","1","KFM™","Obsolete","Lamp, Magnifier","-","10 Diopter (3.5x), 5.00"" (127.00mm) Diameter","Fluorescent, 22W","30.00"" (762.0mm)","Gray","Base, Weighted","-"
//media.digikey.com/pdf/Data%20Sheets/Luxo/Magnification_Prod_Lines.pdf,//media.digikey.com/photos/Luxo%20Photos/17845LG.jpg,L845LG-ND,17845LG,Luxo,LAMP MAGNIFIER 3.5 DIOPTER 13W,0,0,"Obsolete","0","1","WAVE Plus","Obsolete","Lamp, Magnifier","-","3.5 Diopter (1.85x), 4.50"" L x 6.75"" W (114.30mm x 171.45mm)","Fluorescent, 13W (2)","45.00"" (1143.0mm)","Gray","Edge Clamp","-"
//media.digikey.com/pdf/Data%20Sheets/Luxo/Magnification_Prod_Lines.pdf,-,L846LG-ND,17846LG,Luxo,LAMP MAGNIFIER 3.5 DIOPTER 13W,0,0,"Obsolete","0","1","WAVE Plus","Obsolete","Lamp, Magnifier","-","3.5 Diopter (1.85x), 4.50"" L x 6.75"" W (114.30mm x 171.45mm)","Fluorescent, 13W (2)","30.00"" (762.0mm)","Gray","Edge Clamp","-"
//media.digikey.com/pdf/Data%20Sheets/Luxo/Magnification_Prod_Lines.pdf,//media.digikey.com/photos/Luxo%20Photos/17847LG.jpg,L847LG-ND,17847LG,Luxo,LAMP MAGNIFIER 3.5 DIOPTER 13W,0,0,"Obsolete","0","1","WAVE Plus","Obsolete","Lamp, Magnifier","-","3.5 Diopter (1.85x), 4.50"" L x 6.75"" W (114.30mm x 171.45mm)","Fluorescent, 13W (2)","30.00"" (762.0mm)","Gray","Base, Weighted","-"
//media.digikey.com/pdf/Data%20Sheets/Luxo/Magnification_Prod_Lines.pdf,-,17847BK-ND,17847BK,Luxo,LAMP MAGNIFIER 3.5 DIOPTER 13W,0,0,"Obsolete","0","1","WAVE Plus","Obsolete","Lamp, Magnifier","-","3.5 Diopter (1.85x), 4.50"" L x 6.75"" W (114.30mm x 171.45mm)","Fluorescent, 13W (2)","30.00"" (762.0mm)","Black","Base, Weighted","-"
//media.digikey.com/pdf/Data%20Sheets/Luxo/Magnification_Prod_Lines.pdf,//media.digikey.com/photos/Luxo%20Photos/17841LG.jpg,L841LG-ND,17841LG,Luxo,LAMP MAGNIFIER 3.5 DIOPTER 13W,0,0,"Obsolete","0","1","WAVE Plus","Obsolete","Lamp, Magnifier","-","3.5 Diopter (1.85x), 4.50"" L x 6.75"" W (114.30mm x 171.45mm)","Fluorescent, 13W (2)","45.00"" (1143.0mm)","Gray","Edge Clamp","-"
//media.digikey.com/pdf/Data%20Sheets/Luxo/Magnification_Prod_Lines.pdf,//media.digikey.com/photos/Luxo%20Photos/17842LG.jpg,L842LG-ND,17842LG,Luxo,LAMP MAGNIFIER 3.5 DIOPTER 13W,0,0,"Obsolete","0","1","WAVE Plus","Obsolete","Lamp, Magnifier","-","3.5 Diopter (1.85x), 4.50"" L x 6.75"" W (114.30mm x 171.45mm)","Fluorescent, 13W (2)","30.00"" (762.0mm)","Gray","Edge Clamp","-"
//media.digikey.com/pdf/Data%20Sheets/Luxo/Magnification_Prod_Lines.pdf,//media.digikey.com/photos/Luxo%20Photos/17843LG.jpg,L843LG-ND,17843LG,Luxo,LAMP MAGNIFIER 3.5 DIOPTER 13W,0,0,"Obsolete","0","1","WAVE Plus","Obsolete","Lamp, Magnifier","-","3.5 Diopter (1.85x), 4.50"" L x 6.75"" W (114.30mm x 171.45mm)","Fluorescent, 13W (2)","30.00"" (762.0mm)","Gray","Base, Weighted","-"
//media.digikey.com/pdf/Data%20Sheets/Luxo/Wave+Plus%20Magnifiers.pdf,//media.digikey.com/photos/Luxo%20Photos/17900BK.jpg,L900BK-ND,17900BK,Luxo,LAMP MAGNIFIER 3.5 DIOPTER 13W,0,0,"Obsolete","0","1","WAVE Plus","Obsolete","Lamp, Magnifier","-","3.5 Diopter (1.85x), 4.50"" L x 6.75"" W (114.30mm x 171.45mm)","Fluorescent, 13W (2)","45.00"" (1143.0mm)","Black","Edge Clamp","-"
//media.digikey.com/pdf/Data%20Sheets/Luxo/Wave+Plus%20Magnifiers.pdf,//media.digikey.com/photos/Luxo%20Photos/17902BK.jpg,L902BK-ND,17902BK,Luxo,LAMP MAGNIFIER 3.5 DIOPTER 13W,0,0,"Obsolete","0","1","WAVE Plus","Obsolete","Lamp, Magnifier","-","3.5 Diopter (1.85x), 4.50"" L x 6.75"" W (114.30mm x 171.45mm)","Fluorescent, 13W (2)","30.00"" (762.0mm)","Black","Edge Clamp","-"
//media.digikey.com/pdf/Data%20Sheets/Luxo/Wave+Plus%20Magnifiers.pdf,//media.digikey.com/photos/Luxo%20Photos/17904BK.jpg,L904BK-ND,17904BK,Luxo,LAMP MAGNIFIER 3.5 DIOPTER 13W,0,0,"Obsolete","0","1","WAVE Plus","Obsolete","Lamp, Magnifier","-","3.5 Diopter (1.85x), 4.50"" L x 6.75"" W (114.30mm x 171.45mm)","Fluorescent, 13W (2)","30.00"" (762.0mm)","Black","Base, Weighted","-"
//media.digikey.com/pdf/Data%20Sheets/Luxo/Handheld%20UV.pdf,//media.digikey.com/photos/Luxo%20Photos/16401.jpg,L16401-ND,16401,Luxo,LAMP MAGNIFIER 5 DIOPTER 120V 4W,0,0,"Obsolete","0","1","-","Obsolete","Lamp, Magnifier","120V","5 Diopter (2.25x), 2.50"" L x 4.00"" W (63.50mm x 101.60mm)","Fluorescent, 4W (2) and UV, 4W (2)","-","Gray","Handheld","10' (3.05m)"
//media.digikey.com/pdf/Data%20Sheets/Luxo/16345WT.pdf,//media.digikey.com/Photos/Luxo%20Photos/MFG_16345LG.jpg,L345WT-ND,16345WT,Luxo,LAMP MAGNIFIER 3 DIOPT 115V 22W,0,0,"Discontinued at Digi-Key","0","9","IFM","Discontinued at Digi-Key","Lamp, Magnifier","115V","3 Diopter (1.75x), 5.00"" (127.00mm) Diameter","Fluorescent, 22W","45.00"" (1143.0mm)","White","Edge Clamp","-"
//media.digikey.com/pdf/Data%20Sheets/Luxo/16346WT.pdf,//media.digikey.com/Photos/Luxo%20Photos/MFG_16345LG.jpg,L346WT-ND,16346WT,Luxo,LAMP MAGNIFIER 5 DIOPT 115V 22W,0,0,"Discontinued at Digi-Key","0","9","IFM","Discontinued at Digi-Key","Lamp, Magnifier","115V","5 Diopter (2.25x), 5.00"" (127.00mm) Diameter","Fluorescent, 22W","45.00"" (1143.0mm)","White","Edge Clamp","-"
-,//media.digikey.com/photos/Luxo%20Photos/L296BK.jpg,L296BK-ND,L296BK,Luxo,LAMP MAGNIFIER 3 DIOPTER 60W,0,0,"Obsolete","0","1","IM","Obsolete","Lamp, Magnifier","-","3 Diopter (1.75x)","Incandescent, 60W","30.00"" (762.0mm)","Black","Edge Clamp","-"
-,//media.digikey.com/photos/Aven%20Photos/26.503.jpg,243-1026-ND,26503-SIV,Aven Tools,LAMP MAGNIFIER 3 DIOPT 115V 32W,0,0,"Obsolete","0","1","MaxiMag","Obsolete","Lamp, Magnifier","115V","3 Diopter (1.75x), 7.00"" (177.80mm) Diameter","Fluorescent, 32W","45.00"" (1143.0mm)","Ivory","Edge Clamp","5' (1.52m)"
//media.digikey.com/pdf/Data%20Sheets/Aven%20PDFs/26505-SIV.pdf,//media.digikey.com/Photos/Aven%20Photos/26505-SIV.jpg,243-1027-ND,26505-SIV,Aven Tools,LAMP MAGNIFIER 3 DIOPTER 115V 9W,0,0,"Obsolete","0","1","Mighty Vue","Obsolete","Lamp, Magnifier","115V","3 Diopter (1.75x), 5.20"" L x 7.00"" W (132.08mm x 177.80mm)","Fluorescent, 9W (2)","30.00"" (762.0mm)","Ivory","Edge Clamp","5' (1.52m)"
//media.digikey.com/pdf/Data%20Sheets/Aven%20PDFs/26501-DSG.pdf,//media.digikey.com/Photos/Aven%20Photos/26501-DSG.jpg,243-1043-ND,26501-DSG,Aven Tools,LAMP MAGNIFIER 5 DIOPT 115V 22W,0,0,"Obsolete","0","1","ProVue Deluxe","Obsolete","Lamp, Magnifier","115V","5 Diopter (2.25x), 5.00"" (127.00mm) Diameter","Fluorescent, 22W","35.00"" (889.0mm)","Silver Gray","Edge Clamp","5' (1.52m)"
-,-,243-1044-ND,26501-SCP,Aven Tools,LAMP MAGNIFIER 3 DIOPT 115V 22W,0,0,"Obsolete","0","1","ProVue","Obsolete","Lamp, Magnifier","115V","3 Diopter (1.75x), 5.00"" (127.00mm) Diameter","Fluorescent, 22W","45.00"" (1143.0mm)","Copper","Edge Clamp","5' (1.52m)"
-,-,243-1045-ND,26501-SSL,Aven Tools,LAMP MAGNIFIER 3 DIOPT 115V 22W,0,0,"Obsolete","0","1","ProVue","Obsolete","Lamp, Magnifier","115V","3 Diopter (1.75x), 5.00"" (127.00mm) Diameter","Fluorescent, 22W","45.00"" (1143.0mm)","Silver Gray","Edge Clamp","5' (1.52m)"
//media.digikey.com/pdf/Data%20Sheets/Aven%20PDFs/26505-ESD.pdf,//media.digikey.com/Photos/Aven%20Photos/26505-ESD.jpg,243-1063-ND,26505-ESD,Aven Tools,LAMP MAGNIFIER 3 DIOPTER 115V 9W,0,0,"Obsolete","0","1","Mighty Vue","Obsolete","Lamp, Magnifier","115V","3 Diopter (1.75x), 5.20"" L x 7.00"" W (132.08mm x 177.80mm)","Fluorescent, 9W (2)","30.00"" (762.0mm)","Black","Edge Clamp","5' (1.52m)"
//media.digikey.com/pdf/Data%20Sheets/Aven%20PDFs/26222.pdf,-,26222-ND,26222,Aven Tools,LAMP MAG 1.2X 1.8X 2X 3.5X 2.2V,0,0,"Obsolete","0","1","-","Obsolete","Lamp, Magnifier","-","1.2x, 1.8x, 2x, 3.5x","2.2V","-","-","Headband","-"
//media.digikey.com/pdf/Data%20Sheets/Aven%20PDFs/26504-SBK.pdf,-,26504-SBK-ND,26504-SBK,Aven Tools,LAMP MAGNIFIER 3 DIOPT 115V 60W,0,0,"Obsolete","0","1","VuePlus","Obsolete","Lamp, Magnifier","115V","3 Diopter (1.75x), 4.00"" (101.60mm) Diameter","Incandescent, 60W","30.00"" (762.0mm)","Black","Edge Clamp","-"
//media.digikey.com/pdf/Data%20Sheets/Aven%20PDFs/26506-SIV.pdf,-,26506-SIV-ND,26506-SIV,Aven Tools,LAMP MAGNIFIER 3 DIOPTER 115V 9W,0,0,"Obsolete","0","1","MaxiVue","Obsolete","Lamp, Magnifier","115V","3 Diopter (1.75x), 6.90"" L x 4.20"" W (175.26mm x 106.68mm)","Fluorescent, 9W (3)","35.00"" (889.0mm)","Ivory","Edge Clamp","5' (1.52m)"
//media.digikey.com/pdf/Data%20Sheets/Aven%20PDFs/26507-SBK.pdf,//media.digikey.com/Photos/Aven%20Photos/26507-SBK.jpg,243-1277-ND,26507-SBK,Aven Tools,LAMP MAG 5 DIOPT 115V 24 LEDS,0,0,"Obsolete","0","1","OptiVue","Obsolete","Lamp, Magnifier","115V","5 Diopter (2.25x)","LED, White (24)","-","Black","Base, Weighted","-"
//media.digikey.com/pdf/Data%20Sheets/Aven%20PDFs/26512-SBK.pdf,-,26512-SBK-ND,26512-SBK,Aven Tools,LAMP ARTICULATING 115V 150W,0,0,"Obsolete","0","1","Titan™","Obsolete","Lamp, Articulating","115V","-","Halogen, 150W","35.00"" (889.0mm)","Black","Edge Clamp","5' (1.52m)"
//media.digikey.com/pdf/Data%20Sheets/Aven%20PDFs/26515-SIV.pdf,-,26515-SIV-ND,26515-SIV,Aven Tools,"LAMP ARTICULATING 115V 60W, 22W",0,0,"Obsolete","0","1","Aurora","Obsolete","Lamp, Articulating","115V","-","Incandescent, 60W and Fluorescent, 22W","42.00"" (1066.8mm)","Ivory","Edge Clamp","5' (1.52m)"
//media.digikey.com/pdf/Data%20Sheets/Aven%20PDFs/26516-D155.pdf,-,26516-D155-ND,26516-D155,Aven Tools,LAMP ARTICULATING 115V 55W,0,0,"Obsolete","0","1","Magna","Obsolete","Lamp, Articulating","115V","-","Fluorescent, 55W","-","-","Edge Clamp","5' (1.52m)"
//media.digikey.com/pdf/Data%20Sheets/Aven%20PDFs/26516-D3T.pdf,-,26516-D3T-ND,26516-D3T,Aven Tools,LAMP ARTICULATING 15W,0,0,"Obsolete","0","1","Magna","Obsolete","Lamp, Articulating","-","-","Fluorescent, 15W (3)","35.00"" (889.0mm)","-","Edge Clamp","-"
//media.digikey.com/pdf/Data%20Sheets/Aven%20PDFs/26516-SIV.pdf,-,26516-SIV-ND,26516-SIV,Aven Tools,LAMP ARTICULATING 115V 15W,0,0,"Obsolete","0","1","Magna","Obsolete","Lamp, Articulating","115V","-","Fluorescent, 15W (2)","45.00"" (1143.0mm)","-","Edge Clamp","5' (1.52m)"
//media.digikey.com/pdf/Data%20Sheets/Aven%20PDFs/26521.pdf,-,26521-ND,26521,Aven Tools,LAMP ARTICULATING HALOGEN 20W,0,0,"Obsolete","0","1","Sirus","Obsolete","Lamp, Articulating","-","-","Halogen, 20W","-","Black","Edge Clamp","-"
//media.digikey.com/pdf/Data%20Sheets/Aven%20PDFs/26522.pdf,-,26522-ND,26522,Aven Tools,LAMP ARTICULATING HALOGEN 20W,0,0,"Obsolete","0","1","Sirus","Obsolete","Lamp, Articulating","-","-","Halogen, 20W","8.66"" (220.0mm)","Black","Edge Clamp","-"
//media.digikey.com/pdf/Data%20Sheets/Aven%20PDFs/26523.pdf,-,26523AV-ND,26523,Aven Tools,LAMP ARTICULATING HALOGEN 20W,0,0,"Obsolete","0","1","Sirus","Obsolete","Lamp, Articulating","-","-","Halogen, 20W","17.32"" (439.9mm)","Black","Edge Clamp","-"
//media.digikey.com/pdf/Data%20Sheets/Aven%20PDFs/26524.pdf,-,26524-ND,26524,Aven Tools,LAMP ARTICULATING HALOGEN 20W,0,0,"Obsolete","0","1","Sirus","Obsolete","Lamp, Articulating","-","-","Halogen, 20W","31.50"" (800.1mm)","Black","Edge Clamp","-"
//media.digikey.com/pdf/Data%20Sheets/Aven%20PDFs/26525.pdf,-,26525AV-ND,26525,Aven Tools,LAMP FLEXIBLE HALOGEN 20W,0,0,"Obsolete","0","1","Sirus","Obsolete","Lamp, Flexible","-","-","Halogen, 20W","20.50"" (520.7mm)","Black","Edge Clamp","-"
//media.digikey.com/pdf/Data%20Sheets/Luxo/Wave+Plus%205D.pdf,-,17945LG-ND,17945LG,Luxo,LAMP MAGNIFIER 5 DIOPT 120V 13W,0,0,"Obsolete","0","1","WAVE Plus 5D","Obsolete","Lamp, Magnifier","120V","5 Diopter (2.25x), 6.75"" L x 4.50"" W (171.45mm x 114.30mm)","Fluorescent, 13W (2)","45.00"" (1143.0mm)","Gray","Edge Clamp","-"
//media.digikey.com/pdf/Data%20Sheets/Luxo/CIR025720.pdf,//media.digikey.com/Photos/Luxo%20Photos/MFG_CIR025720.jpg,CIR025720-ND,CIR025720,Luxo,LAMP MAGN3.5 DIOPTER 120V 22W,0,0,"Discontinued at Digi-Key","0","10","Circus","Discontinued at Digi-Key","Lamp, Magnifier","120V","3.5 Diopter (1.85x), 6.50"" (165.10mm) Diameter","Fluorescent, 22W","42.00"" (1066.8mm)","White","Edge Clamp","-"
-,//media.digikey.com/Photos/Aven%20Photos/26505-LED.jpg,243-1200-ND,26505-LED,Aven Tools,LAMP MAGNIFIER 3 DIOPT 115V LED,0,0,"Obsolete","0","1","Mighty Vue","Obsolete","Lamp, Magnifier","115V","3 Diopter (1.75x), 7.00"" L x 6.00"" W (177.80mm x 152.40mm)","LED, White","32.00"" (812.8mm)","White","Edge Clamp","-"
-,-,LFOD220-ND,LFOD220,Luxo,LAMP MAGNIFIER 220V HALOGEN 150W,0,0,"Discontinued at Digi-Key","0","1","-","Discontinued at Digi-Key","Lamp, Magnifier","220V","-","Halogen, 150W","-","-","-","-"
-,//media.digikey.com/Photos/Aven%20Photos/26502-LED.jpg,243-1154-ND,26502-LED,Aven Tools,LAMP MAG 5 DIOPT 110V/220V 60LED,0,0,"Obsolete","0","1","ProVue","Obsolete","Lamp, Magnifier","110V, 220V","5 Diopter (2.25x), 4.75"" (120.00mm) Diameter","LED, White (45)","32.00"" (812.8mm)","White","Edge Clamp","5' (1.52m)"
http://www.aventools.com/wp-content/uploads/2016/10/DigitalCatalog_10-2016_spread.pdf,//media.digikey.com/Photos/Aven%20Photos/26505-ESL5D.jpg,243-1160-ND,26505-ESL5D,Aven Tools,LAMP MAG 5 DIOPTER 115V 36 LEDS,0,0,"Obsolete","0","1","Mighty Vue","Obsolete","Lamp, Magnifier","115V","5 Diopter (2.25x), 7.00"" L x 6.00"" W (177.80mm x 152.40mm)","LED, White (36)","32.00"" (812.8mm)","Black","Edge Clamp","5' (1.52m)"
//media.digikey.com/pdf/Data%20Sheets/Luxo/Wave_Led_Magnifiers.pdf,//media.digikey.com/Photos/Luxo%20Photos/MFG_WAL025968.jpg,WAL025968-ND,WAL025968,Luxo,LAMP MAGNIFIER 3.5 DIOPT LED 6W,0,0,"Discontinued at Digi-Key","0","1","Wave® LED","Discontinued at Digi-Key","Lamp, Magnifier","-","3.5 Diopter (1.88x), 6.75"" L x 4.50"" W (171.45mm x 114.30mm)","LED, 6W","45.00"" (1143.0mm)","Light Gray","Edge Clamp","-"
//media.digikey.com/pdf/Data%20Sheets/Luxo/Wave_Led_Magnifiers.pdf,//media.digikey.com/Photos/Luxo%20Photos/MFG_WAL025970.jpg,WAL025970-ND,WAL025970,Luxo,LAMP MAGNIFIER 3.5 DIOPT LED 6W,0,0,"Discontinued at Digi-Key","0","1","Wave® LED","Discontinued at Digi-Key","Lamp, Magnifier","-","3.5 Diopter (1.88x), 6.75"" L x 4.50"" W (171.45mm x 114.30mm)","LED, 6W","30.00"" (762.0mm)","Light Gray","Edge Clamp","-"
//media.digikey.com/pdf/Data%20Sheets/Luxo/Wave_Led_Magnifiers.pdf,//media.digikey.com/Photos/Luxo%20Photos/MFG_WAL026133.jpg,WAL026133-ND,WAL026133,Luxo,LAMP MAGNIFIER 3.5 DIOPT LED 6W,0,0,"Discontinued at Digi-Key","0","2","Wave® LED","Discontinued at Digi-Key","Lamp, Magnifier","-","3.5 Diopter (1.88x), 6.75"" L x 4.50"" W (171.45mm x 114.30mm)","LED, 6W","30.00"" (762.0mm)","Light Gray","Base, Weighted","-"
//media.digikey.com/pdf/Data%20Sheets/Luxo/Wave_Led_Magnifiers.pdf,//media.digikey.com/Photos/Luxo%20Photos/MFG_WAL025972.jpg,WAL025972-ND,WAL025972,Luxo,LAMP MAGNIFIER 3.5 DIOPT LED 6W,0,0,"Discontinued at Digi-Key","0","1","Wave® LED","Discontinued at Digi-Key","Lamp, Magnifier","-","3.5 Diopter (1.88x), 6.75"" L x 4.50"" W (171.45mm x 114.30mm)","LED, 6W","45.00"" (1143.0mm)","Black","Edge Clamp","-"
//media.digikey.com/pdf/Data%20Sheets/Luxo/Wave_Led_Magnifiers.pdf,//media.digikey.com/Photos/Luxo%20Photos/MFG_WAL025974.jpg,WAL025974-ND,WAL025974,Luxo,LAMP MAGNIFIER 3.5 DIOPT LED 6W,0,0,"Discontinued at Digi-Key","0","1","Wave® LED","Discontinued at Digi-Key","Lamp, Magnifier","-","3.5 Diopter (1.88x), 6.75"" L x 4.50"" W (171.45mm x 114.30mm)","LED, 6W","30.00"" (762.0mm)","Black","Edge Clamp","-"
//media.digikey.com/pdf/Data%20Sheets/Luxo/Wave_Led_Magnifiers.pdf,//media.digikey.com/Photos/Luxo%20Photos/MFG_WAL026134.jpg,WAL026134-ND,WAL026134,Luxo,LAMP MAGNIFIER 3.5 DIOPT LED 6W,0,0,"Discontinued at Digi-Key","0","2","Wave® LED","Discontinued at Digi-Key","Lamp, Magnifier","-","3.5 Diopter (1.88x), 6.75"" L x 4.50"" W (171.45mm x 114.30mm)","LED, 6W","30.00"" (762.0mm)","Black","Base, Weighted","-"
//media.digikey.com/pdf/Data%20Sheets/Luxo/Wave_Led_Magnifiers.pdf,//media.digikey.com/Photos/Luxo%20Photos/MFG_WAL025969.jpg,L969-ND,WAL025969,Luxo,LAMP MAGNIFIER 5 DIOPTER LED 6W,0,0,"Discontinued at Digi-Key","0","1","Wave® LED","Discontinued at Digi-Key","Lamp, Magnifier","120VAC","5 Diopter (2.25x), 6.75"" L x 4.50"" W (171.45mm x 114.30mm)","LED, 6W","45.00"" (1143.0mm)","Light Gray","Edge Clamp","-"
//media.digikey.com/pdf/Data%20Sheets/Luxo/KFM-LED.pdf,//media.digikey.com/Photos/Luxo%20Photos/MFG_KFL026023.jpg,KFL026023-ND,KFL026023,Luxo,LAMP MAG 3 DIOPTER LED 9W,0,0,"Discontinued at Digi-Key","0","1","KFM™ LED","Discontinued at Digi-Key","Lamp, Magnifier","-","3 Diopter (1.75x), 5.00"" (127.00mm) Diameter","LED, 9W","45.00"" (1143.0mm)","Black","Edge Clamp","-"
//media.digikey.com/pdf/Data%20Sheets/Luxo/KFM-LED.pdf,//media.digikey.com/Photos/Luxo%20Photos/MFG_KFL026022.jpg,KFL026022-ND,KFL026022,Luxo,LAMP MAG 3 DIOPTER LED 9W,0,0,"Discontinued at Digi-Key","0","1","KFM™ LED","Discontinued at Digi-Key","Lamp, Magnifier","-","3 Diopter (1.75x), 5.00"" (127.00mm) Diameter","LED, 9W","45.00"" (1143.0mm)","Light Gray","Edge Clamp","-"
//media.digikey.com/pdf/Data%20Sheets/Luxo/KFM-LED.pdf,//media.digikey.com/Photos/Luxo%20Photos/MFG_KFL026025.jpg,KFL026025-ND,KFL026025,Luxo,LAMP MAG 5 DIOPTER LED 9W,0,0,"Discontinued at Digi-Key","0","1","KFM™ LED","Discontinued at Digi-Key","Lamp, Magnifier","-","5 Diopter (2.25x), 5.00"" (127.00mm) Diameter","LED, 9W","45.00"" (1143.0mm)","Black","Edge Clamp","-"
//media.digikey.com/pdf/Data%20Sheets/Luxo/KFM-LED.pdf,//media.digikey.com/Photos/Luxo%20Photos/MFG_KFL026024.jpg,KFL026024-ND,KFL026024,Luxo,LAMP MAG 5 DIOPTER LED 9W,0,0,"Discontinued at Digi-Key","0","1","KFM™ LED","Discontinued at Digi-Key","Lamp, Magnifier","-","5 Diopter (2.25x), 5.00"" (127.00mm) Diameter","LED, 9W","45.00"" (1143.0mm)","Light Gray","Edge Clamp","-"
//media.digikey.com/pdf/Data%20Sheets/Luxo/KFM-LED.pdf,//media.digikey.com/Photos/Luxo%20Photos/MFG_KFL026127.jpg,KFL026127-ND,KFL026127,Luxo,LAMP MAG 3 DIOPTER LED 9W,0,0,"Discontinued at Digi-Key","0","2","KFM™ LED","Discontinued at Digi-Key","Lamp, Magnifier","-","3 Diopter (1.75x), 5.00"" (127.00mm) Diameter","LED, 9W","30.00"" (762.0mm)","Black","Base, Weighted","-"
http://www.avenconnect.com/product_sheets/26530-LED.pdf,//media.digikey.com/Photos/Aven%20Photos/26530-LED.jpg,26530-LED-ND,26530-LED,Aven Tools,LAMP FLEXIBLE 100V 240V 24 LEDS,0,0,"Obsolete","0","1","Machine Tool","Obsolete","Lamp, Flexible","100V, 240V","-","LED, White (24)","18.00"" (457.2mm)","Black","Base, Magnetic","5' (1.52m)"
http://www.avenconnect.com/product_sheets/26531-LED.pdf,//media.digikey.com/Photos/Aven%20Photos/26531-LED.jpg,26531-LED-ND,26531-LED,Aven Tools,LAMP FLEXIBLE 100V 240V LED,0,0,"Obsolete","0","1","Machine Tool","Obsolete","Lamp, Flexible","100V, 240V","-","LED, White","18.00"" (457.2mm)","Black","Edge Clamp","5' (1.52m)"
http://www.avenconnect.com/product_sheets/26532-LED.pdf,//media.digikey.com/Photos/Aven%20Photos/26532-LED.jpg,26532-LED-ND,26532-LED,Aven Tools,LAMP FLEXIBLE 100V 240V 36 LEDS,0,0,"Obsolete","0","1","Machine Tool","Obsolete","Lamp, Flexible","100V, 240V","-","LED, White (36)","36.00"" (914.4mm)","Black","Edge Clamp","5' (1.52m)"
http://www.avenconnect.com/product_sheets/26533-LED.pdf,//media.digikey.com/Photos/Aven%20Photos/26533-LED.jpg,26533-LED-ND,26533-LED,Aven Tools,LAMP FLEXIBLE 100V 240V 36 LEDS,0,0,"Obsolete","0","1","Machine Tool","Obsolete","Lamp, Flexible","100V, 240V","-","LED, White (36)","23.00"" (584.2mm)","Black","Edge Clamp","5' (1.52m)"
http://www.avenconnect.com/product_sheets/26502-LED-STN.pdf,//media.digikey.com/Photos/Aven%20Photos/26502-LED-STN.jpg,26502-LED-STN-ND,26502-LED-STN,Aven Tools,LAMP MAG 5 DIOPT 110V/220V 45LED,0,0,"Obsolete","0","1","ProVue","Obsolete","Lamp, Magnifier","110V, 220V","5 Diopter (2.25x), 4.75"" (120.00mm) Diameter","LED, (45)","32.00"" (812.8mm)","White","Base, Weighted","-"
http://www.avenconnect.com/product_sheets/26505-LED-STN.pdf,//media.digikey.com/Photos/Aven%20Photos/26505-LED-STN.jpg,26505-LED-STN-ND,26505-LED-STN,Aven Tools,LAMP MAG 3 DIOPTER 115V 36 LEDS,0,0,"Obsolete","0","1","Mighty Vue","Obsolete","Lamp, Magnifier","115V","3 Diopter (1.75x), 7.00"" L x 6.00"" W (177.80mm x 152.40mm)","LED, White (36)","32.00"" (812.8mm)","White","Base, Weighted","-"
http://www.avenconnect.com/product_sheets/26506-ELV.pdf,-,26506-ELV-ND,26506-ELV,Aven Tools,LAMP MAG 3 DIOPTER 115V 78 LEDS,0,0,"Obsolete","0","1","MaxiVue","Obsolete","Lamp, Magnifier","115V","3 Diopter (1.75x), 6.25"" L x 4.25"" W (158.75mm x 107.95mm)","LED, White (48), UV (30)","32.00"" (812.8mm)","Black","Edge Clamp","5' (1.52m)"
//media.digikey.com/pdf/Data%20Sheets/Luxo/CIR025725.pdf,//media.digikey.com/Photos/Luxo%20Photos/MFG_CIR025725.jpg,CIR025725-ND,CIR025725,Luxo,LAMP MAG 5 DIOPT 120V FLSNT 22W,0,0,"Discontinued at Digi-Key","0","11","Circus","Discontinued at Digi-Key","Lamp, Magnifier","120V","5 Diopter (2.25x), 6.50"" (165.10mm) Diameter","Fluorescent, 22W","39.40"" (1000.8mm)","Gray","Edge Clamp","6' (1.83m)"
//media.digikey.com/pdf/Data%20Sheets/Luxo/KEK025824.pdf,//media.digikey.com/Photos/Luxo%20Photos/MFG_KFK025824.jpg,KFK025824-ND,KFK025824,Luxo,LAMP MAG 3 DIOPT 120V FLSNT  22W,0,0,"Discontinued at Digi-Key","0","1","KFM","Discontinued at Digi-Key","Lamp, Magnifier","120V","3 Diopter (1.75x), 5.00"" (127.00mm) Diameter","Fluorescent, 22W","30.00"" (762.0mm)","Gray","Edge Clamp","6' (1.83m)"
//media.digikey.com/pdf/Data%20Sheets/Luxo/KFK025827.pdf,//media.digikey.com/Photos/Luxo%20Photos/MFG_KFK025827.jpg,KFK025827-ND,KFK025827,Luxo,LAMP MAG 5 DIOPT 120V FLSNT  22W,0,0,"Discontinued at Digi-Key","0","1","KFM","Discontinued at Digi-Key","Lamp, Magnifier","120V","5 Diopter (2.25x), 5.00"" (127.00mm) Diameter","Fluorescent, 22W","30.00"" (762.0mm)","Gray","Edge Clamp","6' (1.83m)"
//media.digikey.com/pdf/Data%20Sheets/Luxo/KFK025786.pdf,//media.digikey.com/Photos/Luxo%20Photos/MFG_KFK025786.jpg,KFK025786-ND,KFK025786,Luxo,LAMP MAG 5 DIOPT 120V FLSNT  22W,0,0,"Discontinued at Digi-Key","0","2","KFM","Discontinued at Digi-Key","Lamp, Magnifier","120V","5 Diopter (2.25x), 5.00"" (127.00mm) Diameter","Fluorescent, 22W","30.00"" (762.0mm)","Black","Base, Weighted","6' (1.83m)"
//media.digikey.com/pdf/Data%20Sheets/Luxo/KFK025790.pdf,//media.digikey.com/Photos/Luxo%20Photos/MFG_KFK025790.jpg,KFK025790-ND,KFK025790,Luxo,LAMP MAG 5 DIOPT 120V FLSNT  22W,0,0,"Discontinued at Digi-Key","0","2","KFM","Discontinued at Digi-Key","Lamp, Magnifier","120V","5 Diopter (2.25x), 5.00"" (127.00mm) Diameter","Fluorescent, 22W","30.00"" (762.0mm)","Light Gray","Base, Weighted","6' (1.83m)"
//media.digikey.com/pdf/Data%20Sheets/Luxo/KFL026152.pdf,//media.digikey.com/Photos/Luxo%20Photos/MFG_KFL026152.jpg,KFL026152-ND,KFL026152,Luxo,LAMP MAG 5 DIOPT 120V LED 11W,0,0,"Discontinued at Digi-Key","0","2","KFM LED","Discontinued at Digi-Key","Lamp, Magnifier","120V","5 Diopter (2.25x), 5.00"" (127.00mm) Diameter","LED, 11W","30.00"" (762.0mm)","Black","Base, Weighted","-"
//media.digikey.com/pdf/Data%20Sheets/Luxo/KFL026128.pdf,//media.digikey.com/Photos/Luxo%20Photos/MFG_KFL026128.jpg,KFL026128-ND,KFL026128,Luxo,LAMP MAG 5 DIOPT 120V LED 11W,0,0,"Discontinued at Digi-Key","0","2","KFM LED","Discontinued at Digi-Key","Lamp, Magnifier","120V","5 Diopter (2.25x), 5.00"" (127.00mm) Diameter","LED, 11W","30.00"" (762.0mm)","Gray","Base, Weighted","-"
//media.digikey.com/pdf/Data%20Sheets/Luxo/KFL026027.pdf,//media.digikey.com/Photos/Luxo%20Photos/MFG_KFL026027.jpg,KFL026027-ND,KFL026027,Luxo,LAMP MAG 5 DIOPT 120V LED 11W,0,0,"Discontinued at Digi-Key","0","1","KFM LED","Discontinued at Digi-Key","Lamp, Magnifier","120V","5 Diopter (2.25x), 5.00"" (127.00mm) Diameter","LED, 11W","45.00"" (1143.0mm)","Black","Edge Clamp","-"
//media.digikey.com/pdf/Data%20Sheets/Luxo/LFL026106.pdf,//media.digikey.com/Photos/Luxo%20Photos/MFG_LFL026106.jpg,LFG028206-ND,LFG028206,Luxo,LAMP MAG 3 DIOPT 120V LED 10W,0,0,"Discontinued at Digi-Key","0","1","LFM LED","Discontinued at Digi-Key","Lamp, Magnifier","120V","3 Diopter (1.75x), 5.00"" (127.00mm) Diameter","LED, 10W","45.00"" (1143.0mm)","Gray","Edge Clamp","-"
//media.digikey.com/pdf/Data%20Sheets/Luxo/18351LG.pdf,//media.digikey.com/Photos/Luxo%20Photos/MFG_18351LG.jpg,18351LG-ND,18351LG,Luxo,LAMP MAGNIFIER 3 DIOPT 120V LED,0,0,"Discontinued at Digi-Key","0","2","LFM LED","Discontinued at Digi-Key","Lamp, Magnifier","120V","3 Diopter (1.75x), 5.00"" (127.00mm) Diameter","LED","30.00"" (762.0mm)","Gray","Base, Weighted","-"
//media.digikey.com/pdf/Data%20Sheets/Luxo/18353LG.pdf,//media.digikey.com/Photos/Luxo%20Photos/MFG_18353LG.jpg,18353LG-ND,18353LG,Luxo,LAMP MAGNIFIER 5 DIOPT 120V LED,0,0,"Discontinued at Digi-Key","0","2","LFM LED","Discontinued at Digi-Key","Lamp, Magnifier","120V","5 Diopter (2.25x), 5.00"" (127.00mm) Diameter","LED","30.00"" (762.0mm)","Gray","Base, Weighted","-"
//media.digikey.com/pdf/Data%20Sheets/Luxo/WAL026135.pdf,//media.digikey.com/Photos/Luxo%20Photos/MFG_WAL026135.jpg,WAL026135-ND,WAL026135,Luxo,LAMP MAG 5 DIOPT 120V LED 12W,0,0,"Discontinued at Digi-Key","0","2","Wave® LED","Discontinued at Digi-Key","Lamp, Magnifier","120V","5 Diopter (2.25x)","LED, 12W","30.00"" (762.0mm)","Gray","Base, Weighted","-"
//media.digikey.com/pdf/Data%20Sheets/Luxo/WAL025973.pdf,//media.digikey.com/Photos/Luxo%20Photos/MFG_WAL025973.jpg,WAL025973-ND,WAL025973,Luxo,LAMP MAG 5 DIOPT 120V 2 LEDS 12W,0,0,"Discontinued at Digi-Key","0","1","Wave LED","Discontinued at Digi-Key","Lamp, Magnifier","120V","5 Diopter (2.25x)","LED, 12W","45.00"" (1143.0mm)","Black","Edge Clamp","-"
//media.digikey.com/pdf/Data%20Sheets/Luxo/KFL026028.pdf,//media.digikey.com/Photos/Luxo%20Photos/MFG_KFL026028.jpg,KFL026028-ND,KFL026028,Luxo,LAMP MAG 3 DIOPTER 120V LED 11W,0,0,"Discontinued at Digi-Key","0","1","KFM LED","Discontinued at Digi-Key","Lamp, Magnifier","120V","3 Diopter (1.75x), 5.00"" (127.00mm) Diameter","LED, 11W","30.00"" (762.0mm)","Gray","Edge Clamp","-"
//media.digikey.com/pdf/Data%20Sheets/Luxo/KFL026029.pdf,//media.digikey.com/Photos/Luxo%20Photos/MFG_KFL026029.jpg,KFL026029-ND,KFL026029,Luxo,LAMP MAG 5 DIOPTER 120V LED 11W,0,0,"Discontinued at Digi-Key","0","1","KFM LED","Discontinued at Digi-Key","Lamp, Magnifier","120V","5 Diopter (2.25x), 5.00"" (127.00mm) Diameter","LED, 11W","30.00"" (762.0mm)","Gray","Edge Clamp","-"
//media.digikey.com/pdf/Data%20Sheets/Luxo/LFL026107.pdf,//media.digikey.com/Photos/Luxo%20Photos/MFG_LFL026107.jpg,LFG028207-ND,LFG028207,Luxo,LAMP MAG 5 DIOPTER 120V LED 10W,0,0,"Discontinued at Digi-Key","0","1","LFM LED","Discontinued at Digi-Key","Lamp, Magnifier","120V","5 Diopter (2.25x), 5.00"" (127.00mm) Diameter","LED, 10W","45.00"" (1143.0mm)","Gray","Edge Clamp","-"
//media.digikey.com/pdf/Data%20Sheets/Luxo/LFL026108.pdf,//media.digikey.com/Photos/Luxo%20Photos/MFG_LFL026108.jpg,LFL026108-ND,LFL026108,Luxo,LAMP MAG 3 DIOPTER 120V LED 10W,0,0,"Discontinued at Digi-Key","0","1","LFM LED","Discontinued at Digi-Key","Lamp, Magnifier","120V","3 Diopter (1.75x), 5.00"" (127.00mm) Diameter","LED, 10W","30.00"" (762.0mm)","Gray","Edge Clamp","-"
//media.digikey.com/pdf/Data%20Sheets/Luxo/LFL026109.pdf,//media.digikey.com/Photos/Luxo%20Photos/MFG_LFL026109.jpg,LFL026109-ND,LFL026109,Luxo,LAMP MAG 5 DIOPTER 120V LED 10W,0,0,"Discontinued at Digi-Key","0","1","LFM LED","Discontinued at Digi-Key","Lamp, Magnifier","120V","5 Diopter (2.25x), 5.00"" (127.00mm) Diameter","LED, 10W","30.00"" (762.0mm)","Gray","Edge Clamp","-"
//media.digikey.com/pdf/Data%20Sheets/Luxo/WAL025971.pdf,//media.digikey.com/Photos/Luxo%20Photos/MFG_WAL025971.jpg,WAL025971-ND,WAL025971,Luxo,LAMP MAG 5 DIOPTER 120V LED 12W,0,0,"Discontinued at Digi-Key","0","1","Wave LED","Discontinued at Digi-Key","Lamp, Magnifier","120V","5 Diopter (2.25x), 6.75"" L x 4.50"" W (171.45mm x 114.30mm)","LED, 12W","30.00"" (762.0mm)","Gray","Edge Clamp","-"
//media.digikey.com/pdf/Data%20Sheets/Luxo/Industrial_Products_cat_3-2017.pdf,//media.digikey.com/Photos/Luxo%20Photos/MFG_WAL026408.jpg,WAL026408-ND,WAL026408,Luxo,LAMP MAG 3.5 DIOPT 120V LED 12W,0,0,"Discontinued at Digi-Key","0","1","Wave® LED","Discontinued at Digi-Key","Lamp, Magnifier","120V","3.5 Diopter (1.88x), 6.75"" L x 4.50"" W (171.45mm x 114.30mm)","LED, 12W","45.00"" (1143.0mm)","Gray","Edge Clamp","-"
//media.digikey.com/pdf/Data%20Sheets/Luxo/AIL024541.pdf,//media.digikey.com/Photos/Luxo%20Photos/MFG_AIL024541.jpg,AIL024541-ND,AIL024541,Luxo,LAMP ARTICULATING 240V LED 6W,0,0,"Obsolete","0","1","AIR","Obsolete","Lamp, Articulating","240V","-","LED, 6W","24.00"" (609.6mm)","Black","Edge Clamp","-"
//media.digikey.com/pdf/Data%20Sheets/Luxo/AIL024542.pdf,//media.digikey.com/Photos/Luxo%20Photos/MFG_AIL024542.jpg,AIL024542-ND,AIL024542,Luxo,LAMP ARTICULATING 240V LED 6W,0,0,"Obsolete","0","1","AIR","Obsolete","Lamp, Articulating","240V","-","LED, 6W","24.00"" (609.6mm)","Silver Gray","Edge Clamp","-"
//media.digikey.com/pdf/Data%20Sheets/Luxo/SPL026325.pdf,//media.digikey.com/Photos/Luxo%20Photos/MFG_SPL026325.jpg,SPL026325-ND,SPL026325,Luxo,LAMP ARTICULATING 240V LED 11W,0,0,"Obsolete","0","1","Split","Obsolete","Lamp, Articulating","240V","-","LED, 11W","31.50"" (800.1mm)","Silver Gray","Edge Clamp","6' (1.83m)"
//media.digikey.com/pdf/Data%20Sheets/Luxo/SPL026326.pdf,//media.digikey.com/Photos/Luxo%20Photos/MFG_SPL026326.jpg,SPL026326-ND,SPL026326,Luxo,LAMP ARTICULATING 240V LED 11W,0,0,"Obsolete","0","1","Split","Obsolete","Lamp, Articulating","240V","-","LED, 11W","31.50"" (800.1mm)","White","Edge Clamp","6' (1.83m)"
//media.digikey.com/pdf/Data%20Sheets/Luxo/SPL026327.pdf,//media.digikey.com/Photos/Luxo%20Photos/MFG_SPL026327.jpg,SPL026327-ND,SPL026327,Luxo,LAMP ARTICULATING 240V LED 11W,0,0,"Obsolete","0","1","Split","Obsolete","Lamp, Articulating","240V","-","LED, 11W","31.50"" (800.1mm)","Black","Edge Clamp","6' (1.83m)"
//media.digikey.com/pdf/Data%20Sheets/Luxo/16012BK.pdf,//media.digikey.com/Photos/Luxo%20Photos/MFG_16012BK.jpg,16012BK-ND,16012BK,Luxo,LAMP ARTICULATING 120V LED 11W,0,0,"Obsolete","0","1","Split","Obsolete","Lamp, Articulating","120V","-","LED, 11W","31.50"" (800.1mm)","Black","Base, Weighted","6' (1.83m)"
//media.digikey.com/pdf/Data%20Sheets/Luxo/16013SG.pdf,//media.digikey.com/Photos/Luxo%20Photos/MFG_16013SG.jpg,16013SG-ND,16013SG,Luxo,LAMP ARTICULATING 120V LED 11W,0,0,"Obsolete","0","1","Split","Obsolete","Lamp, Articulating","120V","-","LED, 11W","31.50"" (800.1mm)","Silver Gray","Base, Weighted","6' (1.83m)"
//media.digikey.com/pdf/Data%20Sheets/Luxo/16013WT.pdf,//media.digikey.com/Photos/Luxo%20Photos/MFG_16013WT.jpg,16013WT-ND,16013WT,Luxo,LAMP ARTICULATING 120V LED 11W,0,0,"Obsolete","0","1","Split","Obsolete","Lamp, Articulating","120V","-","LED, 11W","31.50"" (800.1mm)","White","Base, Weighted","6' (1.83m)"
//media.digikey.com/pdf/Data%20Sheets/Luxo/16345LG.pdf,//media.digikey.com/Photos/Luxo%20Photos/MFG_16345LG.jpg,16345LG-ND,16345LG,Luxo,LAMP MAGNIFIER 1.75X FLUOR 22W,0,0,"Discontinued at Digi-Key","0","9","IFM","Discontinued at Digi-Key","Lamp, Magnifier","120V","3 Diopter (1.75x), 5.00"" (127.00mm) Diameter","Fluorescent, 22W","45.00"" (1143.0mm)","Light Gray","Edge Clamp","6' (1.83m)"
//media.digikey.com/pdf/Data%20Sheets/Luxo/16346LG.pdf,//media.digikey.com/Photos/Luxo%20Photos/MFG_16345LG.jpg,16346LG-ND,16346LG,Luxo,LAMP MAGNIFIER 2.25X FLUOR 22W,0,0,"Discontinued at Digi-Key","0","9","IFM","Discontinued at Digi-Key","Lamp, Magnifier","120V","5 Diopter (2.25x), 5.00"" (127.00mm) Diameter","Fluorescent, 22W","45.00"" (1143.0mm)","Light Gray","Edge Clamp","6' (1.83m)"
//media.digikey.com/pdf/Data%20Sheets/Luxo/16350LG.pdf,//media.digikey.com/Photos/Luxo%20Photos/MFG_16345LG.jpg,16350LG-ND,16350LG,Luxo,LAMP MAGNIFIER 1.75X FLUOR 22W,0,0,"Discontinued at Digi-Key","0","9","IFM","Discontinued at Digi-Key","Lamp, Magnifier","120V","3 Diopter (1.75x), 5.00"" (127.00mm) Diameter","Fluorescent, 22W","30.00"" (762.0mm)","Light Gray","Edge Clamp","6' (1.83m)"
//media.digikey.com/pdf/Data%20Sheets/Luxo/16351LG.pdf,//media.digikey.com/Photos/Luxo%20Photos/MFG_1635xLG.jpg,16351LG-ND,16351LG,Luxo,LAMP MAGNIFIER 1.75X FLUOR 22W,0,0,"Discontinued at Digi-Key","0","30","IFM","Discontinued at Digi-Key","Lamp, Magnifier","120V","3 Diopter (1.75x), 5.00"" (127.00mm) Diameter","Fluorescent, 22W","30.00"" (762.0mm)","Light Gray","Base, Weighted","6' (1.83m)"
//media.digikey.com/pdf/Data%20Sheets/Luxo/16352LG.pdf,//media.digikey.com/Photos/Luxo%20Photos/MFG_16345LG.jpg,16352LG-ND,16352LG,Luxo,LAMP MAGNIFIER 2.25X FLUOR 22W,0,0,"Discontinued at Digi-Key","0","9","IFM","Discontinued at Digi-Key","Lamp, Magnifier","120V","5 Diopter (2.25x), 5.00"" (127.00mm) Diameter","Fluorescent, 22W","30.00"" (762.0mm)","Light Gray","Edge Clamp","6' (1.83m)"
//media.digikey.com/pdf/Data%20Sheets/Luxo/16353LG.pdf,//media.digikey.com/Photos/Luxo%20Photos/MFG_1635xLG.jpg,16353LG-ND,16353LG,Luxo,LAMP MAGNIFIER 2.25X FLUOR 22W,0,0,"Discontinued at Digi-Key","0","31","IFM","Discontinued at Digi-Key","Lamp, Magnifier","120V","5 Diopter (2.25x), 5.00"" (127.00mm) Diameter","Fluorescent, 22W","30.00"" (762.0mm)","Light Gray","Base, Weighted","6' (1.83m)"
-,-,CIL026698-ND,CIL026698,Luxo,LAMP MAGNIFIER 1.88X LED 10W,0,0,"Discontinued at Digi-Key","0","9","Circus","Discontinued at Digi-Key","Lamp, Magnifier","120V","3.5 Diopter (1.88x), 6.50"" (165.10mm) Diameter","LED, 10W","45.00"" (1143.0mm)","White","Edge Clamp","6' (1.83m)"
-,-,CIL026699-ND,CIL026699,Luxo,LAMP MAGNIFIER 2.25X LED 10W,0,0,"Discontinued at Digi-Key","0","10","Circus","Discontinued at Digi-Key","Lamp, Magnifier","120V","5 Diopter (2.25x), 6.50"" (165.10mm) Diameter","LED, 10W","45.00"" (1143.0mm)","White","Edge Clamp","6' (1.83m)"
//media.digikey.com/pdf/Data%20Sheets/Luxo/KFK025822.pdf,//media.digikey.com/Photos/Luxo%20Photos/MFG_KFK025822.jpg,KFK025822-ND,KFK025822,Luxo,LAMP MAGNIFIER 2.25X FLUOR 22W,0,0,"Discontinued at Digi-Key","0","1","KFM","Discontinued at Digi-Key","Lamp, Magnifier","120V","5 Diopter (2.25x), 5.00"" (127.00mm) Diameter","Fluorescent, 22W","45.00"" (1143.0mm)","White","Edge Clamp","6' (1.83m)"
//media.digikey.com/pdf/Data%20Sheets/Luxo/KFL026026.pdf,-,KFL026026-ND,KFL026026,Luxo,LAMP MAGNIFIER 2.25X LED 11W,0,0,"Discontinued at Digi-Key","0","1","KFM","Discontinued at Digi-Key","Lamp, Magnifier","240V","5 Diopter (2.25x), 5.00"" (127.00mm) Diameter","LED, 11W","45.00"" (1143.0mm)","White","Edge Clamp","-"
-,-,KFL026030-ND,KFL026030,Luxo,LAMP MAGNIFIER 2.25X LED 11W,0,0,"Discontinued at Digi-Key","0","1","KFM","Discontinued at Digi-Key","Lamp, Magnifier","120V","5 Diopter (2.25x), 5.00"" (127.00mm) Diameter","LED, 11W","30.00"" (762.0mm)","Black","Edge Clamp","-"
//media.digikey.com/pdf/Data%20Sheets/Luxo/KFL026093.pdf,//media.digikey.com/Photos/Luxo%20Photos/MFG_KFL026093.jpg,KFL026093-ND,KFL026093,Luxo,LAMP MAGNIFIER 1.75X LED 11W,0,0,"Discontinued at Digi-Key","0","1","KFM","Discontinued at Digi-Key","Lamp, Magnifier","120V","3 Diopter (1.75x), 5.00"" (127.00mm) Diameter","LED, 11W","45.00"" (1143.0mm)","Black","Edge Clamp","-"
//media.digikey.com/pdf/Data%20Sheets/Luxo/KFL026274.pdf,//media.digikey.com/Photos/Luxo%20Photos/MFG_KFL026274.jpg,KFL026274-ND,KFL026274,Luxo,LAMP MAGNIFIER 1.75X LED 11W,0,0,"Discontinued at Digi-Key","0","1","KFM","Discontinued at Digi-Key","Lamp, Magnifier","240V","3 Diopter (1.75x), 5.00"" (127.00mm) Diameter","LED, 11W","45.00"" (1143.0mm)","White","Edge Clamp","-"
//media.digikey.com/pdf/Data%20Sheets/Luxo/LFL026465.pdf,//media.digikey.com/Photos/Luxo%20Photos/MFG_LFL026465.jpg,LFL026465-ND,LFL026465,Luxo,LAMP MAGNIFIER 2.25X LED 7W,0,0,"Discontinued at Digi-Key","0","1","LFM","Discontinued at Digi-Key","Lamp, Magnifier","120V","5 Diopter (2.25x), 5.00"" (127.00mm) Diameter","LED, 7W","45.00"" (1143.0mm)","White","Edge Clamp","-"
//media.digikey.com/pdf/Data%20Sheets/Luxo/WAL026409.pdf,//media.digikey.com/Photos/Luxo%20Photos/MFG_WAL026409.jpg,WAL026409-ND,WAL026409,Luxo,LAMP MAGNIFIER 2.25X LED 12W,0,0,"Discontinued at Digi-Key","0","1","WaveLED-UV","Discontinued at Digi-Key","Lamp, Magnifier","240V","5 Diopter (2.25x), 6.75"" L x 4.50"" W (171.45mm x 114.30mm)","LED, 12W","45.00"" (1143.0mm)","Gray","Edge Clamp","5' (1.52m)"
//media.digikey.com/pdf/Data%20Sheets/Luxo/WAL026445.pdf,//media.digikey.com/Photos/Luxo%20Photos/MFG_WAL026445.jpg,WAL026445-ND,WAL026445,Luxo,LAMP MAGNIFIER 2.25X LED 12W,0,0,"Discontinued at Digi-Key","0","1","WaveLED-UV","Discontinued at Digi-Key","Lamp, Magnifier","240V","5 Diopter (2.25x), 6.75"" L x 4.50"" W (171.45mm x 114.30mm)","LED, 12W","45.00"" (1143.0mm)","White","Edge Clamp","5' (1.52m)"
//media.digikey.com/pdf/Data%20Sheets/Luxo/WAL026780.pdf,//media.digikey.com/Photos/Luxo%20Photos/MFG_WAL02678x.jpg,WAL026780-ND,WAL026780,Luxo,LAMP MAGNIFIER 1.75X LED 12W,0,0,"Discontinued at Digi-Key","0","1","WaveLED-UV","Discontinued at Digi-Key","Lamp, Magnifier","240V","3 Diopter (1.75x), 6.75"" L x 4.50"" W (171.45mm x 114.30mm)","LED, 12W","45.00"" (1143.0mm)","Black","Edge Clamp","1.7' (0.52m)"
//media.digikey.com/pdf/Data%20Sheets/Luxo/WAL026781.pdf,//media.digikey.com/Photos/Luxo%20Photos/MFG_WAL02678x.jpg,WAL026781-ND,WAL026781,Luxo,LAMP MAGNIFIER 2.25X LED 12W,0,0,"Discontinued at Digi-Key","0","1","WaveLED-UV","Discontinued at Digi-Key","Lamp, Magnifier","240V","5 Diopter (2.25x), 6.75"" L x 4.50"" W (171.45mm x 114.30mm)","LED, 12W","45.00"" (1143.0mm)","Black","Edge Clamp","1.7' (0.52m)"
