Datasheets,Image,Digi-Key Part Number,Manufacturer Part Number,Manufacturer,Description,Quantity Available,Factory Stock,Unit Price (USD),@ qty,Minimum Quantity,"Series","Part Status","Tool Type","For Use With/Related Products"
http://www.essentracomponents.com.sg/images-line/pdfs/CAT.pdf,//media.digikey.com/Photos/Essentra%20Components%20Photos/CAT-15-PP-BU.jpg,RP836-ND,CAT-08-PP,Essentra Components,INSTALLATION TOOL PP ORANGE 1PC,374,0,"4.21000","0","1","-","Active","Installation Tool","SHR-08 Slit Harness Wrap"
http://www.essentracomponents.com/wcsstore7.00.00.1079/ExtendedSitesCatalogAssetStore/images/Web%20Feed%20Documents/std.lang.all/26798.pdf,//media.digikey.com/Photos/Essentra%20Components%20Photos/CAT-15-PP-BU.jpg,RPC3557-ND,CAT-15-PP,Essentra Components,INSTALLATION TOOL PP ORANGE 1PC,201,0,"4.34000","0","1","-","Active","Installation Tool","SHR-15 Slit Harness Wrap"
http://www.essentracomponents.com.sg/images-line/pdfs/CAT.pdf,//media.digikey.com/Photos/Essentra%20Components%20Photos/CAT-15-PP-BU.jpg,RP837-ND,CAT-15-PP-BU,Essentra Components,INSTALLATION TOOL PP ORG 100PC,100,0,"194.88000","0","1","-","Active","Installation Tool","SHR-15 Slit Harness Wrap"
http://cdn.techflex.com/assets/pdfs/how-to/hot-knife.pdf,//media.digikey.com/Photos/Techflex/MFG_HKB0_00WH.jpg,1030-1180-ND,HKB0.00WH,Techflex,BENCH MOUNT HOT KNIFE,13,0,"157.16000","0","1","-","Active","Hot Knife, Bench Mount","Sleeving"
http://cdn.techflex.com/assets/pdfs/how-to/f6-installation-tool.pdf,//media.digikey.com/Photos/Techflex/INN0.25OR.jpg,1030-1189-ND,INN0.25OR,Techflex,F6 INSTALLATION TOOL 1/4"",82,0,"4.24000","0","1","F6","Active","Installation Tool","Split Tubing or Semi-Rigid Sleeving Bundle up to 1/4"""
http://cdn.techflex.com/assets/pdfs/how-to/f6-installation-tool.pdf,//media.digikey.com/Photos/Techflex/INN0.50O.jpg,1030-1190-ND,INN0.50OR,Techflex,F6 INSTALLATION TOOL 1/2"",72,0,"4.95000","0","1","F6","Active","Installation Tool","Split Tubing or Semi-Rigid Sleeving Bundle up to 1/2"""
http://cdn.techflex.com/assets/pdfs/how-to/hot-knife.pdf,//media.digikey.com/Photos/Techflex/RBB0.jpg,1030-1181-ND,RBB0.00SV,Techflex,BLADE REPLACE-BENCH MNT KNIFE,20,0,"30.60000","0","1","-","Active","Replacement Blade","HKB0.00WH Bench Mount Hot Knife"
http://cdn.techflex.com/assets/pdfs/how-to/hot-knife.pdf,//media.digikey.com/Photos/Techflex/HKH0.00BK.jpg,1030-1178-ND,HKH0.00BK,Techflex,HAND HELD HOT KNIFE,8,0,"59.50000","0","1","-","Active","Hot Knife, Hand Held","Sleeving"
https://www.te.com/commerce/DocumentDelivery/DDEController?Action=srchrtrv&DocNm=408-7299&DocType=SS&DocLang=English,-,A127641-ND,500901,TE Connectivity AMP Connectors,SPIRAP HAND TOOL,90,0,"2.53000","0","1","Spirap","Active","Spiral Wrap Guide Tool","Spirap Spiral Wrap 1/8"", 1/4"", 1/2"" Widths"
http://www.essentracomponents.com/wcsstore7.00.00.1079/ExtendedSitesCatalogAssetStore/images/Web%20Feed%20Documents/std.lang.all/26798.pdf,//media.digikey.com/Photos/Essentra%20Components%20Photos/CAT-15-PP-BU.jpg,RPC3559-ND,CAT-20-PP,Essentra Components,INSTALLATION TOOL PP ORANGE 1PC,43,0,"5.08000","0","1","-","Active","Installation Tool","SHR-20 Slit Harness Wrap"
http://www.essentracomponents.com/wcsstore7.00.00.1079/ExtendedSitesCatalogAssetStore/images/Web%20Feed%20Documents/std.lang.all/26798.pdf,//media.digikey.com/Photos/Essentra%20Components%20Photos/CAT-15-PP-BU.jpg,RPC3561-ND,CAT-25-PP,Essentra Components,INSTALLATION TOOL PP ORANGE 1PC,68,0,"5.40000","0","1","-","Active","Installation Tool","SHR-25 Slit Harness Wrap"
http://www.alphawire.com/~/media/Files/MasterCatalog2011/FITWireMgmt.pdf,//media.digikey.com/Photos/Alpha%20Wire%20Photos/MFG_G130T.jpg,G130T1/4OR032-ND,G130T1/4 OR032,Alpha Wire,INSTALL TOOL WRAPPABLE SLV 1/4"",42,0,"7.38000","0","1","FIT®","Active","Installation Tool","FIT® GRP-130, FIT® GRP-130NF 1/4"" Split Flexible Tubing"
http://www.essentracomponents.com/wcsstore7.00.00.1079/ExtendedSitesCatalogAssetStore/images/Web%20Feed%20Documents/std.lang.all/26798.pdf,//media.digikey.com/Photos/Essentra%20Components%20Photos/CAT-15-PP-BU.jpg,RPC3563-ND,CAT-32-PP,Essentra Components,INSTALLATION TOOL PP ORANGE 1PC,52,0,"7.80000","0","1","-","Active","Installation Tool","SHR-32 Slit Harness Wrap"
http://www.panduit.com/heiler/PartDrawings/GB2607DD-R01B%20-%20PWT.pdf,-,298-20330-ND,PWT38,Panduit Corp,PANWRAP INSTALLATION TOOL 3/8"",35,0,"8.95000","0","1","Pan-Wrap™ PW","Active","Installation Tool","Pan-Wrap™ PW 3/8"" Slit Harness Wrap"
http://www.alphawire.com/~/media/Files/MasterCatalog2011/FITWireMgmt.pdf,//media.digikey.com/Photos/Alpha%20Wire%20Photos/MFG_G130T.jpg,G130T1INOR032-ND,G130T1IN OR032,Alpha Wire,INSTALL TOOL WRAPPABLE SLV 1"",32,0,"11.14000","0","1","FIT®","Active","Installation Tool","FIT® GRP-130, FIT® GRP-130NF 1"" Split Flexible Tubing"
http://cdn.techflex.com/assets/pdfs/catalog/cutting-and-install.pdf,//media.digikey.com/Photos/Techflex/MFG_GK60.00BE.jpg,1030-1613-ND,GK60.00BE,Techflex,BENCH MOUNT HOT KNIFE,2,0,"945.40000","0","1","-","Active","Hot Knife, Bench Mount","Sleeving"
http://cdn.techflex.com/assets/pdfs/how-to/f6-installation-tool.pdf,//media.digikey.com/Photos/Techflex/INN0.75OR.jpg,1030-1191-ND,INN0.75OR,Techflex,F6 INSTALLATION TOOL 3/4"",18,0,"5.56000","0","1","F6","Active","Installation Tool","Split Tubing or Semi-Rigid Sleeving Bundle up to 3/4"""
http://cdn.techflex.com/assets/pdfs/how-to/f6-installation-tool.pdf,//media.digikey.com/Photos/Techflex/INN1.00OR.jpg,1030-1192-ND,INN1.00OR,Techflex,F6 INSTALLATION TOOL 1"",9,0,"6.04000","0","1","F6","Active","Installation Tool","Split Tubing or Semi-Rigid Sleeving Bundle up to 1"""
http://cdn.techflex.com/assets/pdfs/how-to/f6-installation-tool.pdf,//media.digikey.com/Photos/Techflex/INN1.50OR.jpg,1030-1193-ND,INN1.50OR,Techflex,F6 INSTALLATION TOOL 1 1/2"",10,0,"7.74000","0","1","F6","Active","Installation Tool","Split Tubing or Semi-Rigid Sleeving Bundle up to 1 1/2"""
http://cdn.techflex.com/assets/pdfs/how-to/hot-knife.pdf,//media.digikey.com/Photos/Techflex/RBH0.00SV.jpg,1030-1179-ND,RBH0.00SV,Techflex,BLADE REPLACE HAND HELD KNIFE,17,0,"15.20000","0","1","-","Active","Replacement Blade","HKH0.00BK Handheld Hot Knife"
https://cl-pdfv10.ae-admin.com/hellermanntyton/files/161-60001.pdf,//media.digikey.com/Photos/HellermannTyton%20Photos/161-60001.jpg,1436-1208-ND,161-60001,HellermannTyton,HELAWRAP APP TOOL 8MM BLU 10/PK,3,0,"47.57000","0","1","Helawrap HAT","Active","Installation Tool","Helawrap 8mm HWPP, HWHPA6-V0 Slit Harness Wrap"
http://www.alphawire.com/~/media/Files/MasterCatalog2011/FITWireMgmt.pdf,//media.digikey.com/Photos/Alpha%20Wire%20Photos/MFG_G130T.jpg,G130T1/2OR032-ND,G130T1/2 OR032,Alpha Wire,INSTALL TOOL WRAPPABLE SLV 1/2"",12,0,"8.39000","0","1","FIT®","Active","Installation Tool","FIT® GRP-130, FIT® GRP-130NF 1/2"" Split Flexible Tubing"
http://www.panduit.com/heiler/CatalogCutSheets/PWT50%20Product%20Page.pdf,//media.digikey.com/Photos/Panduit%20Corp%20Photos/MFG_PWTXXX.jpg,298-14166-ND,PWT50,Panduit Corp,PANWRAP INSTALLATION TOOL 1/2"",11,0,"9.45000","0","1","Pan-Wrap™ PW","Active","Installation Tool","Pan-Wrap™ PW 1/2"" Slit Harness Wrap"
http://www.panduit.com/heiler/CatalogCutSheets/PWT50%20Product%20Page.pdf,//media.digikey.com/Photos/Panduit%20Corp%20Photos/MFG_PWTXXX.jpg,298-14167-ND,PWT75,Panduit Corp,PANWRAP INSTALLATION TOOL 3/4"",13,0,"9.88000","0","1","Pan-Wrap™ PW","Active","Installation Tool","Pan-Wrap™ PW 3/4"" Slit Harness Wrap"
http://www.alphawire.com/~/media/Files/MasterCatalog2011/FITWireMgmt.pdf,//media.digikey.com/Photos/Alpha%20Wire%20Photos/MFG_G130T.jpg,G130T3/4OR032-ND,G130T3/4 OR032,Alpha Wire,INSTALL TOOL WRAPPABLE SLV 3/4"",21,0,"10.17000","0","1","FIT®","Active","Installation Tool","FIT® GRP-130, FIT® GRP-130NF 3/4"" Split Flexible Tubing"
http://www.panduit.com/heiler/CatalogCutSheets/PWT50%20Product%20Page.pdf,//media.digikey.com/Photos/Panduit%20Corp%20Photos/MFG_PWTXXX.jpg,298-14164-ND,PWT100,Panduit Corp,PANWRAP INSTALLATION TOOL 1"",13,0,"11.99000","0","1","Pan-Wrap™ PW","Active","Installation Tool","Pan-Wrap™ PW 1"" Slit Harness Wrap"
http://www.panduit.com/heiler/CatalogCutSheets/PWT50%20Product%20Page.pdf,//media.digikey.com/Photos/Panduit%20Corp%20Photos/MFG_PWTXXX.jpg,298-14165-ND,PWT150,Panduit Corp,PANWRAP INSTALLATION TOOL 1 1/2"",10,0,"13.78000","0","1","Pan-Wrap™ PW","Active","Installation Tool","Pan-Wrap™ PW 1 1/2"" Slit Harness Wrap"
http://www.alphawire.com/~/media/Files/MasterCatalog2011/FITWireMgmt.pdf,//media.digikey.com/Photos/Alpha%20Wire%20Photos/MFG_G130T.jpg,G130T114OR032-ND,G130T114 OR032,Alpha Wire,INSTALL TOOL WRAPPABLE SLV 1-1/4,24,0,"14.11000","0","1","FIT®","Active","Installation Tool","FIT® GRP-130, FIT® GRP-130NF 1 1/4"" Split Flexible Tubing"
http://www.essentracomponents.com/wcsstore7.00.00.1079/ExtendedSitesCatalogAssetStore/images/Web%20Feed%20Documents/std.lang.all/26798.pdf,//media.digikey.com/Photos/Essentra%20Components%20Photos/CAT-15-PP-BU.jpg,RPC3556-ND,CAT-08-PP-BU,Essentra Components,INSTALLATION TOOL PP ORG 100PC,1,0,"155.88000","0","1","-","Active","Installation Tool","SHR-08 Slit Harness Wrap"
http://www.essentracomponents.com/wcsstore7.00.00.1079/ExtendedSitesCatalogAssetStore/images/Web%20Feed%20Documents/std.lang.all/26798.pdf,//media.digikey.com/Photos/Essentra%20Components%20Photos/CAT-15-PP-BU.jpg,RPC3558-ND,CAT-20-PP-BU,Essentra Components,INSTALLATION TOOL PP ORG 100PC,1,0,"249.75000","0","1","-","Active","Installation Tool","SHR-20 Slit Harness Wrap"
http://www.essentracomponents.com/wcsstore7.00.00.1079/ExtendedSitesCatalogAssetStore/images/Web%20Feed%20Documents/std.lang.all/26798.pdf,//media.digikey.com/Photos/Essentra%20Components%20Photos/CAT-15-PP-BU.jpg,RPC3562-ND,CAT-32-PP-BU,Essentra Components,INSTALLATION TOOL PP ORG 100PC,1,0,"267.34000","0","1","-","Active","Installation Tool","SHR-32 Slit Harness Wrap"
http://www.essentracomponents.com/wcsstore7.00.00.1079/ExtendedSitesCatalogAssetStore/images/Web%20Feed%20Documents/std.lang.all/26798.pdf,//media.digikey.com/Photos/Essentra%20Components%20Photos/CAT-15-PP-BU.jpg,RPC3560-ND,CAT-25-PP-BU,Essentra Components,INSTALLATION TOOL PP ORG 100PC,1,0,"278.01000","0","1","-","Active","Installation Tool","SHR-25 Slit Harness Wrap"
https://cl-pdfv10.ae-admin.com/hellermanntyton/files/170-03032.pdf,//media.digikey.com/Photos/HellermannTyton%20Photos/MFG_170-03032.jpg,170-03032-ND,170-03032,HellermannTyton,INSTALL TOOL SPLITWRAP 1/2"" ORG,0,0,"10.10000","0","1","-","Active","Installation Tool","1/2"" Split Wrap Braided Sleeving"
https://cl-pdfv10.ae-admin.com/hellermanntyton/files/170-03067.pdf,//media.digikey.com/Photos/HellermannTyton%20Photos/MFG_170-03067.jpg,170-03067-ND,170-03067,HellermannTyton,INSTALL TOOL SPLITWRAP 1/4"" ORG,0,0,"10.10000","0","1","-","Active","Installation Tool","1/4"" Split Wrap Braided Sleeving"
https://cl-pdfv10.ae-admin.com/hellermanntyton/files/170-03033.pdf,//media.digikey.com/Photos/HellermannTyton%20Photos/MFG_170-03033.jpg,170-03033-ND,170-03033,HellermannTyton,INSTALL TOOL SPLITWRAP 1"" ORG,0,0,"14.14000","0","1","-","Active","Installation Tool","1"" Split Wrap Braided Sleeving"
https://cl-pdfv10.ae-admin.com/hellermanntyton/files/170-03068.pdf,//media.digikey.com/Photos/HellermannTyton%20Photos/MFG_170-03068.jpg,170-03068-ND,170-03068,HellermannTyton,INSTALL TOOL SPLITWRAP 3/4"" ORG,0,0,"14.14000","0","1","-","Active","Installation Tool","3/4"" Split Wrap Braided Sleeving"
https://cl-pdfv10.ae-admin.com/hellermanntyton/files/170-03034.pdf,-,170-03034-ND,170-03034,HellermannTyton,INSTALL TOOL SPLITWRAP 1-1/4"" OR,0,0,"17.17000","0","1","-","Active","Installation Tool","1-1/4"" Split Wrap Braided Sleeving"
https://cl-pdfv10.ae-admin.com/hellermanntyton/files/161-60002.pdf,//media.digikey.com/Photos/HellermannTyton%20Photos/161-60002.jpg,1436-1211-ND,161-60002,HellermannTyton,HELAWRAP APP TOOL 16MM BLU 10/PK,0,0,"52.33000","0","1","Helawrap HAT","Active","Installation Tool","Helawrap 16mm HWPP, HWHPA6-V0 Slit Harness Wrap"
https://cl-pdfv10.ae-admin.com/hellermanntyton/files/161-60003.pdf,//media.digikey.com/Photos/HellermannTyton%20Photos/161-60003.jpg,1436-1212-ND,161-60003,HellermannTyton,HELAWRAP APP TOOL 20MM BLU 10/PK,0,0,"57.09000","0","1","Helawrap HAT","Active","Installation Tool","Helawrap 20mm HWPP, HWHPA6-V0 Slit Harness Wrap"
https://cl-pdfv10.ae-admin.com/hellermanntyton/files/161-60004.pdf,//media.digikey.com/Photos/HellermannTyton%20Photos/161-60004.jpg,1436-1213-ND,161-60004,HellermannTyton,HELAWRAP APP TOOL 25MM BLU 10/PK,0,0,"66.60000","0","1","Helawrap HAT","Active","Installation Tool","Helawrap 25mm HWPP, HWHPA6-V0 Slit Harness Wrap"
https://cl-pdfv10.ae-admin.com/hellermanntyton/files/161-60005.pdf,//media.digikey.com/Photos/HellermannTyton%20Photos/161-60005.jpg,1436-1217-ND,161-60005,HellermannTyton,HELAWRAP APP TOOL 30MM BLU 10/PK,0,0,"76.12000","0","1","Helawrap HAT","Active","Installation Tool","Helawrap 30mm HWPP, HWHPA6-V0 Slit Harness Wrap"
http://wpc.ac62.edgecastcdn.net/00AC62/documents/datasheets/LITPD242_US_DOC.pdf,-,170-03040-ND,170-03040,HellermannTyton,PORT HNDHLD HOT KNIFE 110V,0,0,"157.91000","0","1","-","Active","Hot Knife, Hand Held","Sleeving"
https://cl-pdfv10.ae-admin.com/hellermanntyton/files/170-03039.pdf,//media.digikey.com/Photos/HellermannTyton%20Photos/MFG_170-03039.jpg,170-03039-ND,170-03039,HellermannTyton,BENCHMOUNT HOT KNIFE 110V,0,0,"329.65000","0","1","-","Active","Hot Knife, Bench Mount","Sleeving"
http://www.essentracomponents.com.sg/images-line/pdfs/CAT.pdf,-,CAT-08-IX-ND,CAT-08-IX,Essentra Components,INSTALLATION TOOL GF NYL BLU 1PC,0,0,"Obsolete","0","1","-","Obsolete","Installation Tool","SHR-08 Slit Harness Wrap"
http://www.essentracomponents.com.sg/images-line/pdfs/CAT.pdf,-,CAT-15-IX-ND,CAT-15-IX,Essentra Components,INSTALLATION TOOL GF NYL BLU 1PC,0,0,"Obsolete","0","1","-","Obsolete","Installation Tool","SHR-15 Slit Harness Wrap"
http://www.essentracomponents.com.sg/images-line/pdfs/CAT.pdf,-,CAT-32-IX-ND,CAT-32-IX,Essentra Components,INSTALLATION TOOL GF NYL BLU 1PC,0,0,"Obsolete","0","1","-","Obsolete","Installation Tool","SHR-32 Slit Harness Wrap"
-,//media.digikey.com/Photos/Essentra%20Components%20Photos/CAT-15-PP-BU.jpg,CAT-38-PP-ND,CAT-38-PP,Essentra Components,INSTALLATION TOOL PP ORANGE 1PC,0,0,"Obsolete","0","1","-","Obsolete","Installation Tool","SHR-38 Slit Harness Wrap"
-,//media.digikey.com/Photos/Essentra%20Components%20Photos/CAT-15-PP-BU.jpg,CAT-38-PP-BU-ND,CAT-38-PP-BU,Essentra Components,INSTALLATION TOOL PP ORG 100PC,0,0,"Obsolete","0","1","-","Obsolete","Installation Tool","SHR-38 Slit Harness Wrap"
-,-,STKP-2-08-ABS-ND,STKP-2-08-ABS,Essentra Components,INSTALLATION TOOL BLUE ABS,0,0,"Obsolete","0","1","-","Obsolete","Installation Tool","SHR-08 Slit Harness Wrap"
-,-,STKP-2-08-ABS-BU-ND,STKP-2-08-ABS-BU,Essentra Components,INSTALLATION TOOL BLUE ABS,0,0,"Obsolete","0","1","-","Obsolete","Installation Tool","SHR-08 Slit Harness Wrap"
-,-,STKP-2-08-AL-ND,STKP-2-08-AL,Essentra Components,INSTALLATION TOOL SILVER TOOL,0,0,"Obsolete","0","1","-","Obsolete","Installation Tool","SHR-08 Slit Harness Wrap"
-,-,STKP-2-08-IX-ND,STKP-2-08-IX,Essentra Components,INSTALLATION TOOL RED G/F,0,0,"Obsolete","0","1","-","Obsolete","Installation Tool","SHR-08 Slit Harness Wrap"
-,-,STKP-2-15-ABS-ND,STKP-2-15-ABS,Essentra Components,INSTALLATION TOOL BLUE ABS,0,0,"Obsolete","0","1","-","Obsolete","Installation Tool","SHR-15 Slit Harness Wrap"
-,-,STKP-2-15-ABS-BU-ND,STKP-2-15-ABS-BU,Essentra Components,INSTALLATION TOOL BLUE ABS,0,0,"Obsolete","0","1","-","Obsolete","Installation Tool","SHR-15 Slit Harness Wrap"
-,-,STKP-2-15-AL-ND,STKP-2-15-AL,Essentra Components,INSTALLATION TOOL SILVER TOOL,0,0,"Obsolete","0","1","-","Obsolete","Installation Tool","SHR-15 Slit Harness Wrap"
-,-,STKP-2-15-IX-ND,STKP-2-15-IX,Essentra Components,INSTALLATION TOOL RED G/F,0,0,"Obsolete","0","1","-","Obsolete","Installation Tool","SHR-15 Slit Harness Wrap"
-,-,STKP-2-20-ABS-ND,STKP-2-20-ABS,Essentra Components,INSTALLATION TOOL BLUE ABS,0,0,"Obsolete","0","1","-","Obsolete","Installation Tool","SHR-20 Slit Harness Wrap"
-,-,STKP-2-20-ABS-BU-ND,STKP-2-20-ABS-BU,Essentra Components,INSTALLATION TOOL BLUE ABS,0,0,"Obsolete","0","1","-","Obsolete","Installation Tool","SHR-20 Slit Harness Wrap"
-,-,STKP-2-20-AL-ND,STKP-2-20-AL,Essentra Components,INSTALLATION TOOL SILVER TOOL,0,0,"Obsolete","0","1","-","Obsolete","Installation Tool","SHR-20 Slit Harness Wrap"
-,-,STKP-2-20-IX-ND,STKP-2-20-IX,Essentra Components,INSTALLATION TOOL RED G/F,0,0,"Obsolete","0","1","-","Obsolete","Installation Tool","SHR-20 Slit Harness Wrap"
-,-,STKP-2-25-ABS-ND,STKP-2-25-ABS,Essentra Components,INSTALLATION TOOL BLUE ABS,0,0,"Obsolete","0","1","-","Obsolete","Installation Tool","SHR-25 Slit Harness Wrap"
-,-,STKP-2-25-ABS-BU-ND,STKP-2-25-ABS-BU,Essentra Components,INSTALLATION TOOL BLUE ABS,0,0,"Obsolete","0","1","-","Obsolete","Installation Tool","SHR-25 Slit Harness Wrap"
-,-,STKP-2-25-AL-ND,STKP-2-25-AL,Essentra Components,INSTALLATION TOOL SILVER TOOL,0,0,"Obsolete","0","1","-","Obsolete","Installation Tool","SHR-25 Slit Harness Wrap"
-,-,STKP-2-25-IX-ND,STKP-2-25-IX,Essentra Components,INSTALLATION TOOL RED G/F,0,0,"Obsolete","0","1","-","Obsolete","Installation Tool","SHR-25 Slit Harness Wrap"
