Datasheets,Image,Digi-Key Part Number,Manufacturer Part Number,Manufacturer,Description,Quantity Available,Factory Stock,Unit Price (USD),@ qty,Minimum Quantity,"Packaging","Series","Part Status","Kit Type","Kit Contents"
https://www.tdk-electronics.tdk.com/inf/130/ptc_thermistors_heating_12v.pdf,//media.digikey.com/Photos/Epcos%20Photos/B59004Z999A99.jpg,495-5813-ND,B59004Z0999A099,EPCOS (TDK),CIRC PRT KIT PTC HEAT ELEM 36PC,7,0,"25.20000","0","1","-","-","Active","PTC Heating Elements","36 Pieces - 12 Values (3 Each)"
https://www.tdk-electronics.tdk.com/inf/130/ptc_thermistors_heating_230v.pdf,//media.digikey.com/Photos/Epcos%20Photos/B59005Z999A99.JPG,495-5812-ND,B59005Z0999A099,EPCOS (TDK),CIRC PRT KIT PTC HEAT ELEM 36PC,7,0,"25.20000","0","1","-","-","Active","PTC Heating Elements","36 Pieces - 12 Values (3 Each)"
-,//media.digikey.com/Photos/Ametherm%20Photos/MFG_Mini-Sample-Kit.jpg,570-1183-ND,MINI SAMPLE KIT,Ametherm,CIRC PRT KIT INRUSH CUR LMT 16PC,18,0,"37.80000","0","1","Plastic Box with Bin Guide","SL","Active","Inrush Current Limiters (ICL)","16 pcs - 8 values"
-,//media.digikey.com/Photos/Ametherm%20Photos/MFG_Megasurge-Sample-Kit.jpg,570-1185-ND,MEGASURGE SAMPLE KIT,Ametherm,CIRC PRT KIT INRUSH CUR LMT 10PC,16,0,"37.80000","0","1","Plastic Box with Bin Guide","MegaSurge™","Active","Inrush Current Limiters (ICL)","10 pcs - 5 values"
-,//media.digikey.com/Photos/Ametherm%20Photos/MFG_Standard-Sample-Kit-.jpg,570-1184-ND,STANDARD SAMPLE KIT,Ametherm,CIRC PRT KIT INRUSH CUR LMT 18PC,11,0,"37.80000","0","1","Plastic Box with Bin Guide","SL","Active","Inrush Current Limiters (ICL)","18 pcs - 9 values"
//media.digikey.com/pdf/Data%20Sheets/Wurth%20Electronics%20PDFs/823999_Design_Kit.pdf,//media.digikey.com/photos/Wurth%20Electronics%20Photos/823999.jpg,732-4493-ND,823999,Wurth Electronics Inc.,CIRC PRTCT KIT ESD PROT 930PC,3,0,"117.50000","0","1","Plastic Box with Bin Guide","-","Active","ESD Protection","930 pcs - 32 values"
https://www.littelfuse.com/~/media/electronics/datasheets/varistors/littelfuse_varistor_aumov_datasheet.pdf.pdf,//media.digikey.com/Photos/Littelfuse%20Photos/MFG_00940510Z.JPG,F10977-ND,00940510Z,Littelfuse Inc.,CIRC PRTCT KIT VARISTOR 160PC,8,0,"27.12000","0","1","-","AUMOV™","Active","Varistor","160 pcs - 8 Values (20 Each)"
https://www.littelfuse.com/~/media/electronics/datasheets/varistors/littelfuse_varistor_lv_ultramov_datasheet.pdf.pdf,//media.digikey.com/Photos/Littelfuse%20Photos/00940509Z.jpg,F10975-ND,00940509Z,Littelfuse Inc.,CIRC PRTCT KIT VARISTOR 95PC,11,0,"29.70000","0","1","-","-","Active","Varistor","95 pcs - 10 values"
https://www.littelfuse.com/~/media/electronics/datasheets/varistors/littelfuse_varistor_auml_datasheet.pdf.pdf,//media.digikey.com/Photos/Littelfuse%20Photos/00940511Z.jpg,F10976-ND,00940511Z,Littelfuse Inc.,CIRC PRTCT KIT VARISTOR 530PC,7,0,"30.24000","0","1","-","-","Active","Varistor","530 pcs - 20 values"
https://www.tdk-electronics.tdk.com/inf/130/ctvs_sp.pdf,//media.digikey.com/Photos/Epcos%20Photos/MFG_B72499H9999K199.jpg,495-76082-ND,B72499H9999K199,EPCOS (TDK),CIRC PRTCT KIT ESD PROT ASSORTED,9,0,"37.00000","0","1","-","-","Active","ESD Protection","Assorted"
//media.digikey.com/pdf/Data%20Sheets/Thermometrics%20Global%20Business%20PDFs/A-2130_Inrush_Current_Limiter_Kit.pdf,//media.digikey.com/Photos/Amphenol%20Photos/A-2130.JPG,235-1519-ND,A-2130,Amphenol Advanced Sensors,CIRC PRT KIT INRUSH CURRNT 160PC,22,0,"216.00000","0","1","-","-","Active","Inrush Current Limiters (ICL)","160 Pieces - 32 Values (5 Each)"
https://www.tdk-electronics.tdk.com/inf/130/ctvs.pdf,//media.digikey.com/Photos/Epcos%20Photos/B72499A9999K199.JPG,495-6640-ND,B72499A9999K199,EPCOS (TDK),CIRC PRTCT KIT ESD PROT 283PC,3,0,"37.00000","0","1","Plastic Box with Bin Guide","CeraDiode","Active","ESD Protection","283 pcs - 27 values"
https://www.tdk-electronics.tdk.com/inf/130/ctvs_gu.pdf,//media.digikey.com/Photos/Epcos%20Photos/B72499S9999K099.jpg,495-6924-ND,B72499S9999K199,EPCOS (TDK),CIRC PRTCT KIT ESD PROT 292PC,2,0,"37.00000","0","1","Plastic Box with Bin Guide","CeraDiode","Active","ESD Protection","292 pcs - 27 values"
https://www.tdk-electronics.tdk.com/inf/130/ctvs_ie.pdf,//media.digikey.com/Photos/Epcos%20Photos/B72499I9999K199.JPG,495-7270-ND,B72499I9999K199,EPCOS (TDK),CIRC PRTCT KIT VARISTOR 309PC,2,0,"37.00000","0","1","Notebook","-","Active","Varistor","309 pcs - 27 values"
https://en.tdk.eu/download/175782/d53319dc67985fdc4f7f89aca26de003/shcv-inside-view.pdf,//media.digikey.com/Photos/Epcos%20Photos/B72482S9999X2.jpg,495-6730-ND,B72482S9999X2,EPCOS (TDK),CIRC PRTCT KIT RFI SUPPRES 18PC,1,0,"37.00000","0","1","Plastic Box with Bin Guide","SHCV","Active","RFI Suppression","18 pcs - 9 values"
https://en.tdk.eu/inf/130/ceradiode_esd_protection.pdf,//media.digikey.com/Photos/Epcos%20Photos/B72499C9999D99.JPG,495-3681-ND,B72499C9999D99,EPCOS (TDK),CIRC PRTCT KIT ESD PROT ASSORTED,0,0,"37.00000","0","1","Plastic Box with Bin Guide","CeraDiode","Active","ESD Protection","Assorted"
https://www.bourns.com/docs/technical-documents/featured-product-bulletins/Bourns_KLM1603_Mini-Breaker_Kit_NPR.pdf,//media.digikey.com/Photos/Bourns%20Photos/MFG_LC-LAB1.jpg,LC-LAB1-ND,LC-LAB1,Bourns Inc.,CIRC PRTCT KIT THERMOSTAT 5PC,3,0,"20.80000","0","1","Plastic Box with Bin Guide","Komatsulite™, LC","Active","Thermostat","5 pcs - 4 values"
https://www.littelfuse.com/~/media/electronics/datasheets/varistors/littelfuse_varistor_za_datasheet.pdf.pdf,//media.digikey.com/Photos/Littelfuse%20Photos/00940506Z.jpg,F10970-ND,00940506Z,Littelfuse Inc.,CIRC PRTCT KIT AUTO ASSORTED,5,0,"42.48000","0","1","Retail Package","ATO®","Active","Automotive","Assorted"
//media.digikey.com/pdf/Data%20Sheets/Bourns%20PDFs/PN-DESIGNKIT-22.pdf,//media.digikey.com/Photos/Bourns%20Photos/PN-DESIGNKIT-22.jpg,PN-DESIGNKIT-22-ND,PN-DESIGNKIT-22,Bourns Inc.,CIRC PRTCT KIT ESD PROT 25PC,5,0,"20.80000","0","1","Plastic Box with Bin Guide","PortNote™","Obsolete","ESD Protection","25 pcs - 3 values"
//media.digikey.com/pdf/Data%20Sheets/Bourns%20PDFs/PN-DESIGNKIT-29.pdf,//media.digikey.com/Photos/Bourns%20Photos/PN-DESIGNKIT-29.jpg,PN-DESIGNKIT-29-ND,PN-DESIGNKIT-29,Bourns Inc.,CIRC PRT KIT LED PWM DIMMER 15PC,3,0,"20.80000","0","1","Plastic Box with Bin Guide","PortNote™","Obsolete","LED PWM Dimmer PWM, Power","15 pcs - 2 values"
//media.digikey.com/pdf/Data%20Sheets/Bourns%20PDFs/PN-DESIGNKIT-59.pdf,//media.digikey.com/Photos/Bourns%20Photos/PN-DESIGNKIT-59.jpg,PN-DESIGNKIT-59-ND,PN-DESIGNKIT-59,Bourns Inc.,CIRC PRT KIT SURGE SUPPRES 10PC,2,0,"20.80000","0","1","Plastic Box with Bin Guide","PortNote™","Obsolete","Surge Suppression","10 pcs - 2 values"
https://www.bourns.com/docs/technical-documents/featured-product-bulletins/Bourns_KLM1603_Mini-Breaker_Kit_NPR.pdf,//media.digikey.com/Photos/Bourns%20Photos/MFG_NR-LAB1.jpg,NR-LAB1-ND,NR-LAB1,Bourns Inc.,CIRC PRTCT KIT THERMOSTAT 5PC,0,0,"20.80000","0","1","Plastic Box with Bin Guide","Komatsulite™, NR","Active","Thermostat","5 pcs - 4 values"
https://www.bourns.com/docs/technical-documents/featured-product-bulletins/Bourns_KLM1603_Mini-Breaker_Kit_NPR.pdf,//media.digikey.com/Photos/Bourns%20Photos/MFG_NR-LAB2.jpg,NR-LAB2-ND,NR-LAB2,Bourns Inc.,CIRC PRTCT KIT THERMOSTAT 5PC,0,0,"20.80000","0","1","Plastic Box with Bin Guide","Komatsulite™, NR","Active","Thermostat","5 pcs - 4 values"
https://www.bourns.com/docs/technical-documents/featured-product-bulletins/Bourns_KLM1603_Mini-Breaker_Kit_NPR.pdf,//media.digikey.com/Photos/Bourns%20Photos/MFG_HC-LAB1.jpg,HC-LAB1-ND,HC-LAB1,Bourns Inc.,CIRC PRTCT KIT THERMOSTAT 5PC,0,0,"21.00000","0","1","Plastic Box with Bin Guide","Komatsulite™, HC","Active","Thermostat","5 pcs - 5 values"
//media.digikey.com/pdf/Data%20Sheets/TDK%20PDFs/445-174552-KIT.pdf,//media.digikey.com/Photos/TDK%20Photos/445-174552-KIT.JPG,445-174552-KIT-ND,AVR0201-KIT,TDK Corporation,CIRC PRTCT KIT VARISTOR 80PC,6,0,"21.86000","0","1","Plastic Box with Bin Guide","AVR","Active","Varistor","80 pcs - 8 values"
https://www.littelfuse.com/data/en/data_sheets/littelfuse_pled6.pdf,//media.digikey.com/Photos/Littelfuse%20Photos/PLED1-KIT.JPG,PLED1-KIT-ND,PLED1-KIT,Littelfuse Inc.,CIRC PRTCT KIT LED PROT 50PC,9,0,"24.60000","0","1","Book","PLED","Active","LED Protectors","50 pcs - 10 Values (5 Each)"
//media.digikey.com/pdf/Data%20Sheets/TDK%20PDFs/445-174554-KIT.pdf,//media.digikey.com/Photos/TDK%20Photos/445-174554-KIT.JPG,445-174554-KIT-ND,AVR0603-0805-KIT,TDK Corporation,CIRC PRTCT KIT VARISTOR 90PC,6,0,"25.31000","0","1","Plastic Box with Bin Guide","AVR","Active","Varistor","90 pcs - 9 values"
//media.digikey.com/pdf/Data%20Sheets/TDK%20PDFs/445-174553-KIT.pdf,//media.digikey.com/Photos/TDK%20Photos/445-174553-KIT.JPG,445-174553-KIT-ND,AVR0402-KIT,TDK Corporation,CIRC PRTCT KIT VARISTOR 160PC,3,0,"31.04000","0","1","Plastic Box with Bin Guide","AVR","Active","Varistor","160 pcs- 16 values"
//media.digikey.com/pdf/Data%20Sheets/TDK%20PDFs/445-174555-KIT.pdf,//media.digikey.com/Photos/TDK%20Photos/445-174555-KIT.JPG,445-174555-KIT-ND,AVR-AUTO-KIT,TDK Corporation,CIRC PRTCT KIT VARISTOR 140PC,5,0,"33.03000","0","1","Plastic Box with Bin Guide","AVR","Active","Varistor","140 pcs - 14 Values"
-,//media.digikey.com/Photos/Bourns%20Photos/MFG_TBU-LAB1.jpg,TBU-LAB1-ND,TBU-LAB1,Bourns Inc.,CIRC PRTCT KIT SLIC PROT 115PC,0,0,"37.00000","0","1","Plastic Box with Bin Guide","TBU™","Active","SLIC Protection","115 pcs - 17 values"
https://www.bourns.com/docs/technical-documents/featured-product-bulletins/Bourns_K1412_CCAUTO-LAB1_FPB.pdf,//media.digikey.com/Photos/Bourns%20Photos/CCAUTO-LAB1.JPG,CCAUTO-LAB1-ND,CCAUTO-LAB1,Bourns Inc.,CIRC PRTCT KIT CIRCUIT COND 44PC,0,0,"37.50000","0","1","Plastic Box with Bin Guide","-","Active","Circuit Conditioning","44 pcs - 32 values"
https://en.tdk.eu/inf/70/db/var/SIOV_SNF_AdvanceD.pdf,//media.digikey.com/Photos/Epcos%20Photos/495-77284-KIT.jpg,495-77284-KIT-ND,495-77284-KIT,EPCOS (TDK),CIRC PROT KIT VARISTOR 75PC MOV,9,0,"46.39000","0","1","-","-","Active","Varistor","75 pcs - 15 Values (5 Each)"
https://en.tdk.eu/inf/70/db/var/SIOV_Leaded_AdvanceD.pdf,//media.digikey.com/Photos/Epcos%20Photos/495-77282-KIT.jpg,495-77282-KIT-ND,495-77282-KIT,EPCOS (TDK),CIRC PROT KIT VARISTOR 50PCS MOV,10,0,"47.17000","0","1","-","-","Active","Varistor","50 pcs - 10 Values (5 Each)"
-,//media.digikey.com/Photos/Bourns%20Photos/MFG_TBU-LAB3.jpg,TBU-LAB3-ND,TBU-LAB3,Bourns Inc.,CIRC PRTCT KIT UNIDIRECT 115PC,0,0,"51.00000","0","1","Plastic Box with Bin Guide","TBU™","Active","Unidirectional","115 pcs - 18 values"
//media.digikey.com/pdf/Data%20Sheets/Epcos%20PDFs/B72220_NT20_Series.pdf,//media.digikey.com/Photos/Epcos%20Photos/495-77283-KIT.jpg,495-77283-KIT-ND,495-77283-KIT,EPCOS (TDK),CIRC PRT KIT THERMOFUSE VARISTOR,9,0,"70.96000","0","1","-","*","Active","-","-"
https://product.tdk.com/info/en/documents/data_sheet/50/db/icl_16/P27.pdf,//media.digikey.com/Photos/Epcos%20Photos/B57127P-KIT.jpg,495-7221-KIT-ND,B57127P-KIT,EPCOS (TDK),CIRC PRT KIT INRUSH CUR LMT 60PC,2,0,"78.76000","0","1","Plastic Box with Bin Guide","P27","Active","Inrush Current Limiters (ICL)","60 pcs - 6 values"
-,//media.digikey.com/Photos/Bourns%20Photos/MFG_TBU-LAB2.jpg,TBU-LAB2-ND,TBU-LAB2,Bourns Inc.,CIRC PRTCT KIT BIDIRECT 155PC,0,0,"80.00000","0","1","Plastic Box with Bin Guide","TBU™","Active","BiDirectional","155 pcs - 26 values"
-,-,820999-ND,820999,Wurth Electronics Inc.,CIRC PRTCT KIT VARISTOR 300PC,0,0,"140.00000","0","1","Plastic Box with Bin Guide","-","Active","Varistor","300 pcs - 15 values"
-,//media.digikey.com/Photos/Bourns%20Photos/PN-DESIGNKIT-1.jpg,PN-DESIGNKIT-1-ND,PN-DESIGNKIT-1,Bourns Inc.,CIRC PRTCT KIT ETHERNET ESD 15PC,0,0,"Obsolete","0","5","Plastic Box with Bin Guide","PortNote™","Obsolete","Ethernet ESD","15 pcs - 2 values"
//media.digikey.com/pdf/Data%20Sheets/Bourns%20PDFs/Ethernet_PoE.pdf,//media.digikey.com/Photos/Bourns%20Photos/PN-DESIGNKIT-2.jpg,PN-DESIGNKIT-2-ND,PN-DESIGNKIT-2,Bourns Inc.,CIRC PRTCT KIT ETHERNET POE 30PC,0,0,"Obsolete","0","1","Plastic Box with Bin Guide","PortNote™","Obsolete","Ethernet PoE","30 pcs - 4 values"
//media.digikey.com/pdf/Data%20Sheets/Bourns%20PDFs/PN-DESIGNKIT-3.pdf,//media.digikey.com/Photos/Bourns%20Photos/PN-DESIGNKIT-3.jpg,PN-DESIGNKIT-3-ND,PN-DESIGNKIT-3,Bourns Inc.,CIRC PRTCT KIT USB 2.0 20PC,0,0,"Obsolete","0","5","Plastic Box with Bin Guide","PortNote™","Obsolete","USB 2.0","20 pcs - 2 values"
-,//media.digikey.com/Photos/Bourns%20Photos/PN-DESIGNKIT-4.jpg,PN-DESIGNKIT-4-ND,PN-DESIGNKIT-4,Bourns Inc.,CIRC PRTCT KIT USB 3.0 35PC,0,0,"Obsolete","0","1","Plastic Box with Bin Guide","PortNote™","Obsolete","USB 3.0","35 pcs - 2 values"
//media.digikey.com/pdf/Data%20Sheets/Bourns%20PDFs/PN-DESIGNKIT-5.pdf,//media.digikey.com/Photos/Bourns%20Photos/PN-DESIGNKIT-5.jpg,PN-DESIGNKIT-5-ND,PN-DESIGNKIT-5,Bourns Inc.,CIRC PRTCT KIT VHF/UHF COAX 10PC,0,0,"Obsolete","0","5","Plastic Box with Bin Guide","PortNote™","Obsolete","VHF/UHF Coax ESD","10 pcs - 2 values"
-,//media.digikey.com/Photos/Bourns%20Photos/PN-DESIGNKIT-6.jpg,PN-DESIGNKIT-6-ND,PN-DESIGNKIT-6,Bourns Inc.,CIRC PRTCT KIT RJ11 ITU 10PC,0,0,"Obsolete","0","1","Plastic Box with Bin Guide","PortNote™","Obsolete","RJ11 ITU","10 pcs - 2 values"
//media.digikey.com/pdf/Data%20Sheets/Bourns%20PDFs/PN-DESIGNKIT-7.pdf,//media.digikey.com/Photos/Bourns%20Photos/PN-DESIGNKIT-7.jpg,PN-DESIGNKIT-7-ND,PN-DESIGNKIT-7,Bourns Inc.,CIRC PRTCT KIT RJ11 GR1089 20PC,0,0,"Obsolete","0","5","Plastic Box with Bin Guide","PortNote™","Obsolete","RJ11 GR1089-CORE","20 pcs - 3 values"
//media.digikey.com/pdf/Data%20Sheets/Bourns%20PDFs/RJ11.pdf,//media.digikey.com/Photos/Bourns%20Photos/PN-DESIGNKIT-8.jpg,PN-DESIGNKIT-8-ND,PN-DESIGNKIT-8,Bourns Inc.,CIRC PRTCT KIT RJ11 FAX/MOD 15PC,0,0,"Obsolete","0","5","Plastic Box with Bin Guide","PortNote™","Obsolete","RJ11 Fax/Modem","15 pcs - 3 values"
-,//media.digikey.com/Photos/Bourns%20Photos/PN-DESIGNKIT-9.jpg,PN-DESIGNKIT-9-ND,PN-DESIGNKIT-9,Bourns Inc.,CIRC PRTCT KIT VDSL 15PC,0,0,"Obsolete","0","1","Plastic Box with Bin Guide","PortNote™","Obsolete","VDSL","15 pcs - 3 values"
//media.digikey.com/pdf/Data%20Sheets/Bourns%20PDFs/PN-DESIGNKIT-10.pdf,//media.digikey.com/Photos/Bourns%20Photos/PN-DESIGNKIT-10.jpg,PN-DESIGNKIT-10-ND,PN-DESIGNKIT-10,Bourns Inc.,CIRC PRTCT KIT ISDN 40PC,0,0,"Obsolete","0","5","Plastic Box with Bin Guide","PortNote™","Obsolete","ISDN","40 pcs - 2 value"
-,//media.digikey.com/Photos/Bourns%20Photos/PN-DESIGNKIT-11.jpg,PN-DESIGNKIT-11-ND,PN-DESIGNKIT-11,Bourns Inc.,CIRC PRTCT KIT HDMI 1.3 ESD 20PC,0,0,"Obsolete","0","5","Plastic Box with Bin Guide","PortNote™","Obsolete","HDMI 1.3 ESD, OC","20 pcs - 3 values"
-,//media.digikey.com/Photos/Bourns%20Photos/PN-DESIGNKIT-12.jpg,PN-DESIGNKIT-12-ND,PN-DESIGNKIT-12,Bourns Inc.,CIRC PRTCT KIT HDMI 1.4 ESD 50PC,0,0,"Obsolete","0","5","Plastic Box with Bin Guide","PortNote™","Obsolete","HDMI 1.4 ESD, OC","50 pcs - 2 values"
-,//media.digikey.com/Photos/Bourns%20Photos/PN-DESIGNKIT-13.jpg,PN-DESIGNKIT-13-ND,PN-DESIGNKIT-13,Bourns Inc.,CIRC PRTCT KIT T1/E1 20PC,0,0,"Obsolete","0","1","Plastic Box with Bin Guide","PortNote™","Obsolete","T1/E1","20 pcs - 2 values"
//media.digikey.com/pdf/Data%20Sheets/Bourns%20PDFs/PN-DESIGNKIT-15.pdf,//media.digikey.com/Photos/Bourns%20Photos/PN-DESIGNKIT-15.jpg,PN-DESIGNKIT-15-ND,PN-DESIGNKIT-15,Bourns Inc.,CIRC PRT KIT SURGE SUPPRES 30PC,0,0,"Obsolete","0","5","Plastic Box with Bin Guide","PortNote™","Obsolete","Surge Suppression","30 pcs - 3 values"
//media.digikey.com/pdf/Data%20Sheets/Bourns%20PDFs/PN-DESIGNKIT-16.pdf,//media.digikey.com/Photos/Bourns%20Photos/PN-DESIGNKIT-16.jpg,PN-DESIGNKIT-16-ND,PN-DESIGNKIT-16,Bourns Inc.,CIRC PRT KIT SURGE SUPPRES 30PC,0,0,"Obsolete","0","5","Plastic Box with Bin Guide","PortNote™","Obsolete","Surge Suppression","30 pcs - 3 values"
//media.digikey.com/pdf/Data%20Sheets/Bourns%20PDFs/PN-DESIGNKIT-18.pdf,//media.digikey.com/Photos/Bourns%20Photos/PN-DESIGNKIT-18.jpg,PN-DESIGNKIT-18-ND,PN-DESIGNKIT-18,Bourns Inc.,CIRC PRTCT KIT VDSL 10PC,0,0,"Obsolete","0","5","Plastic Box with Bin Guide","PortNote™","Obsolete","VDSL","10 pcs - 2 values"
//media.digikey.com/pdf/Data%20Sheets/Bourns%20PDFs/PN-DESIGNKIT-19.pdf,//media.digikey.com/Photos/Bourns%20Photos/PN-DESIGNKIT-19.jpg,PN-DESIGNKIT-19-ND,PN-DESIGNKIT-19,Bourns Inc.,CIRC PRTCT KIT VDSL 25PC,0,0,"Obsolete","0","5","Plastic Box with Bin Guide","PortNote™","Obsolete","VDSL","25 pcs - 4 values"
//media.digikey.com/pdf/Data%20Sheets/Bourns%20PDFs/PN-DESIGNKIT-20.pdf,//media.digikey.com/Photos/Bourns%20Photos/PN-DESIGNKIT-20.jpg,PN-DESIGNKIT-20-ND,PN-DESIGNKIT-20,Bourns Inc.,CIRC PRTCT KIT SLIC PROT 15PC,0,0,"Obsolete","0","5","Plastic Box with Bin Guide","PortNote™","Obsolete","SLIC Protection","15 pcs - 2 values"
-,//media.digikey.com/Photos/Bourns%20Photos/PN-DESIGNKIT-25.jpg,PN-DESIGNKIT-25-ND,PN-DESIGNKIT-25,Bourns Inc.,CIRC PRT FIREWRE/ILINK PROT 25PC,0,0,"Obsolete","0","5","Plastic Box with Bin Guide","PortNote™","Obsolete","Firewire, iLink Protection","25 pcs - 2 values"
//media.digikey.com/pdf/Data%20Sheets/Bourns%20PDFs/PN-DESIGNKIT-26.pdf,//media.digikey.com/Photos/Bourns%20Photos/PN-DESIGNKIT-26.jpg,PN-DESIGNKIT-26-ND,PN-DESIGNKIT-26,Bourns Inc.,CIRC PRT KIT SURGE SUPPRES 30PC,0,0,"Obsolete","0","5","Plastic Box with Bin Guide","PortNote™","Obsolete","Surge Suppression","30 pcs - 3 values"
//media.digikey.com/pdf/Data%20Sheets/Bourns%20PDFs/PN-DESIGNKIT-27.pdf,//media.digikey.com/Photos/Bourns%20Photos/PN-DESIGNKIT-27.jpg,PN-DESIGNKIT-27-ND,PN-DESIGNKIT-27,Bourns Inc.,CIRC PRTCT KIT HD-SDI/COAX 15PC,0,0,"Obsolete","0","5","Plastic Box with Bin Guide","PortNote™","Obsolete","HD-SDI, SDI Coaxial Port","15 pcs - 3 values"
//media.digikey.com/pdf/Data%20Sheets/Bourns%20PDFs/PN-DESIGNKIT-28.pdf,//media.digikey.com/Photos/Bourns%20Photos/PN-DESIGNKIT-28.jpg,PN-DESIGNKIT-28-ND,PN-DESIGNKIT-28,Bourns Inc.,CIRC PRT SATA HDD/PWR PROT 15PC,0,0,"Obsolete","0","5","Plastic Box with Bin Guide","PortNote™","Obsolete","SATA HDD Interface Data, Power Protection","15 pcs - 3 values"
-,//media.digikey.com/Photos/Bourns%20Photos/PN-DESIGNKIT-30.jpg,PN-DESIGNKIT-30-ND,PN-DESIGNKIT-30,Bourns Inc.,CIRC PRTCT KIT ESD PROT 20PC,0,0,"Obsolete","0","1","Plastic Box with Bin Guide","PortNote™","Obsolete","ESD Protection","20 pcs - 2 values"
-,//media.digikey.com/Photos/Bourns%20Photos/PN-DESIGNKIT-31.jpg,PN-DESIGNKIT-31-ND,PN-DESIGNKIT-31,Bourns Inc.,CIRC PRTCT KIT USB 1.2 20PC,0,0,"Obsolete","0","5","Plastic Box with Bin Guide","PortNote™","Obsolete","USB 1.2","20 pcs - 3 values"
//media.digikey.com/pdf/Data%20Sheets/Bourns%20PDFs/PN-DESIGNKIT-32.pdf,//media.digikey.com/Photos/Bourns%20Photos/PN-DESIGNKIT-32.jpg,PN-DESIGNKIT-32-ND,PN-DESIGNKIT-32,Bourns Inc.,CIRC PRTCT KIT USB 3.0 10PC,0,0,"Obsolete","0","5","Plastic Box with Bin Guide","PortNote™","Obsolete","USB 3.0","10 pcs - 2 values"
-,//media.digikey.com/Photos/Bourns%20Photos/PN-DESIGNKIT-34.jpg,PN-DESIGNKIT-34-ND,PN-DESIGNKIT-34,Bourns Inc.,CIRC PRTCT KIT ETHERNET POE 25PC,0,0,"Obsolete","0","5","Plastic Box with Bin Guide","PortNote™","Obsolete","Ethernet PoE","25 pcs - 4 values"
-,//media.digikey.com/Photos/Bourns%20Photos/PN-DESIGNKIT-35.jpg,PN-DESIGNKIT-35-ND,PN-DESIGNKIT-35,Bourns Inc.,CIRC PRTCT KIT ETHERNET POE 15PC,0,0,"Obsolete","0","5","Plastic Box with Bin Guide","PortNote™","Obsolete","Ethernet PoE","15 pcs - 3 values"
https://www.bourns.com/docs/portnote/bourns_vdsl_driver_side_prot_portnote.pdf,//media.digikey.com/Photos/Bourns%20Photos/PN-DESIGNKIT-36.jpg,PN-DESIGNKIT-36-ND,PN-DESIGNKIT-36,Bourns Inc.,CIRC PRTCT KIT VDSL 15PC,0,0,"Obsolete","0","1","Plastic Box with Bin Guide","PortNote™","Obsolete","VDSL","15 pcs - 3 values"
//media.digikey.com/pdf/Data%20Sheets/Bourns%20PDFs/PortNote_SatelliteRecRF.pdf,//media.digikey.com/Photos/Bourns%20Photos/PN-DESIGNKIT-37.jpg,PN-DESIGNKIT-37-ND,PN-DESIGNKIT-37,Bourns Inc.,CIRC PRT KIT SURGE SUPPRES 10PC,0,0,"Obsolete","0","1","Plastic Box with Bin Guide","PortNote™","Obsolete","Surge Suppression","10 pcs - 2 values"
//media.digikey.com/pdf/Data%20Sheets/Bourns%20PDFs/PN-DESIGNKIT-33.pdf,//media.digikey.com/Photos/Bourns%20Photos/PN-DESIGNKIT-33.jpg,PN-DESIGNKIT-33-ND,PN-DESIGNKIT-33,Bourns Inc.,CIRC PRTCT KIT ESD PROT 15PC,0,0,"Obsolete","0","5","Plastic Box with Bin Guide","PortNote™","Obsolete","ESD Protection","15 pcs - 3 values"
-,//media.digikey.com/Photos/Bourns%20Photos/MFG_PN-DESIGNKIT-38.jpg,PN-DESIGNKIT-38-ND,PN-DESIGNKIT-38,Bourns Inc.,CIRC PRTCT KIT SLIC PROT 3PC,0,0,"Obsolete","0","1","Plastic Box with Bin Guide","PortNote™","Obsolete","SLIC Protection","3 pcs - 2 values"
//media.digikey.com/pdf/Data%20Sheets/Bourns%20PDFs/PN-DESIGNKIT-39.pdf,//media.digikey.com/Photos/Bourns%20Photos/MFG_PN-DESIGNKIT-39.jpg,PN-DESIGNKIT-39-ND,PN-DESIGNKIT-39,Bourns Inc.,CIRC PRTCT KIT SLIC PROT 2PC,0,0,"Obsolete","0","5","Plastic Box with Bin Guide","PortNote™","Obsolete","SLIC Protection","2 pcs - 2 values"
//media.digikey.com/pdf/Data%20Sheets/Bourns%20PDFs/PN-DESIGNKIT-40.pdf,//media.digikey.com/Photos/Bourns%20Photos/MFG_PN-DESIGNKIT-40.jpg,PN-DESIGNKIT-40-ND,PN-DESIGNKIT-40,Bourns Inc.,CIRC PRTCT KIT T1/E1 10PC,0,0,"Obsolete","0","5","Plastic Box with Bin Guide","PortNote™","Obsolete","T1/E1","10 pcs - 4 values"
//media.digikey.com/pdf/Data%20Sheets/Bourns%20PDFs/PN-DESIGNKIT-42.pdf,//media.digikey.com/Photos/Bourns%20Photos/MFG_PN-DESIGNKIT-42.jpg,PN-DESIGNKIT-42-ND,PN-DESIGNKIT-42,Bourns Inc.,CIRC PRTCT KIT SLIC PROT 3PC,0,0,"Obsolete","0","5","Plastic Box with Bin Guide","PortNote™","Obsolete","SLIC Protection","3 pcs - 2 values"
//media.digikey.com/pdf/Data%20Sheets/Bourns%20PDFs/PN-DESIGNKIT-43.pdf,//media.digikey.com/Photos/Bourns%20Photos/MFG_PN-DESIGNKIT-43.jpg,PN-DESIGNKIT-43-ND,PN-DESIGNKIT-43,Bourns Inc.,CIRC PRTCT KIT VDSL 5PC,0,0,"Obsolete","0","5","Plastic Box with Bin Guide","PortNote™","Obsolete","VDSL","5 pcs - 3 values"
-,//media.digikey.com/Photos/Bourns%20Photos/MFG_PN-DESIGNKIT-44.jpg,PN-DESIGNKIT-44-ND,PN-DESIGNKIT-44,Bourns Inc.,CIRC PRTCT KIT ETHERNET POE 12PC,0,0,"Obsolete","0","5","Plastic Box with Bin Guide","PortNote™","Obsolete","Ethernet PoE","12 pcs - 5 values"
-,//media.digikey.com/Photos/Bourns%20Photos/MFG_PN-DESIGNKIT-45.jpg,PN-DESIGNKIT-45-ND,PN-DESIGNKIT-45,Bourns Inc.,CIRC PRT KIT SURGE SUPPRES 17PC,0,0,"Obsolete","0","5","Plastic Box with Bin Guide","PortNote™","Obsolete","Surge Suppression","17 pcs - 4 values"
//media.digikey.com/pdf/Data%20Sheets/Bourns%20PDFs/PN-DESIGNKIT-46.pdf,-,PN-DESIGNKIT-46-ND,PN-DESIGNKIT-46,Bourns Inc.,CIRC PRTCT KIT SURGE SUPPRES 4PC,0,0,"Obsolete","0","5","Plastic Box with Bin Guide","PortNote™","Obsolete","Surge Suppression","4 pcs - 4 values"
//media.digikey.com/pdf/Data%20Sheets/Bourns%20PDFs/PN-DESIGNKIT-50.pdf,//media.digikey.com/Photos/Bourns%20Photos/MFG_PN-DESIGNKIT-50.jpg,PN-DESIGNKIT-50-ND,PN-DESIGNKIT-50,Bourns Inc.,CIRC PRTCT KIT VDSL 3PC,0,0,"Obsolete","0","5","Plastic Box with Bin Guide","PortNote™","Obsolete","VDSL","3 pcs - 3 values"
//media.digikey.com/pdf/Data%20Sheets/Bourns%20PDFs/PN-DESIGNKIT-48.pdf,//media.digikey.com/Photos/Bourns%20Photos/MFG_PN-DESIGNKIT-48.jpg,PN-DESIGNKIT-48-ND,PN-DESIGNKIT-48,Bourns Inc.,CIRC PRTCT KIT HDMI 2.0 ESD 4PC,0,0,"Obsolete","0","5","Plastic Box with Bin Guide","PortNote™","Obsolete","HDMI 2.0 ESD, OC","4 pcs - 3 values"
//media.digikey.com/pdf/Data%20Sheets/Bourns%20PDFs/PN-DESIGNKIT-49.pdf,//media.digikey.com/Photos/Bourns%20Photos/MFG_PN-DESIGNKIT-49.jpg,PN-DESIGNKIT-49-ND,PN-DESIGNKIT-49,Bourns Inc.,CIRC PRTCT KIT SLIC PROT 3PC,0,0,"Obsolete","0","5","Plastic Box with Bin Guide","PortNote™","Obsolete","SLIC Protection","3 pcs - 2 values"
//media.digikey.com/pdf/Data%20Sheets/Bourns%20PDFs/PN-DESIGNKIT-55.pdf,//media.digikey.com/Photos/Bourns%20Photos/PN-DESIGNKIT-55.JPG,PN-DESIGNKIT-55-ND,PN-DESIGNKIT-55,Bourns Inc.,CIRC PRTCT KIT SURGE SUPPRS 1 PC,0,0,"Obsolete","0","5","Plastic Box with Bin Guide","PortNote™","Obsolete","Surge Suppression","1 pc - 1 value"
-,//media.digikey.com/Photos/Bourns%20Photos/MFG_PN-DESIGNKIT-54.jpg,PN-DESIGNKIT-54-ND,PN-DESIGNKIT-54,Bourns Inc.,CIRC PRTCT KIT ETHERNET POE 5PC,0,0,"Obsolete","0","5","Plastic Box with Bin Guide","PortNote™","Obsolete","Ethernet PoE","5 pcs - 2 values"
-,//media.digikey.com/Photos/Bourns%20Photos/MFG_PN-DESIGNKIT-57.jpg,PN-DESIGNKIT-57-ND,PN-DESIGNKIT-57,Bourns Inc.,CIRC PRTCT KIT USB 3.1 6PC,0,0,"Obsolete","0","5","Plastic Box with Bin Guide","PortNote™","Obsolete","USB 3.1","6 pcs - 4 values"
//media.digikey.com/pdf/Data%20Sheets/Bourns%20PDFs/PN-DESIGNKIT-52.pdf,//media.digikey.com/Photos/Bourns%20Photos/PN-DESIGNKIT-52.JPG,PN-DESIGNKIT-52-ND,PN-DESIGNKIT-52,Bourns Inc.,CIRC PRTCT KIT BIDIRECTIONAL 2PC,0,0,"Obsolete","0","5","Plastic Box with Bin Guide","PortNote™","Obsolete","BiDirectional","2 pcs - 2 values"
//media.digikey.com/pdf/Data%20Sheets/Bourns%20PDFs/PN-DESIGNKIT-56.pdf,//media.digikey.com/Photos/Bourns%20Photos/MFG_PN-DESIGNKIT-56.jpg,PN-DESIGNKIT-56-ND,PN-DESIGNKIT-56,Bourns Inc.,CIRC PRTCT KIT USB 3.1 2PC,0,0,"Obsolete","0","5","Plastic Box with Bin Guide","PortNote™","Obsolete","USB 3.1","2 pcs - 2 values"
//media.digikey.com/pdf/Data%20Sheets/Bourns%20PDFs/PN-DESIGNKIT-51.pdf,//media.digikey.com/Photos/Bourns%20Photos/PN-DESIGNKIT-51.jpg,PN-DESIGNKIT-51-ND,PN-DESIGNKIT-51,Bourns Inc.,CIRC PRTCT KIT SURGE SUPPRES 2PC,0,0,"Obsolete","0","5","Plastic Box with Bin Guide","PortNote™","Obsolete","Surge Suppression","2 pcs - 2 values"
https://www.bourns.com/docs/technical-documents/featured-product-bulletins/Bourns_KLM1603_Mini-Breaker_Kit_NPR.pdf,//media.digikey.com/Photos/Bourns%20Photos/MFG_KCA-LAB1.jpg,KCA-LAB1-ND,KCA-LAB1,Bourns Inc.,CIRC PRTCT KIT THERMOSTAT 20PC,0,0,"Obsolete","0","1","Plastic Box with Bin Guide","Komatsulite™, KCA","Obsolete","Thermostat","20 Pieces - 4 Values (5 Each)"
//media.digikey.com/pdf/Data%20Sheets/Bourns%20PDFs/PN-DESIGNKIT-58.pdf,//media.digikey.com/Photos/Bourns%20Photos/MFG_PN-DESIGNKIT-58.jpg,PN-DESIGNKIT-58-ND,PN-DESIGNKIT-58,Bourns Inc.,CIRC PRTCT KIT SURGE SUPPRES 3PC,0,0,"Obsolete","0","5","Plastic Box with Bin Guide","PortNote™","Obsolete","Surge Suppression","3 pcs - 3 values"
//media.digikey.com/pdf/Data%20Sheets/Bourns%20PDFs/PN-DESIGNKIT-47.pdf,-,PN-DESIGNKIT-47-ND,PN-DESIGNKIT-47,Bourns Inc.,CIRC PRTCT KIT SLIC PROT 3PC,0,0,"Obsolete","0","5","Plastic Box with Bin Guide","PortNote™","Obsolete","SLIC Protection","3 pcs - 2 values"
-,-,PN-DESIGNKIT-14-ND,PN-DESIGNKIT-14,Bourns Inc.,CIRC PRTCT DESIGN KIT 14,0,0,"Obsolete","0","0","-","-","Obsolete","-","-"
-,-,PN-DESIGNKIT-17-ND,PN-DESIGNKIT-17,Bourns Inc.,CIRC PRTCT DESIGN KIT 17,0,0,"Obsolete","0","0","-","-","Obsolete","-","-"
-,-,PN-DESIGNKIT-21-ND,PN-DESIGNKIT-21,Bourns Inc.,CIRC PRTCT DESIGN KIT 21,0,0,"Obsolete","0","0","-","-","Obsolete","-","-"
-,-,PN-DESIGNKIT-23-ND,PN-DESIGNKIT-23,Bourns Inc.,CIRC PRTCT DESIGN KIT 23,0,0,"Obsolete","0","0","-","-","Obsolete","-","-"
-,-,PN-DESIGNKIT-24-ND,PN-DESIGNKIT-24,Bourns Inc.,CIRC PRTCT DESIGN KIT 24,0,0,"Obsolete","0","0","-","-","Obsolete","-","-"
-,-,PN-DESIGNKIT-41-ND,PN-DESIGNKIT-41,Bourns Inc.,CIRC PRTCT DESIGN KIT 41,0,0,"Obsolete","0","0","-","-","Obsolete","-","-"
-,-,PN-DESIGNKIT-53-ND,PN-DESIGNKIT-53,Bourns Inc.,CIRC PRTCT DESIGN KIT 53,0,0,"Obsolete","0","0","-","-","Obsolete","-","-"
