Datasheets,Image,Digi-Key Part Number,Manufacturer Part Number,Manufacturer,Description,Quantity Available,Factory Stock,Unit Price (USD),@ qty,Minimum Quantity,"Packaging","Series","Part Status","Color","For Use With/Related Products","Label Size","Material","Label Type"
http://www.panduit.com/heiler/PartDrawings/C10814.pdf,//media.digikey.com/photos/Panduit%20Corp%20Photos/MFG_PCVB.jpg,298-18571-ND,PCVB-480Y,Panduit Corp,LABEL ID/RATINGS 3.25""X1.5"",15,0,"25.09000","0","1","Book","-","Active","Black Legend, Orange Background","-","3.25"" L x 1.50"" W (82.6mm x 38.1mm)","Vinyl","-"
http://www.panduit.com/heiler/PartDrawings/C10814.pdf,//media.digikey.com/photos/Panduit%20Corp%20Photos/MFG_PCVB.jpg,298-18570-ND,PCVB-220Y,Panduit Corp,LABEL ID/RATINGS 3.25""X1.5"",10,0,"25.09000","0","1","Book","-","Active","Black Legend, Orange Background","-","3.25"" L x 1.50"" W (82.6mm x 38.1mm)","Vinyl","-"
http://www.panduit.com/heiler/CatalogCutSheets/D-SFCC1--WW-ENG-PFMR2X15.pdf,//media.digikey.com/Photos/Panduit%20Corp%20Photos/PFMTS09BLU.jpg,298-10778-ND,PFMTS09BLU,Panduit Corp,LABEL 6""X6"" BLUE,25,0,"3.02000","0","1","Bulk","-","Active","Blue","-","6.00"" L x 6.00"" W (152.4mm x 152.4mm)","Vinyl","-"
http://www.panduit.com/heiler/CatalogCutSheets/D-SFCC1--WW-ENG-PFMR2X15.pdf,//media.digikey.com/Photos/Panduit%20Corp%20Photos/MFG_PFM0046.JPG,298-10794-ND,PFM0046,Panduit Corp,SIGN 24""X6"" BLACK/YELLOW,3,0,"27.18000","0","1","Bulk","-","Active","Black, Yellow","-","24.00"" L x 6.00"" W (609.6mm x 152.4mm)","Vinyl","-"
http://www.panduit.com/heiler/CatalogCutSheets/D-SFCC1--WW-ENG-PFMR2X15.pdf,//media.digikey.com/Photos/Panduit%20Corp%20Photos/PFMTS09YEL.jpg,298-10779-ND,PFMTS09YEL,Panduit Corp,LABEL 6""X6"" YELLOW,25,0,"3.02000","0","1","Bulk","-","Active","Yellow","-","6.00"" L x 6.00"" W (152.4mm x 152.4mm)","Vinyl","-"
http://www.panduit.com/heiler/CatalogCutSheets/D-SFCC1--WW-ENG-PFMR2X15.pdf,//media.digikey.com/Photos/Panduit%20Corp%20Photos/PFMTS11YEL.jpg,298-10780-ND,PFMTS11YEL,Panduit Corp,LABEL 9""X6"" YELLOW,25,0,"3.02000","0","1","Bulk","-","Active","Yellow","-","9.00"" L x 6.00"" W (228.6mm x 152.4mm)","Vinyl","-"
http://www.panduit.com/heiler/CatalogCutSheets/D-SFCC1--WW-ENG-PFMR2X15.pdf,//media.digikey.com/Photos/Panduit%20Corp%20Photos/MFG_PFMTS02GRN.JPG,298-10796-ND,PFMTS02GRN,Panduit Corp,LABEL 12""L GREEN,5,0,"19.12000","0","1","Bulk","-","Active","Green","-","12.00"" L (304.8mm)","Vinyl","-"
http://www.panduit.com/heiler/CatalogCutSheets/D-SFCC1--WW-ENG-PFMR2X15.pdf,//media.digikey.com/Photos/Panduit%20Corp%20Photos/MFG_PFMTS02YEL.JPG,298-10797-ND,PFMTS02YEL,Panduit Corp,LABEL 12""L YELLOW,5,0,"19.12000","0","1","Bulk","-","Active","Yellow","-","12.00"" L (304.8mm)","Vinyl","-"
http://www.panduit.com/heiler/CatalogCutSheets/D-SFCC1--WW-ENG-PFMR2X15.pdf,//media.digikey.com/Photos/Panduit%20Corp%20Photos/MFG_PFM0053.JPG,298-10795-ND,PFM0053,Panduit Corp,SIGN 24""X6"" BLACK/YELLOW,5,0,"23.98000","0","1","Bulk","-","Active","Black, Yellow","-","24.00"" L x 6.00"" W (609.6mm x 152.4mm)","Vinyl","-"
http://www.panduit.com/heiler/CatalogCutSheets/D-SFCC1--WW-ENG-PFMR2X15.pdf,//media.digikey.com/Photos/Panduit%20Corp%20Photos/MFG_PFM0040.JPG,298-10789-ND,PFM0040,Panduit Corp,SIGN 24""X6"" RED/WHITE,5,0,"27.18000","0","1","Bulk","-","Active","Red, White","-","24.00"" L x 6.00"" W (609.6mm x 152.4mm)","Vinyl","-"
http://www.panduit.com/heiler/CatalogCutSheets/D-SFCC1--WW-ENG-PFMR2X15.pdf,//media.digikey.com/Photos/Panduit%20Corp%20Photos/MFG_PFM0041.JPG,298-10790-ND,PFM0041,Panduit Corp,SIGN 24""X6"" WHITE/RED,5,0,"27.18000","0","1","Bulk","-","Active","White, Red","-","24.00"" L x 6.00"" W (609.6mm x 152.4mm)","Vinyl","-"
http://www.panduit.com/heiler/CatalogCutSheets/D-SFCC1--WW-ENG-PFMR2X15.pdf,//media.digikey.com/Photos/Panduit%20Corp%20Photos/MFG_PFM0042.JPG,298-10791-ND,PFM0042,Panduit Corp,SIGN 24""X6"" BLACK/YELLOW,5,0,"27.18000","0","1","Bulk","-","Active","Black, Yellow","-","24.00"" L x 6.00"" W (609.6mm x 152.4mm)","Vinyl","-"
http://www.panduit.com/heiler/CatalogCutSheets/D-SFCC1--WW-ENG-PFMR2X15.pdf,//media.digikey.com/Photos/Panduit%20Corp%20Photos/MFG_PFM0044.JPG,298-10792-ND,PFM0044,Panduit Corp,SIGN 24""X6"" BLACK/YELLOW,5,0,"27.18000","0","1","Bulk","-","Active","Black, Yellow","-","24.00"" L x 6.00"" W (609.6mm x 152.4mm)","Vinyl","-"
http://www.panduit.com/heiler/CatalogCutSheets/D-SFCC1--WW-ENG-PFMR2X15.pdf,//media.digikey.com/Photos/Panduit%20Corp%20Photos/MFG_PFM0045.JPG,298-10793-ND,PFM0045,Panduit Corp,SIGN 24""X6"" BLACK/YELLOW,5,0,"27.18000","0","1","Bulk","-","Active","Black, Yellow","-","24.00"" L x 6.00"" W (609.6mm x 152.4mm)","Vinyl","-"
http://www.panduit.com/heiler/CatalogCutSheets/D-SFCC1--WW-ENG-PFMR2X15.pdf,//media.digikey.com/Photos/Panduit%20Corp%20Photos/MFG_PFM0009.JPG,298-10823-ND,PFM0009,Panduit Corp,SIGN 17""DIA BLACK/YELLOW,4,0,"45.36000","0","1","Bulk","-","Active","Black Legend, Yellow Background","-","17.00"" Dia (431.8mm)","Vinyl","-"
http://www.panduit.com/heiler/CatalogCutSheets/D-SFCC1--WW-ENG-PFMR2X15.pdf,//media.digikey.com/Photos/Panduit%20Corp%20Photos/MFG_PFM0011.JPG,298-10824-ND,PFM0011,Panduit Corp,SIGN 17""DIA BLACK/YELLOW,4,0,"45.36000","0","1","Bulk","-","Active","Black Legend, Yellow Background","-","17.00"" Dia (431.8mm)","Vinyl","-"
http://www.panduit.com/heiler/CatalogCutSheets/D-SFCC1--WW-ENG-PFMR2X15.pdf,//media.digikey.com/Photos/Panduit%20Corp%20Photos/MFG_PFM0013.JPG,298-10825-ND,PFM0013,Panduit Corp,SIGN 17""DIA GREEN/BLACK/WHITE,4,0,"45.36000","0","1","Bulk","-","Active","Green and Black Legend, White Background","-","17.00"" Dia (431.8mm)","Vinyl","-"
http://www.panduit.com/heiler/CatalogCutSheets/D-SFCC1--WW-ENG-PFMR2X15.pdf,//media.digikey.com/Photos/Panduit%20Corp%20Photos/MFG_PFM0015.JPG,298-10826-ND,PFM0015,Panduit Corp,SIGN 17""DIA GREEN/BLACK/WHITE,4,0,"45.36000","0","1","Bulk","-","Active","Green and Black Legend, White Background","-","17.00"" Dia (431.8mm)","Vinyl","-"
http://www.panduit.com/heiler/CatalogCutSheets/D-SFCC1--WW-ENG-PFMR2X15.pdf,//media.digikey.com/Photos/Panduit%20Corp%20Photos/MFG_PFM0016.JPG,298-10827-ND,PFM0016,Panduit Corp,SIGN 17""DIA BLACK/YELLOW,4,0,"45.36000","0","1","Bulk","-","Active","Black, Yellow","-","17.00"" Dia (431.8mm)","Vinyl","-"
http://www.panduit.com/heiler/CatalogCutSheets/D-SFCC1--WW-ENG-PFMR2X15.pdf,//media.digikey.com/Photos/Panduit%20Corp%20Photos/MFG_PFM0017.JPG,298-10828-ND,PFM0017,Panduit Corp,SIGN 17""DIA BLACK/YELLOW,4,0,"45.36000","0","1","Bulk","-","Active","Black, Yellow","-","17.00"" Dia (431.8mm)","Vinyl","-"
http://www.panduit.com/heiler/CatalogCutSheets/D-SFCC1--WW-ENG-PFMR2X15.pdf,//media.digikey.com/Photos/Panduit%20Corp%20Photos/MFG_PFM0018.JPG,298-10829-ND,PFM0018,Panduit Corp,SIGN 17""DIA BLACK/YELLOW,4,0,"45.36000","0","1","Bulk","-","Active","Black, Yellow","-","17.00"" Dia (431.8mm)","Vinyl","-"
http://www.panduit.com/heiler/CatalogCutSheets/D-SFCC1--WW-ENG-PFMR2X15.pdf,//media.digikey.com/Photos/Panduit%20Corp%20Photos/MFG_PFM0020.JPG,298-10830-ND,PFM0020,Panduit Corp,SIGN 17""DIA WHITE/RED,4,0,"45.36000","0","1","Bulk","-","Active","White, Red","-","17.00"" Dia (431.8mm)","Vinyl","-"
http://www.panduit.com/heiler/CatalogCutSheets/D-SFCC1--WW-ENG-PFMR2X15.pdf,//media.digikey.com/Photos/Panduit%20Corp%20Photos/MFG_PFM0022.JPG,298-10831-ND,PFM0022,Panduit Corp,SIGN 17""DIA BLACK/ORANGE/WHITE,4,0,"45.36000","0","1","Bulk","-","Active","Black Legend, Orange and White Background","-","17.00"" Dia (431.8mm)","Vinyl","-"
http://www.panduit.com/heiler/CatalogCutSheets/D-SFCC1--WW-ENG-PFMR2X15.pdf,//media.digikey.com/Photos/Panduit%20Corp%20Photos/MFG_PFM0023.JPG,298-10832-ND,PFM0023,Panduit Corp,SIGN 17""DIA RED/WHITE,4,0,"45.36000","0","1","Bulk","-","Active","Red, White","-","17.00"" Dia (431.8mm)","Vinyl","-"
http://www.panduit.com/heiler/CatalogCutSheets/D-SFCC1--WW-ENG-PFMR2X15.pdf,//media.digikey.com/Photos/Panduit%20Corp%20Photos/MFG_PFM0024.JPG,298-10833-ND,PFM0024,Panduit Corp,SIGN 17""DIA RED/WHITE,4,0,"45.36000","0","1","Bulk","-","Active","Red, White","-","17.00"" Dia (431.8mm)","Vinyl","-"
http://www.panduit.com/heiler/CatalogCutSheets/D-SFCC1--WW-ENG-PFMR2X15.pdf,//media.digikey.com/Photos/Panduit%20Corp%20Photos/MFG_PFM0026.JPG,298-10834-ND,PFM0026,Panduit Corp,SIGN 17""DIA RED/WHITE,4,0,"45.36000","0","1","Bulk","-","Active","Red, White","-","17.00"" Dia (431.8mm)","Vinyl","-"
http://www.panduit.com/heiler/CatalogCutSheets/D-SFCC1--WW-ENG-PFMR2X15.pdf,//media.digikey.com/Photos/Panduit%20Corp%20Photos/MFG_PFM0027.JPG,298-10835-ND,PFM0027,Panduit Corp,SIGN 17""DIA BLACK/YELLOW,4,0,"45.36000","0","1","Bulk","-","Active","Black, Yellow","-","17.00"" Dia (431.8mm)","Vinyl","-"
http://www.panduit.com/heiler/CatalogCutSheets/D-SFCC1--WW-ENG-PFMR2X15.pdf,//media.digikey.com/Photos/Panduit%20Corp%20Photos/MFG_PFM0029.JPG,298-10836-ND,PFM0029,Panduit Corp,SIGN 17""DIA BLACK/BLUE/WHITE,4,0,"45.36000","0","1","Bulk","-","Active","Black and Blue Legend, White Background","-","17.00"" Dia (431.8mm)","Vinyl","-"
http://www.panduit.com/heiler/CatalogCutSheets/D-SFCC1--WW-ENG-PFMR2X15.pdf,//media.digikey.com/Photos/Panduit%20Corp%20Photos/MFG_PFM0030.JPG,298-10837-ND,PFM0030,Panduit Corp,SIGN 17""DIA RED/BLACK/WHITE,4,0,"45.36000","0","1","Bulk","-","Active","Red and Black Legend, White Background","-","17.00"" Dia (431.8mm)","Vinyl","-"
http://www.panduit.com/heiler/CatalogCutSheets/D-SFCC1--WW-ENG-PFMR2X15.pdf,//media.digikey.com/Photos/Panduit%20Corp%20Photos/MFG_PFM0032.JPG,298-10838-ND,PFM0032,Panduit Corp,SIGN 17""DIA RED/BLACK/WHITE,4,0,"45.36000","0","1","Bulk","-","Active","Red and Black Legend, White Background","-","17.00"" Dia (431.8mm)","Vinyl","-"
http://www.panduit.com/heiler/CatalogCutSheets/D-SFCC1--WW-ENG-PFMR2X15.pdf,//media.digikey.com/Photos/Panduit%20Corp%20Photos/MFG_PFM0033.JPG,298-10839-ND,PFM0033,Panduit Corp,SIGN 17""DIA RED/BLACK/WHITE,4,0,"45.36000","0","1","Bulk","-","Active","Red and Black Legend, White Background","-","17.00"" Dia (431.8mm)","Vinyl","-"
http://www.panduit.com/heiler/CatalogCutSheets/D-SFCC1--WW-ENG-PFMR2X15.pdf,//media.digikey.com/Photos/Panduit%20Corp%20Photos/MFG_PFM0060.JPG,298-10840-ND,PFM0060,Panduit Corp,"FLR SGN, NONSLP,17""DIAMND, EYE P",4,0,"45.36000","0","1","Bulk","-","Active","Black, Yellow","-","-","Vinyl","-"
http://www.panduit.com/heiler/CatalogCutSheets/D-SFCC1--WW-ENG-PFMR2X15.pdf,//media.digikey.com/Photos/Panduit%20Corp%20Photos/MFG_PFM0061.JPG,298-10841-ND,PFM0061,Panduit Corp,"FLR SGN, NONSLP,17""DIAMND, HEAR",4,0,"45.36000","0","1","Bulk","-","Active","Black, Yellow","-","-","Vinyl","-"
http://www.panduit.com/heiler/CatalogCutSheets/D-SFCC1--WW-ENG-PFMR2X15.pdf,//media.digikey.com/Photos/Panduit%20Corp%20Photos/MFG_PFM0062.JPG,298-10842-ND,PFM0062,Panduit Corp,"FLR SGN, NONSLP,17""DIAMND, HRD H",4,0,"45.36000","0","1","Bulk","-","Active","Black, Yellow","-","-","Vinyl","-"
http://www.panduit.com/heiler/CatalogCutSheets/D-SFCC1--WW-ENG-PFMR2X15.pdf,//media.digikey.com/Photos/Panduit%20Corp%20Photos/MFG_PFM0067.JPG,298-10820-ND,PFM0067,Panduit Corp,SIGN 20""X14"" BLACK/YELLOW,4,0,"48.40000","0","1","Bulk","-","Active","Black, Yellow","-","20.00"" L x 14.00"" W (508.0mm x 355.6mm)","Vinyl","-"
http://www.panduit.com/heiler/CatalogCutSheets/D-SFCC1--WW-ENG-PFMR2X15.pdf,//media.digikey.com/Photos/Panduit%20Corp%20Photos/MFG_PFM0068.JPG,298-10821-ND,PFM0068,Panduit Corp,SIGN 20""X14"" BLACK/YELLOW,4,0,"48.40000","0","1","Bulk","-","Active","Black, Yellow","-","20.00"" L x 14.00"" W (508.0mm x 355.6mm)","Vinyl","-"
http://www.panduit.com/heiler/CatalogCutSheets/D-SFCC1--WW-ENG-PFMR2X15.pdf,//media.digikey.com/Photos/Panduit%20Corp%20Photos/MFG_PFM0069.JPG,298-10822-ND,PFM0069,Panduit Corp,SIGN 20""X14"" BLACK/YELLOW,4,0,"48.40000","0","1","Bulk","-","Active","Black, Yellow","-","20.00"" L x 14.00"" W (508.0mm x 355.6mm)","Vinyl","-"
http://www.panduit.com/heiler/CatalogCutSheets/D-SFCC1--WW-ENG-PFMR2X15.pdf,//media.digikey.com/Photos/Panduit%20Corp%20Photos/MFG_PFM0037.JPG,298-10813-ND,PFM0037,Panduit Corp,SIGN 17""DIA RED/BLACK/WHITE,3,0,"53.43000","0","1","Bulk","-","Active","Red, Black","-","17.00"" Dia (431.8mm)","Vinyl","-"
"http://www.panduit.com/ccurl/382/183/SA-IDCB33_2012_LO-TO_WEB_6-21-13,0.pdf",//media.digikey.com/photos/Panduit%20Corp%20Photos/MFG_HT2S-BLK-YEL.jpg,298-18453-ND,HT2S-BLK-YEL,Panduit Corp,TAPE MARKING BLACK/YLW 2""X 18YDS,3,0,"42.77000","0","1","Roll","-","Active","Black/Yellow Striped","-","-","-","-"
-,-,PFMTS03BLK-ND,PFMTS03BLK,Panduit Corp,"NON-SLIP MRKG SHAPE, DOT, 3"", BK",0,0,"1.94000","0","1","-","*","Active","-","-","-","-","-"
-,-,PFMTS03BLU-ND,PFMTS03BLU,Panduit Corp,"NON-SLIP MRKG SHAPE, DOT, 3"", BU",0,0,"1.94000","0","1","-","*","Active","-","-","-","-","-"
-,-,PFMTS03GRN-ND,PFMTS03GRN,Panduit Corp,"NON-SLIP MRKG SHAPE, DOT, 3"", GN",0,0,"1.94000","0","1","-","*","Active","-","-","-","-","-"
-,-,PFMTS03ORN-ND,PFMTS03ORN,Panduit Corp,"NON-SLIP MRKG SHAPE, DOT, 3"", OR",0,0,"1.94000","0","1","-","*","Active","-","-","-","-","-"
-,-,PFMTS03RED-ND,PFMTS03RED,Panduit Corp,"NON-SLIP MRKG SHAPE, DOT, 3"", RD",0,0,"1.94000","0","1","-","*","Active","-","-","-","-","-"
-,-,PFMTS03WHT-ND,PFMTS03WHT,Panduit Corp,"NON-SLIP MRKG SHAPE, DOT, 3"", WT",0,0,"1.94000","0","1","-","*","Active","-","-","-","-","-"
-,-,PFMTS03YEL-ND,PFMTS03YEL,Panduit Corp,"NON-SLIP MRKG SHAPE, DOT, 3"", YL",0,0,"1.94000","0","1","-","*","Active","-","-","-","-","-"
-,-,PFMTS05BLK-ND,PFMTS05BLK,Panduit Corp,"NON-SLIP MRKG SHAPE, SQUARE, 3"",",0,0,"1.94000","0","1","-","*","Active","-","-","-","-","-"
-,-,PFMTS05BLU-ND,PFMTS05BLU,Panduit Corp,"NON-SLIP MRKG SHAPE, SQUARE, 3"",",0,0,"1.94000","0","1","-","*","Active","-","-","-","-","-"
-,-,PFMTS05GRN-ND,PFMTS05GRN,Panduit Corp,"NON-SLIP MRKG SHAPE, SQUARE, 3"",",0,0,"1.94000","0","1","-","*","Active","-","-","-","-","-"
-,-,PFMTS05ORN-ND,PFMTS05ORN,Panduit Corp,"NON-SLIP MRKG SHAPE, SQUARE, 3"",",0,0,"1.94000","0","1","-","*","Active","-","-","-","-","-"
-,-,PFMTS05RED-ND,PFMTS05RED,Panduit Corp,"NON-SLIP MRKG SHAPE, SQUARE, 3"",",0,0,"1.94000","0","1","-","*","Active","-","-","-","-","-"
-,-,PFMTS05WHT-ND,PFMTS05WHT,Panduit Corp,"NON-SLIP MRKG SHAPE, SQUARE, 3"",",0,0,"1.94000","0","1","-","*","Active","-","-","-","-","-"
-,-,PFMTS05YEL-ND,PFMTS05YEL,Panduit Corp,"NON-SLIP MRKG SHAPE, SQUARE, 3"",",0,0,"1.94000","0","1","-","*","Active","-","-","-","-","-"
-,-,PFMTS07BLK-ND,PFMTS07BLK,Panduit Corp,"NON-SLIP MRKG SHAPE, TRIANGLE, 3",0,0,"1.94000","0","1","-","*","Active","-","-","-","-","-"
-,-,PFMTS07BLU-ND,PFMTS07BLU,Panduit Corp,"NON-SLIP MRKG SHAPE, TRIANGLE, 3",0,0,"1.94000","0","1","-","*","Active","-","-","-","-","-"
-,-,PFMTS07GRN-ND,PFMTS07GRN,Panduit Corp,"NON-SLIP MRKG SHAPE, TRIANGLE, 3",0,0,"1.94000","0","1","-","*","Active","-","-","-","-","-"
-,-,PFMTS07ORN-ND,PFMTS07ORN,Panduit Corp,"NON-SLIP MRKG SHAPE, TRIANGLE, 3",0,0,"1.94000","0","1","-","*","Active","-","-","-","-","-"
-,-,PFMTS07RED-ND,PFMTS07RED,Panduit Corp,"NON-SLIP MRKG SHAPE, TRIANGLE, 3",0,0,"1.94000","0","1","-","*","Active","-","-","-","-","-"
-,-,PFMTS07WHT-ND,PFMTS07WHT,Panduit Corp,"NON-SLIP MRKG SHAPE, TRIANGLE, 3",0,0,"1.94000","0","1","-","*","Active","-","-","-","-","-"
-,-,PFMTS07YEL-ND,PFMTS07YEL,Panduit Corp,"NON-SLIP MRKG SHAPE, TRIANGLE, 3",0,0,"1.94000","0","1","-","*","Active","-","-","-","-","-"
-,-,PFMTS14BLK-ND,PFMTS14BLK,Panduit Corp,"NON-SLIP MRKG SHAPE, ARROW, 3"",",0,0,"1.94000","0","1","-","*","Active","-","-","-","-","-"
-,-,PFMTS14BLU-ND,PFMTS14BLU,Panduit Corp,"NON-SLIP MRKG SHAPE, ARROW, 3"",",0,0,"1.94000","0","1","-","*","Active","-","-","-","-","-"
-,-,PFMTS14GRN-ND,PFMTS14GRN,Panduit Corp,"NON-SLIP MRKG SHAPE, ARROW, 3"",",0,0,"1.94000","0","1","-","*","Active","-","-","-","-","-"
-,-,PFMTS14ORN-ND,PFMTS14ORN,Panduit Corp,"NON-SLIP MRKG SHAPE, ARROW, 3"",",0,0,"1.94000","0","1","-","*","Active","-","-","-","-","-"
-,-,PFMTS14RED-ND,PFMTS14RED,Panduit Corp,"NON-SLIP MRKG SHAPE, ARROW, 3"",",0,0,"1.94000","0","1","-","*","Active","-","-","-","-","-"
-,-,PFMTS14WHT-ND,PFMTS14WHT,Panduit Corp,"NON-SLIP MRKG SHAPE, ARROW, 3"",",0,0,"1.94000","0","1","-","*","Active","-","-","-","-","-"
-,-,PFMTS14YEL-ND,PFMTS14YEL,Panduit Corp,"NON-SLIP MRKG SHAPE, ARROW, 3"",",0,0,"1.94000","0","1","-","*","Active","-","-","-","-","-"
-,-,PFMTS04BLK-ND,PFMTS04BLK,Panduit Corp,"NON-SLIP MRKG SHAPE, DOT, 6"", BK",0,0,"2.48000","0","1","-","*","Active","-","-","-","-","-"
-,-,PFMTS04BLU-ND,PFMTS04BLU,Panduit Corp,"NON-SLIP MRKG SHAPE, DOT, 6"", BU",0,0,"2.48000","0","1","-","*","Active","-","-","-","-","-"
-,-,PFMTS04GRN-ND,PFMTS04GRN,Panduit Corp,"NON-SLIP MRKG SHAPE, DOT, 6"", GN",0,0,"2.48000","0","1","-","*","Active","-","-","-","-","-"
-,-,PFMTS04ORN-ND,PFMTS04ORN,Panduit Corp,"NON-SLIP MRKG SHAPE, DOT, 6"", OR",0,0,"2.48000","0","1","-","*","Active","-","-","-","-","-"
-,-,PFMTS04RED-ND,PFMTS04RED,Panduit Corp,"NON-SLIP MRKG SHAPE, DOT, 6"", RD",0,0,"2.48000","0","1","-","*","Active","-","-","-","-","-"
-,-,PFMTS04WHT-ND,PFMTS04WHT,Panduit Corp,"NON-SLIP MRKG SHAPE, DOT, 6"", WT",0,0,"2.48000","0","1","-","*","Active","-","-","-","-","-"
-,-,PFMTS04YEL-ND,PFMTS04YEL,Panduit Corp,"NON-SLIP MRKG SHAPE, DOT, 6"", YL",0,0,"2.48000","0","1","-","*","Active","-","-","-","-","-"
-,-,PFMTS06BLK-ND,PFMTS06BLK,Panduit Corp,"NON-SLIP MRKG SHAPE, SQUARE, 6"",",0,0,"2.48000","0","1","-","*","Active","-","-","-","-","-"
-,-,PFMTS06BLU-ND,PFMTS06BLU,Panduit Corp,"NON-SLIP MRKG SHAPE, SQUARE, 6"",",0,0,"2.48000","0","1","-","*","Active","-","-","-","-","-"
-,-,PFMTS06GRN-ND,PFMTS06GRN,Panduit Corp,"NON-SLIP MRKG SHAPE, SQUARE, 6"",",0,0,"2.48000","0","1","-","*","Active","-","-","-","-","-"
-,-,PFMTS06ORN-ND,PFMTS06ORN,Panduit Corp,"NON-SLIP MRKG SHAPE, SQUARE, 6"",",0,0,"2.48000","0","1","-","*","Active","-","-","-","-","-"
-,-,PFMTS06RED-ND,PFMTS06RED,Panduit Corp,"NON-SLIP MRKG SHAPE, SQUARE, 6"",",0,0,"2.48000","0","1","-","*","Active","-","-","-","-","-"
-,-,PFMTS06WHT-ND,PFMTS06WHT,Panduit Corp,"NON-SLIP MRKG SHAPE, SQUARE, 6"",",0,0,"2.48000","0","1","-","*","Active","-","-","-","-","-"
-,-,PFMTS06YEL-ND,PFMTS06YEL,Panduit Corp,"NON-SLIP MRKG SHAPE, SQUARE, 6"",",0,0,"2.48000","0","1","-","*","Active","-","-","-","-","-"
-,-,PFMTS08BLK-ND,PFMTS08BLK,Panduit Corp,"NON-SLIP MRKG SHAPE, TRIANGLE, 6",0,0,"2.48000","0","1","-","*","Active","-","-","-","-","-"
-,-,PFMTS08BLU-ND,PFMTS08BLU,Panduit Corp,"NON-SLIP MRKG SHAPE, TRIANGLE, 6",0,0,"2.48000","0","1","-","*","Active","-","-","-","-","-"
-,-,PFMTS08GRN-ND,PFMTS08GRN,Panduit Corp,"NON-SLIP MRKG SHAPE, TRIANGLE, 6",0,0,"2.48000","0","1","-","*","Active","-","-","-","-","-"
-,-,PFMTS08ORN-ND,PFMTS08ORN,Panduit Corp,"NON-SLIP MRKG SHAPE, TRIANGLE, 6",0,0,"2.48000","0","1","-","*","Active","-","-","-","-","-"
-,-,PFMTS08RED-ND,PFMTS08RED,Panduit Corp,"NON-SLIP MRKG SHAPE, TRIANGLE, 6",0,0,"2.48000","0","1","-","*","Active","-","-","-","-","-"
-,-,PFMTS08WHT-ND,PFMTS08WHT,Panduit Corp,"NON-SLIP MRKG SHAPE, TRIANGLE, 6",0,0,"2.48000","0","1","-","*","Active","-","-","-","-","-"
-,-,PFMTS08YEL-ND,PFMTS08YEL,Panduit Corp,"NON-SLIP MRKG SHAPE, TRIANGLE, 6",0,0,"2.48000","0","1","-","*","Active","-","-","-","-","-"
-,-,PFMTS15BLK-ND,PFMTS15BLK,Panduit Corp,"NON-SLIP MRKG SHAPE, ARROW, 6"",",0,0,"2.48000","0","1","-","*","Active","-","-","-","-","-"
-,-,PFMTS15BLU-ND,PFMTS15BLU,Panduit Corp,"NON-SLIP MRKG SHAPE, ARROW, 6"",",0,0,"2.48000","0","1","-","*","Active","-","-","-","-","-"
-,-,PFMTS15GRN-ND,PFMTS15GRN,Panduit Corp,"NON-SLIP MRKG SHAPE, ARROW, 6"",",0,0,"2.48000","0","1","-","*","Active","-","-","-","-","-"
-,-,PFMTS15ORN-ND,PFMTS15ORN,Panduit Corp,"NON-SLIP MRKG SHAPE, ARROW, 6"",",0,0,"2.48000","0","1","-","*","Active","-","-","-","-","-"
-,-,PFMTS15RED-ND,PFMTS15RED,Panduit Corp,"NON-SLIP MRKG SHAPE, ARROW, 6"",",0,0,"2.48000","0","1","-","*","Active","-","-","-","-","-"
-,-,PFMTS15WHT-ND,PFMTS15WHT,Panduit Corp,"NON-SLIP MRKG SHAPE, ARROW, 6"",",0,0,"2.48000","0","1","-","*","Active","-","-","-","-","-"
-,-,PFMTS15YEL-ND,PFMTS15YEL,Panduit Corp,"NON-SLIP MRKG SHAPE, ARROW, 6"",",0,0,"2.48000","0","1","-","*","Active","-","-","-","-","-"
-,-,PFMTS09BLK-ND,PFMTS09BLK,Panduit Corp,"NON-SLIP MRKG SHAPE, CORNER, 6X6",0,0,"3.02000","0","1","-","*","Active","-","-","-","-","-"
-,-,PFMTS09GRN-ND,PFMTS09GRN,Panduit Corp,"NON-SLIP MRKG SHAPE, CORNER, 6X6",0,0,"3.02000","0","1","-","*","Active","-","-","-","-","-"
-,-,PFMTS09ORN-ND,PFMTS09ORN,Panduit Corp,"NON-SLIP MRKG SHAPE, CORNER, 6X6",0,0,"3.02000","0","1","-","*","Active","-","-","-","-","-"
-,-,PFMTS09RED-ND,PFMTS09RED,Panduit Corp,"NON-SLIP MRKG SHAPE, CORNER, 6X6",0,0,"3.02000","0","1","-","*","Active","-","-","-","-","-"
-,-,PFMTS09WHT-ND,PFMTS09WHT,Panduit Corp,"NON-SLIP MRKG SHAPE, CORNER, 6X6",0,0,"3.02000","0","1","-","*","Active","-","-","-","-","-"
-,-,PFMTS11BLK-ND,PFMTS11BLK,Panduit Corp,"NON-SLIP MRKG SHAPE, T-CRNR, 6X9",0,0,"3.02000","0","1","-","*","Active","-","-","-","-","-"
-,-,PFMTS11BLU-ND,PFMTS11BLU,Panduit Corp,"NON-SLIP MRKG SHAPE, T-CRNR, 6X9",0,0,"3.02000","0","1","-","*","Active","-","-","-","-","-"
-,-,PFMTS11GRN-ND,PFMTS11GRN,Panduit Corp,"NON-SLIP MRKG SHAPE, T-CRNR, 6X9",0,0,"3.02000","0","1","-","*","Active","-","-","-","-","-"
-,-,PFMTS11ORN-ND,PFMTS11ORN,Panduit Corp,"NON-SLIP MRKG SHAPE, T-CRNR, 6X9",0,0,"3.02000","0","1","-","*","Active","-","-","-","-","-"
-,-,PFMTS11RED-ND,PFMTS11RED,Panduit Corp,"NON-SLIP MRKG SHAPE, T-CRNR, 6X9",0,0,"3.02000","0","1","-","*","Active","-","-","-","-","-"
-,-,PFMTS11WHT-ND,PFMTS11WHT,Panduit Corp,"NON-SLIP MRKG SHAPE, T-CRNR, 6X9",0,0,"3.02000","0","1","-","*","Active","-","-","-","-","-"
-,-,PFMTS17BLK-ND,PFMTS17BLK,Panduit Corp,"NON-SLIP MRKG SHAPE, QUAD, 9X9,",0,0,"3.02000","0","1","-","*","Active","-","-","-","-","-"
-,-,PFMTS17BLU-ND,PFMTS17BLU,Panduit Corp,"NON-SLIP MRKG SHAPE, QUAD, 9X9,",0,0,"3.02000","0","1","-","*","Active","-","-","-","-","-"
-,-,PFMTS17GRN-ND,PFMTS17GRN,Panduit Corp,"NON-SLIP MRKG SHAPE, QUAD, 9X9,",0,0,"3.02000","0","1","-","*","Active","-","-","-","-","-"
-,-,PFMTS17ORN-ND,PFMTS17ORN,Panduit Corp,"NON-SLIP MRKG SHAPE, QUAD, 9X9,",0,0,"3.02000","0","1","-","*","Active","-","-","-","-","-"
-,-,PFMTS17RED-ND,PFMTS17RED,Panduit Corp,"NON-SLIP MRKG SHAPE, QUAD, 9X9,",0,0,"3.02000","0","1","-","*","Active","-","-","-","-","-"
-,-,PFMTS17WHT-ND,PFMTS17WHT,Panduit Corp,"NON-SLIP MRKG SHAPE, QUAD, 9X9,",0,0,"3.02000","0","1","-","*","Active","-","-","-","-","-"
-,-,PFMTS17YEL-ND,PFMTS17YEL,Panduit Corp,"NON-SLIP MRKG SHAPE, QUAD, 9X9,",0,0,"3.02000","0","1","-","*","Active","-","-","-","-","-"
-,-,PFMTS20BLK-ND,PFMTS20BLK,Panduit Corp,"NON-SLIP MRKG SHAPE, 45 DEG CURV",0,0,"3.02000","0","1","-","*","Active","-","-","-","-","-"
-,-,PFMTS20BLU-ND,PFMTS20BLU,Panduit Corp,"NON-SLIP MRKG SHAPE, 45 DEG CURV",0,0,"3.02000","0","1","-","*","Active","-","-","-","-","-"
-,-,PFMTS20GRN-ND,PFMTS20GRN,Panduit Corp,"NON-SLIP MRKG SHAPE, 45 DEG CURV",0,0,"3.02000","0","1","-","*","Active","-","-","-","-","-"
-,-,PFMTS20ORN-ND,PFMTS20ORN,Panduit Corp,"NON-SLIP MRKG SHAPE, 45 DEG CURV",0,0,"3.02000","0","1","-","*","Active","-","-","-","-","-"
-,-,PFMTS20RED-ND,PFMTS20RED,Panduit Corp,"NON-SLIP MRKG SHAPE, 45 DEG CURV",0,0,"3.02000","0","1","-","*","Active","-","-","-","-","-"
-,-,PFMTS20WHT-ND,PFMTS20WHT,Panduit Corp,"NON-SLIP MRKG SHAPE, 45 DEG CURV",0,0,"3.02000","0","1","-","*","Active","-","-","-","-","-"
-,-,PFMTS20YEL-ND,PFMTS20YEL,Panduit Corp,"NON-SLIP MRKG SHAPE, 45 DEG CURV",0,0,"3.02000","0","1","-","*","Active","-","-","-","-","-"
-,-,PFMTS10BLK-ND,PFMTS10BLK,Panduit Corp,"NON-SLIP MRKG SHAPE, CORNER, 12X",0,0,"5.46000","0","1","-","*","Active","-","-","-","-","-"
-,-,PFMTS10BLU-ND,PFMTS10BLU,Panduit Corp,"NON-SLIP MRKG SHAPE, CORNER, 12X",0,0,"5.46000","0","1","-","*","Active","-","-","-","-","-"
-,-,PFMTS10GRN-ND,PFMTS10GRN,Panduit Corp,"NON-SLIP MRKG SHAPE, CORNER, 12X",0,0,"5.46000","0","1","-","*","Active","-","-","-","-","-"
-,-,PFMTS10ORN-ND,PFMTS10ORN,Panduit Corp,"NON-SLIP MRKG SHAPE, CORNER, 12X",0,0,"5.46000","0","1","-","*","Active","-","-","-","-","-"
-,-,PFMTS10RED-ND,PFMTS10RED,Panduit Corp,"NON-SLIP MRKG SHAPE, CORNER, 12X",0,0,"5.46000","0","1","-","*","Active","-","-","-","-","-"
-,-,PFMTS10WHT-ND,PFMTS10WHT,Panduit Corp,"NON-SLIP MRKG SHAPE, CORNER, 12X",0,0,"5.46000","0","1","-","*","Active","-","-","-","-","-"
-,-,PFMTS10YEL-ND,PFMTS10YEL,Panduit Corp,"NON-SLIP MRKG SHAPE, CORNER, 12X",0,0,"5.46000","0","1","-","*","Active","-","-","-","-","-"
-,-,PFMTS12BLK-ND,PFMTS12BLK,Panduit Corp,"NON-SLIP MRKG SHAPE, T-CRNR, 8X1",0,0,"5.46000","0","1","-","*","Active","-","-","-","-","-"
-,-,PFMTS12BLU-ND,PFMTS12BLU,Panduit Corp,"NON-SLIP MRKG SHAPE, T-CRNR, 8X1",0,0,"5.46000","0","1","-","*","Active","-","-","-","-","-"
-,-,PFMTS12GRN-ND,PFMTS12GRN,Panduit Corp,"NON-SLIP MRKG SHAPE, T-CRNR, 8X1",0,0,"5.46000","0","1","-","*","Active","-","-","-","-","-"
-,-,PFMTS12ORN-ND,PFMTS12ORN,Panduit Corp,"NON-SLIP MRKG SHAPE, T-CRNR, 8X1",0,0,"5.46000","0","1","-","*","Active","-","-","-","-","-"
-,-,PFMTS12RED-ND,PFMTS12RED,Panduit Corp,"NON-SLIP MRKG SHAPE, T-CRNR, 8X1",0,0,"5.46000","0","1","-","*","Active","-","-","-","-","-"
-,-,PFMTS12WHT-ND,PFMTS12WHT,Panduit Corp,"NON-SLIP MRKG SHAPE, T-CRNR, 8X1",0,0,"5.46000","0","1","-","*","Active","-","-","-","-","-"
-,-,PFMTS12YEL-ND,PFMTS12YEL,Panduit Corp,"NON-SLIP MRKG SHAPE, T-CRNR, 8X1",0,0,"5.46000","0","1","-","*","Active","-","-","-","-","-"
-,-,PFMTS16BLK-ND,PFMTS16BLK,Panduit Corp,"NON-SLIP MRKG SHAPE, ARROW, 12"",",0,0,"5.46000","0","1","-","*","Active","-","-","-","-","-"
-,-,PFMTS16BLU-ND,PFMTS16BLU,Panduit Corp,"NON-SLIP MRKG SHAPE, ARROW, 12"",",0,0,"5.46000","0","1","-","*","Active","-","-","-","-","-"
-,-,PFMTS16GRN-ND,PFMTS16GRN,Panduit Corp,"NON-SLIP MRKG SHAPE, ARROW, 12"",",0,0,"5.46000","0","1","-","*","Active","-","-","-","-","-"
-,-,PFMTS16ORN-ND,PFMTS16ORN,Panduit Corp,"NON-SLIP MRKG SHAPE, ARROW, 12"",",0,0,"5.46000","0","1","-","*","Active","-","-","-","-","-"
-,-,PFMTS16RED-ND,PFMTS16RED,Panduit Corp,"NON-SLIP MRKG SHAPE, ARROW, 12"",",0,0,"5.46000","0","1","-","*","Active","-","-","-","-","-"
-,-,PFMTS16WHT-ND,PFMTS16WHT,Panduit Corp,"NON-SLIP MRKG SHAPE, ARROW, 12"",",0,0,"5.46000","0","1","-","*","Active","-","-","-","-","-"
-,-,PFMTS16YEL-ND,PFMTS16YEL,Panduit Corp,"NON-SLIP MRKG SHAPE, ARROW, 12"",",0,0,"5.46000","0","1","-","*","Active","-","-","-","-","-"
-,-,PFMTS18BLK-ND,PFMTS18BLK,Panduit Corp,"NON-SLIP MRKG SHAPE, QUAD, 12X12",0,0,"5.46000","0","1","-","*","Active","-","-","-","-","-"
-,-,PFMTS18BLU-ND,PFMTS18BLU,Panduit Corp,"NON-SLIP MRKG SHAPE, QUAD, 12X12",0,0,"5.46000","0","1","-","*","Active","-","-","-","-","-"
-,-,PFMTS18GRN-ND,PFMTS18GRN,Panduit Corp,"NON-SLIP MRKG SHAPE, QUAD, 12X12",0,0,"5.46000","0","1","-","*","Active","-","-","-","-","-"
-,-,PFMTS18ORN-ND,PFMTS18ORN,Panduit Corp,"NON-SLIP MRKG SHAPE, QUAD, 12X12",0,0,"5.46000","0","1","-","*","Active","-","-","-","-","-"
-,-,PFMTS18RED-ND,PFMTS18RED,Panduit Corp,"NON-SLIP MRKG SHAPE, QUAD, 12X12",0,0,"5.46000","0","1","-","*","Active","-","-","-","-","-"
-,-,PFMTS18WHT-ND,PFMTS18WHT,Panduit Corp,"NON-SLIP MRKG SHAPE, QUAD, 12X12",0,0,"5.46000","0","1","-","*","Active","-","-","-","-","-"
-,-,PFMTS18YEL-ND,PFMTS18YEL,Panduit Corp,"NON-SLIP MRKG SHAPE, QUAD, 12X12",0,0,"5.46000","0","1","-","*","Active","-","-","-","-","-"
-,-,PFMTS19BLK-ND,PFMTS19BLK,Panduit Corp,"MARKING SHAPE, 45 DEG CURVE, 12""",0,0,"5.46000","0","1","-","*","Active","-","-","-","-","-"
-,-,PFMTS19BLU-ND,PFMTS19BLU,Panduit Corp,"MARKING SHAPE, 45 DEG CURVE, 12""",0,0,"5.46000","0","1","-","*","Active","-","-","-","-","-"
-,-,PFMTS19GRN-ND,PFMTS19GRN,Panduit Corp,"MARKING SHAPE, 45 DEG CURVE, 12""",0,0,"5.46000","0","1","-","*","Active","-","-","-","-","-"
-,-,PFMTS19ORN-ND,PFMTS19ORN,Panduit Corp,"MARKING SHAPE, 45 DEG CURVE, 12""",0,0,"5.46000","0","1","-","*","Active","-","-","-","-","-"
-,-,PFMTS19RED-ND,PFMTS19RED,Panduit Corp,"MARKING SHAPE, 45 DEG CURVE, 12""",0,0,"5.46000","0","1","-","*","Active","-","-","-","-","-"
-,-,PFMTS19WHT-ND,PFMTS19WHT,Panduit Corp,"MARKING SHAPE, 45 DEG CURVE, 12""",0,0,"5.46000","0","1","-","*","Active","-","-","-","-","-"
-,-,PFMTS19YEL-ND,PFMTS19YEL,Panduit Corp,"MARKING SHAPE, 45 DEG CURVE, 12""",0,0,"5.46000","0","1","-","*","Active","-","-","-","-","-"
-,-,PFMTS01BLK-ND,PFMTS01BLK,Panduit Corp,"NON-SLIP MRKG SHAPE, FTPRNT, 6"",",0,0,"18.48000","0","1","-","*","Active","-","-","-","-","-"
-,-,PFMTS01BLU-ND,PFMTS01BLU,Panduit Corp,"NON-SLIP MRKG SHAPE, FTPRNT, 6"",",0,0,"18.48000","0","1","-","*","Active","-","-","-","-","-"
-,-,PFMTS01GRN-ND,PFMTS01GRN,Panduit Corp,"NON-SLIP MRKG SHAPE, FTPRNT, 6"",",0,0,"18.48000","0","1","-","*","Active","-","-","-","-","-"
-,-,PFMTS01ORN-ND,PFMTS01ORN,Panduit Corp,"NON-SLIP MRKG SHAPE, FTPRNT, 6"",",0,0,"18.48000","0","1","-","*","Active","-","-","-","-","-"
-,-,PFMTS01RED-ND,PFMTS01RED,Panduit Corp,"NON-SLIP MRKG SHAPE, FTPRNT, 6"",",0,0,"18.48000","0","1","-","*","Active","-","-","-","-","-"
-,-,PFMTS01WHT-ND,PFMTS01WHT,Panduit Corp,"NON-SLIP MRKG SHAPE, FTPRNT, 6"",",0,0,"18.48000","0","1","-","*","Active","-","-","-","-","-"
-,-,PFMTS01YEL-ND,PFMTS01YEL,Panduit Corp,"NON-SLIP MRKG SHAPE, FTPRNT, 6"",",0,0,"18.48000","0","1","-","*","Active","-","-","-","-","-"
-,-,PFMTS02BLK-ND,PFMTS02BLK,Panduit Corp,"NON-SLIP MRKG SHAPE, FTPRNT, 12""",0,0,"19.12000","0","1","-","*","Active","-","-","-","-","-"
-,-,PFMTS02BLU-ND,PFMTS02BLU,Panduit Corp,"NON-SLIP MRKG SHAPE, FTPRNT, 12""",0,0,"19.12000","0","1","-","*","Active","-","-","-","-","-"
-,-,PFMTS02ORN-ND,PFMTS02ORN,Panduit Corp,"NON-SLIP MRKG SHAPE, FTPRNT, 12""",0,0,"19.12000","0","1","-","*","Active","-","-","-","-","-"
-,-,PFMTS02RED-ND,PFMTS02RED,Panduit Corp,"NON-SLIP MRKG SHAPE, FTPRNT, 12""",0,0,"19.12000","0","1","-","*","Active","-","-","-","-","-"
-,-,PFMTS02WHT-ND,PFMTS02WHT,Panduit Corp,"NON-SLIP MRKG SHAPE, FTPRNT, 12""",0,0,"19.12000","0","1","-","*","Active","-","-","-","-","-"
-,-,PFM0048-ND,PFM0048,Panduit Corp,"SIGN, 6X24, CAUTION KEEP CLEAR",0,0,"23.98000","0","1","-","*","Active","-","-","-","-","-"
-,-,PFM0049-ND,PFM0049,Panduit Corp,"SIGN, 6X24, CAUTION STEP DOWN",0,0,"23.98000","0","1","-","*","Active","-","-","-","-","-"
-,-,PFM0050-ND,PFM0050,Panduit Corp,"FLR SGN, NONSLIP, 6X24, CAUTION",0,0,"23.98000","0","1","-","*","Active","-","-","-","-","-"
-,-,PFM0051-ND,PFM0051,Panduit Corp,"SIGN, 6X24, CAUTION USE HANDRAIL",0,0,"23.98000","0","1","-","*","Active","-","-","-","-","-"
-,-,PFM0052-ND,PFM0052,Panduit Corp,"SIGN, 6X24, CAUTION WATCH FOR FO",0,0,"23.98000","0","1","-","*","Active","-","-","-","-","-"
http://www.panduit.com/heiler/PartDrawings/C10814.pdf,//media.digikey.com/photos/Panduit%20Corp%20Photos/MFG_PCVB.jpg,PCVB-110Y-ND,PCVB-110Y,Panduit Corp,LABEL ID/RATINGS 3.25""X1.5"",0,0,"25.09000","0","1","Book","-","Active","Black Legend, Orange Background","-","3.25"" L x 1.50"" W (82.6mm x 38.1mm)","Vinyl","-"
http://www.panduit.com/heiler/PartDrawings/C10814.pdf,//media.digikey.com/photos/Panduit%20Corp%20Photos/MFG_PCVB.jpg,PCVB-277/480Y-ND,PCVB-277/480Y,Panduit Corp,LABEL ID/RATINGS 3.25""X1.5"",0,0,"25.09000","0","1","Book","-","Active","Black Legend, Orange Background","-","3.25"" L x 1.50"" W (82.6mm x 38.1mm)","Vinyl","-"
http://www.panduit.com/heiler/PartDrawings/C10814.pdf,//media.digikey.com/photos/Panduit%20Corp%20Photos/MFG_PCVB.jpg,PCVB-277Y-ND,PCVB-277Y,Panduit Corp,LABEL ID/RATINGS 3.25""X1.5"",0,0,"25.09000","0","1","Book","-","Active","Black Legend, Orange Background","-","3.25"" L x 1.50"" W (82.6mm x 38.1mm)","Vinyl","-"
http://www.panduit.com/heiler/PartDrawings/C10814.pdf,//media.digikey.com/photos/Panduit%20Corp%20Photos/MFG_PCVB.jpg,PCVB-4160Y-ND,PCVB-4160Y,Panduit Corp,LABEL ID/RATINGS 3.25""X1.5"",0,0,"25.09000","0","1","Book","-","Active","Black Legend, Orange Background","-","3.25"" L x 1.50"" W (82.6mm x 38.1mm)","Vinyl","-"
http://www.panduit.com/heiler/PartDrawings/C10814.pdf,//media.digikey.com/photos/Panduit%20Corp%20Photos/MFG_PCVB.jpg,PCVB-440Y-ND,PCVB-440Y,Panduit Corp,LABEL ID/RATINGS 3.25""X1.5"",0,0,"25.09000","0","1","Book","-","Active","Black Legend, Orange Background","-","3.25"" L x 1.50"" W (82.6mm x 38.1mm)","Vinyl","-"
-,-,PFM0043-ND,PFM0043,Panduit Corp,"FLR SGN, NONSKD, 6X24, USE HANDR",0,0,"27.18000","0","1","-","*","Active","-","-","-","-","-"
-,-,PFM0047-ND,PFM0047,Panduit Corp,"SIGN, 6X24, WATCH FR FORKLIFTS",0,0,"27.18000","0","1","-","*","Active","-","-","-","-","-"
-,-,PCSP0003-ND,PCSP0003,Panduit Corp,"CONF SPC,DO NT ENTR,EA",0,0,"30.44000","0","1","-","*","Active","-","-","-","-","-"
-,-,PCSP0004-ND,PCSP0004,Panduit Corp,"CONF SPC,ENTR BY PE,EA",0,0,"30.44000","0","1","-","*","Active","-","-","-","-","-"
-,-,PCSP0005-ND,PCSP0005,Panduit Corp,"CONF SPC,PERM REQD CONF SP,EA",0,0,"30.44000","0","1","-","*","Active","-","-","-","-","-"
-,-,PBB0127-ND,PBB0127,Panduit Corp,"REV FREE-STNDG SGN, CAUTION",0,0,"38.86000","0","1","-","*","Active","-","-","-","-","-"
-,-,PBB0128-ND,PBB0128,Panduit Corp,"REV FREE-STNDG SGN, DANGER",0,0,"38.86000","0","1","-","*","Active","-","-","-","-","-"
-,-,PBB0129-ND,PBB0129,Panduit Corp,"REV FREE-STNDG SGN, DO NOT ENTER",0,0,"38.86000","0","1","-","*","Active","-","-","-","-","-"
-,-,PBB0130-ND,PBB0130,Panduit Corp,"REV FREE-STNDG SGN, HIGH VOLTAGE",0,0,"38.86000","0","1","-","*","Active","-","-","-","-","-"
-,-,PBB0131-ND,PBB0131,Panduit Corp,"REV FREE-STNDG SGN, MEN WORKING",0,0,"38.86000","0","1","-","*","Active","-","-","-","-","-"
-,-,PBB0132-ND,PBB0132,Panduit Corp,"REV FREE-STNDG SGN, MEN WORKING",0,0,"38.86000","0","1","-","*","Active","-","-","-","-","-"
-,-,PBB0133-ND,PBB0133,Panduit Corp,"REV FREE-STNDG SGN, RESTROOM CLO",0,0,"38.86000","0","1","-","*","Active","-","-","-","-","-"
-,-,PBB0134-ND,PBB0134,Panduit Corp,"REV FREE-STNDG SGN, SLIPPERY HAZ",0,0,"38.86000","0","1","-","*","Active","-","-","-","-","-"
-,-,PBB0135-ND,PBB0135,Panduit Corp,"REV FREE-STNDG SGN, WATCH YOUR S",0,0,"38.86000","0","1","-","*","Active","-","-","-","-","-"
-,-,PBB0136-ND,PBB0136,Panduit Corp,"REV FREE-STNDG SGN, WET FLOOR",0,0,"38.86000","0","1","-","*","Active","-","-","-","-","-"
-,-,PBB0137-ND,PBB0137,Panduit Corp,"REV FREE-STNDG SGN, WET PAINT",0,0,"38.86000","0","1","-","*","Active","-","-","-","-","-"
-,-,PBB0067-ND,PBB0067,Panduit Corp,"CONE TOP SGN, (BLANK)",0,0,"38.93000","0","1","-","*","Active","-","-","-","-","-"
-,-,PBB0068-ND,PBB0068,Panduit Corp,"CONE TOP SGN, CAUTION",0,0,"38.93000","0","1","-","*","Active","-","-","-","-","-"
-,-,PBB0069-ND,PBB0069,Panduit Corp,"CONE TOP SGN, DO NOT ENTER",0,0,"38.93000","0","1","-","*","Active","-","-","-","-","-"
-,-,PBB0070-ND,PBB0070,Panduit Corp,"CONE TOP SGN, KEEP LFT (ARROW)",0,0,"38.93000","0","1","-","*","Active","-","-","-","-","-"
-,-,PBB0071-ND,PBB0071,Panduit Corp,"CONE TOP SGN, KEEP RT (ARROW)",0,0,"38.93000","0","1","-","*","Active","-","-","-","-","-"
-,-,PBB0072-ND,PBB0072,Panduit Corp,"CONE TOP SGN, MEN WORKING",0,0,"38.93000","0","1","-","*","Active","-","-","-","-","-"
-,-,PBB0073-ND,PBB0073,Panduit Corp,"CONE TOP SGN, NO PARKING",0,0,"38.93000","0","1","-","*","Active","-","-","-","-","-"
-,-,PBB0074-ND,PBB0074,Panduit Corp,"CONE TOP SGN, SLOW",0,0,"38.93000","0","1","-","*","Active","-","-","-","-","-"
-,-,PBB0077-ND,PBB0077,Panduit Corp,"CONE TOP SGN, (ARROW)",0,0,"38.93000","0","1","-","*","Active","-","-","-","-","-"
http://www.panduit.com/heiler/PartDrawings/C10939.pdf,//media.digikey.com/photos/Panduit%20Corp%20Photos/MFG_HT2S-RED-WHT.jpg,HT2S-RED-WHT-ND,HT2S-RED-WHT,Panduit Corp,TAPE HAZARD ADH RED,0,0,"42.77000","0","1","-","*","Active","-","-","-","-","-"
-,-,PFM0008-ND,PFM0008,Panduit Corp,"FLR SGN, NONSLP, 17""DIA, AUTH PR",0,0,"45.36000","0","1","-","*","Active","-","-","-","-","-"
-,-,PFM0010-ND,PFM0010,Panduit Corp,"FLR SGN, NONSLP, 17""DIA, DO NOT",0,0,"45.36000","0","1","-","*","Active","-","-","-","-","-"
-,-,PFM0012-ND,PFM0012,Panduit Corp,"SIGN, 17""DIA, FIRE EXTINGUISHER",0,0,"45.36000","0","1","-","*","Active","-","-","-","-","-"
-,-,PFM0014-ND,PFM0014,Panduit Corp,"FLR SGN, NONSLP, 17""DIA, EXIT (A",0,0,"45.36000","0","1","-","*","Active","-","-","-","-","-"
-,-,PFM0019-ND,PFM0019,Panduit Corp,"SIGN, 17""DIA, FIRST AID STATION",0,0,"45.36000","0","1","-","*","Active","-","-","-","-","-"
-,-,PFM0021-ND,PFM0021,Panduit Corp,"FLR SGN, NONSLIP, 17"" DIA, DO NO",0,0,"45.36000","0","1","-","*","Active","-","-","-","-","-"
-,-,PFM0025-ND,PFM0025,Panduit Corp,"SIGN, 17""DIA, KEEP CLEAR FIRE EX",0,0,"45.36000","0","1","-","*","Active","-","-","-","-","-"
-,-,PFM0028-ND,PFM0028,Panduit Corp,"SIGN, 17""DIA, FLR SIGN, RSTRCTD",0,0,"45.36000","0","1","-","*","Active","-","-","-","-","-"
-,-,PFM0031-ND,PFM0031,Panduit Corp,"SIGN, 17""DIA, FLR SIGN, AUTH PER",0,0,"45.36000","0","1","-","*","Active","-","-","-","-","-"
-,-,PFM0054-ND,PFM0054,Panduit Corp,"FLR SGN, NONSLP,17""DIAMND, FORKL",0,0,"45.36000","0","1","-","*","Active","-","-","-","-","-"
-,-,PFM0055-ND,PFM0055,Panduit Corp,"FLR SGN, NONSLP,17""DIAMND, FRKLF",0,0,"45.36000","0","1","-","*","Active","-","-","-","-","-"
-,-,PFM0056-ND,PFM0056,Panduit Corp,"FLR SGN, NONSLP,17""DIAMND, FRKLF",0,0,"45.36000","0","1","-","*","Active","-","-","-","-","-"
-,-,PFM0057-ND,PFM0057,Panduit Corp,"FLR SGN, NONSLP,17""DIAMND, PED S",0,0,"45.36000","0","1","-","*","Active","-","-","-","-","-"
-,-,PFM0058-ND,PFM0058,Panduit Corp,"FLR SGN, NONSLP,17""DIAMND, CTN P",0,0,"45.36000","0","1","-","*","Active","-","-","-","-","-"
-,-,PFM0059-ND,PFM0059,Panduit Corp,"FLR SGN, NONSLP,17""DIAMND, PED W",0,0,"45.36000","0","1","-","*","Active","-","-","-","-","-"
-,-,PFM0071-ND,PFM0071,Panduit Corp,"FLR SGN, NONSLP,17""TRIANGLE, DAN",0,0,"45.36000","0","1","-","*","Active","-","-","-","-","-"
-,-,PFM0072-ND,PFM0072,Panduit Corp,"FLR SGN, NONSLP,17""TRIANGLE, EXI",0,0,"45.36000","0","1","-","*","Active","-","-","-","-","-"
-,-,PFM0073-ND,PFM0073,Panduit Corp,"SIGN, 17""TRIANGLE, WATCH YR STEP",0,0,"45.36000","0","1","-","*","Active","-","-","-","-","-"
-,-,PFM0074-ND,PFM0074,Panduit Corp,"SIGN, 17""TRIANGLE, AUTH PERS ONL",0,0,"45.36000","0","1","-","*","Active","-","-","-","-","-"
-,-,PFM0075-ND,PFM0075,Panduit Corp,"SIGN, 17""TRIANGLE, FRKLFT TRAF W",0,0,"45.36000","0","1","-","*","Active","-","-","-","-","-"
-,-,PFM0076-ND,PFM0076,Panduit Corp,"FLR SGN, NONSLP,17""TRIANGLE, CAU",0,0,"45.36000","0","1","-","*","Active","-","-","-","-","-"
-,-,PFM0077-ND,PFM0077,Panduit Corp,"SIGN, 17""DIA,"" BFR LDG,UNLDG CHK",0,0,"45.36000","0","1","-","*","Active","-","-","-","-","-"
-,-,PFM0078-ND,PFM0078,Panduit Corp,"FLR SGN, PAVE PRNT,17""DIA,"" DO N",0,0,"45.36000","0","1","-","*","Active","-","-","-","-","-"
-,-,PFM0079-ND,PFM0079,Panduit Corp,"SIGN, 17""DIA,"" NOT AN ENTRANCE",0,0,"45.36000","0","1","-","*","Active","-","-","-","-","-"
-,-,PFM0080-ND,PFM0080,Panduit Corp,"SIGN, 17""DIA,"" EMPLOYEES ONLY",0,0,"45.36000","0","1","-","*","Active","-","-","-","-","-"
-,-,PFM0081-ND,PFM0081,Panduit Corp,"SIGN, 17""DIA,"" NO PARKING HERE",0,0,"45.36000","0","1","-","*","Active","-","-","-","-","-"
-,-,PFM0082-ND,PFM0082,Panduit Corp,"SIGN, 17""DIA,"" DELIVERIES ONLY",0,0,"45.36000","0","1","-","*","Active","-","-","-","-","-"
-,-,PFM0083-ND,PFM0083,Panduit Corp,"SIGN, 17""DIA,"" PLEASE USE OTHER",0,0,"45.36000","0","1","-","*","Active","-","-","-","-","-"
-,-,PFM0084-ND,PFM0084,Panduit Corp,"SIGN, 17""DIA,"" WATCH OUT TRUCK T",0,0,"45.36000","0","1","-","*","Active","-","-","-","-","-"
-,-,PFM0085-ND,PFM0085,Panduit Corp,"FLR SGN, PAVE PRNT,17""DIA,"" NO S",0,0,"45.36000","0","1","-","*","Active","-","-","-","-","-"
-,-,PFM0086-ND,PFM0086,Panduit Corp,"SIGN,17""DIA,"" WATCH OUT FORKLIFT",0,0,"45.36000","0","1","-","*","Active","-","-","-","-","-"
-,-,PFM0087-ND,PFM0087,Panduit Corp,"SIGN, 17""DIA,"" PEDESTRIAN CROSSW",0,0,"45.36000","0","1","-","*","Active","-","-","-","-","-"
-,-,PFM0088-ND,PFM0088,Panduit Corp,"SIGN, 17""DIA,"" DRIVER MUST CHOCK",0,0,"45.36000","0","1","-","*","Active","-","-","-","-","-"
-,-,PFM0089-ND,PFM0089,Panduit Corp,"SIGN, 17""DIA,"" WARNING STEPS AHE",0,0,"45.36000","0","1","-","*","Active","-","-","-","-","-"
-,-,PFM0063-ND,PFM0063,Panduit Corp,"SIGN, 20X14, CAUTION WATCH FORKL",0,0,"48.40000","0","1","-","*","Active","-","-","-","-","-"
-,-,PFM0064-ND,PFM0064,Panduit Corp,"SIGN, 20X14, CAUTION WATCH YOUR",0,0,"48.40000","0","1","-","*","Active","-","-","-","-","-"
-,-,PFM0065-ND,PFM0065,Panduit Corp,"SIGN, 20X14, CAUTION RESTRICTED",0,0,"48.40000","0","1","-","*","Active","-","-","-","-","-"
-,-,PFM0066-ND,PFM0066,Panduit Corp,"FLR SGN, NONSLP,20X14, EYE WASH",0,0,"48.40000","0","1","-","*","Active","-","-","-","-","-"
-,-,PFM0070-ND,PFM0070,Panduit Corp,"SIGN, 20X14, STOP AUTHORIZED PER",0,0,"48.40000","0","1","-","*","Active","-","-","-","-","-"
-,-,PBB0058-ND,PBB0058,Panduit Corp,"FREE-STNDG SGN, CTN CNF SPC ENTR",0,0,"52.60000","0","1","-","*","Active","-","-","-","-","-"
-,-,PBB0075-ND,PBB0075,Panduit Corp,"FREE-STNDG SGN, DGR CNF SPC",0,0,"52.60000","0","1","-","*","Active","-","-","-","-","-"
-,-,PBB0087-ND,PBB0087,Panduit Corp,"FREE-STNDG SGN, CTN MEN WRKNG (W",0,0,"52.60000","0","1","-","*","Active","-","-","-","-","-"
-,-,PBB0088-ND,PBB0088,Panduit Corp,"FREE-STNDG SGN, DO NT ENTR (W/SY",0,0,"52.60000","0","1","-","*","Active","-","-","-","-","-"
-,-,PBB0089-ND,PBB0089,Panduit Corp,"SIGN, AR CLSD DO NT ENTR (W/SYM)",0,0,"52.60000","0","1","-","*","Active","-","-","-","-","-"
-,-,PBB0090-ND,PBB0090,Panduit Corp,"FREE-STNDG SGN, AUTH PRSNL ONLY",0,0,"52.60000","0","1","-","*","Active","-","-","-","-","-"
-,-,PBB0097-ND,PBB0097,Panduit Corp,"FREE-STNDG SGN, DGR CNF SPC ENTR",0,0,"52.60000","0","1","-","*","Active","-","-","-","-","-"
-,-,PBB0098-ND,PBB0098,Panduit Corp,"FREE-STNDG SGN, DGR PRMT RQD CNF",0,0,"52.60000","0","1","-","*","Active","-","-","-","-","-"
-,-,PBB0100-ND,PBB0100,Panduit Corp,"FREE-STNDG SGN, DGR OVRHD HZD (W",0,0,"52.60000","0","1","-","*","Active","-","-","-","-","-"
-,-,PBB0102-ND,PBB0102,Panduit Corp,"FREE-STNDG SGN, NO SMKNG (W/SYM)",0,0,"52.60000","0","1","-","*","Active","-","-","-","-","-"
-,-,PBB0104-ND,PBB0104,Panduit Corp,"FREE-STNDG SGN, NTC TEMP CLSD (W",0,0,"52.60000","0","1","-","*","Active","-","-","-","-","-"
-,-,PBB0107-ND,PBB0107,Panduit Corp,"FREE-STNDG SGN, STOP (W/SYM)",0,0,"52.60000","0","1","-","*","Active","-","-","-","-","-"
-,-,PBB0091-ND,PBB0091,Panduit Corp,"FREE-STNDG SGN, CAUTION WET FLOO",0,0,"52.81000","0","1","-","*","Active","-","-","-","-","-"
-,-,PBB0092-ND,PBB0092,Panduit Corp,"FREE-STNDG SGN, CTN SLIPPERY FLO",0,0,"52.81000","0","1","-","*","Active","-","-","-","-","-"
-,-,PBB0093-ND,PBB0093,Panduit Corp,"FREE-STNDG SGN, CTN SLIPPERY WHE",0,0,"52.81000","0","1","-","*","Active","-","-","-","-","-"
-,-,PBB0094-ND,PBB0094,Panduit Corp,"FREE-STNDG SGN, CTN TRIPPING HAZ",0,0,"52.81000","0","1","-","*","Active","-","-","-","-","-"
-,-,PBB0095-ND,PBB0095,Panduit Corp,"FREE-STNDG SGN, CTN WATCH YOUR S",0,0,"52.81000","0","1","-","*","Active","-","-","-","-","-"
-,-,PBB0096-ND,PBB0096,Panduit Corp,"FREE-STNDG SGN, CTN WET PAINT",0,0,"52.81000","0","1","-","*","Active","-","-","-","-","-"
-,-,PBB0099-ND,PBB0099,Panduit Corp,"FREE-STNDG SGN, DNGR HIGH VOLTAG",0,0,"52.81000","0","1","-","*","Active","-","-","-","-","-"
-,-,PBB0101-ND,PBB0101,Panduit Corp,"FREE-STNDG SGN, DNGR PERSONS WOR",0,0,"52.81000","0","1","-","*","Active","-","-","-","-","-"
-,-,PBB0103-ND,PBB0103,Panduit Corp,"FREE-STNDG SGN, NOTICE (BLANK) W",0,0,"52.81000","0","1","-","*","Active","-","-","-","-","-"
-,-,PBB0105-ND,PBB0105,Panduit Corp,"FREE-STNDG SGN, NTC RESTROOM CLO",0,0,"52.81000","0","1","-","*","Active","-","-","-","-","-"
-,-,PBB0106-ND,PBB0106,Panduit Corp,"FREE-STNDG SGN, POSITIVELY NO PA",0,0,"52.81000","0","1","-","*","Active","-","-","-","-","-"
-,-,PBB0108-ND,PBB0108,Panduit Corp,"FREE-STNDG SGN, WARNING RESTRICT",0,0,"52.81000","0","1","-","*","Active","-","-","-","-","-"
-,-,PFM0034-ND,PFM0034,Panduit Corp,"FLR SGN, NONSLP, 17""DIA, ARROW (",0,0,"53.43000","0","1","-","*","Active","-","-","-","-","-"
-,-,PFM0035-ND,PFM0035,Panduit Corp,"SIGN, 17""DIA, EMERGENCY EXIT (GL",0,0,"53.43000","0","1","-","*","Active","-","-","-","-","-"
-,-,PFM0036-ND,PFM0036,Panduit Corp,"SIGN, 17""DIA, DO NOT ENTER (GLOW",0,0,"53.43000","0","1","-","*","Active","-","-","-","-","-"
-,-,PBB0018-ND,PBB0018,Panduit Corp,"MLD FREE-STNDG SGN, CTN WET FLOO",0,0,"55.65000","0","1","-","*","Active","-","-","-","-","-"
-,-,PBB0019-ND,PBB0019,Panduit Corp,"MLD FREE-STNDG SGN, CTN WET FLR",0,0,"55.65000","0","1","-","*","Active","-","-","-","-","-"
-,-,PBB0020-ND,PBB0020,Panduit Corp,"MLD FREE STND SGN, CTN WET FLOOR",0,0,"55.65000","0","1","-","*","Active","-","-","-","-","-"
-,-,PBB0021-ND,PBB0021,Panduit Corp,"MLD FREE-STNDG SGN, (BLANK)",0,0,"55.65000","0","1","-","*","Active","-","-","-","-","-"
http://www.panduit.com/heiler/ProductBulletins/D-SFCB04--WW-ENG-FacilityIDTapes-W.pdf,-,FT2-BLK-ND,FT2-BLK,Panduit Corp,TAPE FLOOR BLACK,0,0,"57.28000","0","1","-","*","Active","-","-","-","-","-"
http://www.panduit.com/heiler/ProductBulletins/D-SFCB04--WW-ENG-FacilityIDTapes-W.pdf,-,FT2-BLU-ND,FT2-BLU,Panduit Corp,TAPE FLOOR BLUE,0,0,"57.28000","0","1","-","*","Active","-","-","-","-","-"
http://www.panduit.com/heiler/ProductBulletins/D-SFCB04--WW-ENG-FacilityIDTapes-W.pdf,-,FT2-GRN-ND,FT2-GRN,Panduit Corp,TAPE FLOOR GRN,0,0,"57.28000","0","1","-","*","Active","-","-","-","-","-"
http://www.panduit.com/heiler/ProductBulletins/D-SFCB04--WW-ENG-FacilityIDTapes-W.pdf,-,FT2-ORN-ND,FT2-ORN,Panduit Corp,TAPE FLOOR ORANGE,0,0,"57.28000","0","1","-","*","Active","-","-","-","-","-"
http://www.panduit.com/heiler/ProductBulletins/D-SFCB04--WW-ENG-FacilityIDTapes-W.pdf,-,FT2-RED-ND,FT2-RED,Panduit Corp,TAPE FLOOR RED,0,0,"57.28000","0","1","-","*","Active","-","-","-","-","-"
http://www.panduit.com/heiler/ProductBulletins/D-SFCB04--WW-ENG-FacilityIDTapes-W.pdf,-,FT2S-BLK-WHT-ND,FT2S-BLK-WHT,Panduit Corp,TAPE FLOOR BLK/WHT,0,0,"57.28000","0","1","-","*","Active","-","-","-","-","-"
http://www.panduit.com/heiler/ProductBulletins/D-SFCB04--WW-ENG-FacilityIDTapes-W.pdf,-,FT2S-BLK-YEL-ND,FT2S-BLK-YEL,Panduit Corp,TAPE FLOOR BLK/YEL,0,0,"57.28000","0","1","-","*","Active","-","-","-","-","-"
http://www.panduit.com/heiler/ProductBulletins/D-SFCB04--WW-ENG-FacilityIDTapes-W.pdf,-,FT2S-RED-WHT-ND,FT2S-RED-WHT,Panduit Corp,TAPE FLOOR RED/WHT,0,0,"57.28000","0","1","-","*","Active","-","-","-","-","-"
http://www.panduit.com/heiler/ProductBulletins/D-SFCB04--WW-ENG-FacilityIDTapes-W.pdf,-,FT2-WHT-ND,FT2-WHT,Panduit Corp,TAPE FLOOR WHITE,0,0,"57.28000","0","1","-","*","Active","-","-","-","-","-"
http://www.panduit.com/heiler/ProductBulletins/D-SFCB04--WW-ENG-FacilityIDTapes-W.pdf,-,FT2-YEL-ND,FT2-YEL,Panduit Corp,TAPE FLOOR YELLOW,0,0,"57.28000","0","1","-","*","Active","-","-","-","-","-"
http://www.panduit.com/heiler/PartDrawings/C10939.pdf,-,HT3S-BLK-YEL-ND,HT3S-BLK-YEL,Panduit Corp,TAPE HAZARD ADH BLACK,0,0,"57.66000","0","1","-","*","Active","-","-","-","-","-"
http://www.panduit.com/heiler/PartDrawings/C10939.pdf,-,HT3S-RED-WHT-ND,HT3S-RED-WHT,Panduit Corp,TAPE HAZARD ADH RED,0,0,"57.66000","0","1","-","*","Active","-","-","-","-","-"
-,-,PCSP0001-ND,PCSP0001,Panduit Corp,"CONF SPC,RIGID PVC,EA",0,0,"69.56000","0","1","-","*","Active","-","-","-","-","-"
-,-,PCSP0002-ND,PCSP0002,Panduit Corp,"CONF SPC,PAPER,PK100",0,0,"73.71000","0","1","-","*","Active","-","-","-","-","-"
http://www.panduit.com/heiler/ProductBulletins/D-SFCB04--WW-ENG-FacilityIDTapes-W.pdf,-,FT3-BLK-ND,FT3-BLK,Panduit Corp,TAPE FLOOR BLK,0,0,"83.90000","0","1","-","*","Active","-","-","-","-","-"
http://www.panduit.com/heiler/ProductBulletins/D-SFCB04--WW-ENG-FacilityIDTapes-W.pdf,-,FT3-BLU-ND,FT3-BLU,Panduit Corp,TAPE FLOOR BLUE,0,0,"83.90000","0","1","-","*","Active","-","-","-","-","-"
http://www.panduit.com/heiler/ProductBulletins/D-SFCB04--WW-ENG-FacilityIDTapes-W.pdf,-,FT3-GRN-ND,FT3-GRN,Panduit Corp,TAPE FLOOR GRN,0,0,"83.90000","0","1","-","*","Active","-","-","-","-","-"
http://www.panduit.com/heiler/ProductBulletins/D-SFCB04--WW-ENG-FacilityIDTapes-W.pdf,-,FT3-ORN-ND,FT3-ORN,Panduit Corp,TAPE FLOOR ORANGE,0,0,"83.90000","0","1","-","*","Active","-","-","-","-","-"
http://www.panduit.com/heiler/ProductBulletins/D-SFCB04--WW-ENG-FacilityIDTapes-W.pdf,-,FT3-RED-ND,FT3-RED,Panduit Corp,TAPE FLOOR RED,0,0,"83.90000","0","1","-","*","Active","-","-","-","-","-"
http://www.panduit.com/heiler/ProductBulletins/D-SFCB04--WW-ENG-FacilityIDTapes-W.pdf,-,FT3S-BLK-WHT-ND,FT3S-BLK-WHT,Panduit Corp,TAPE FLOOR BLK/WHT,0,0,"83.90000","0","1","-","*","Active","-","-","-","-","-"
http://www.panduit.com/heiler/ProductBulletins/D-SFCB04--WW-ENG-FacilityIDTapes-W.pdf,-,FT3S-BLK-YEL-ND,FT3S-BLK-YEL,Panduit Corp,TAPE FLOOR BLK/YEL,0,0,"83.90000","0","1","-","*","Active","-","-","-","-","-"
http://www.panduit.com/heiler/ProductBulletins/D-SFCB04--WW-ENG-FacilityIDTapes-W.pdf,-,FT3S-RED-WHT-ND,FT3S-RED-WHT,Panduit Corp,TAPE FLOOR RED/WHT,0,0,"83.90000","0","1","-","*","Active","-","-","-","-","-"
http://www.panduit.com/heiler/ProductBulletins/D-SFCB04--WW-ENG-FacilityIDTapes-W.pdf,-,FT3-WHT-ND,FT3-WHT,Panduit Corp,TAPE FLOOR WHITE,0,0,"83.90000","0","1","-","*","Active","-","-","-","-","-"
http://www.panduit.com/heiler/ProductBulletins/D-SFCB04--WW-ENG-FacilityIDTapes-W.pdf,-,FT3-YEL-ND,FT3-YEL,Panduit Corp,TAPE FLOOR YELLOW,0,0,"83.90000","0","1","-","*","Active","-","-","-","-","-"
http://www.panduit.com/heiler/ProductBulletins/D-SFCB04--WW-ENG-FacilityIDTapes-W.pdf,-,FT4-BLK-ND,FT4-BLK,Panduit Corp,TAPE FLOOR BLK,0,0,"110.48000","0","1","-","*","Active","-","-","-","-","-"
http://www.panduit.com/heiler/ProductBulletins/D-SFCB04--WW-ENG-FacilityIDTapes-W.pdf,-,FT4-BLU-ND,FT4-BLU,Panduit Corp,TAPE FLOOR BLUE,0,0,"110.48000","0","1","-","*","Active","-","-","-","-","-"
http://www.panduit.com/heiler/ProductBulletins/D-SFCB04--WW-ENG-FacilityIDTapes-W.pdf,-,FT4-GRN-ND,FT4-GRN,Panduit Corp,TAPE FLOOR GRN,0,0,"110.48000","0","1","-","*","Active","-","-","-","-","-"
http://www.panduit.com/heiler/ProductBulletins/D-SFCB04--WW-ENG-FacilityIDTapes-W.pdf,-,FT4-ORN-ND,FT4-ORN,Panduit Corp,TAPE FLOOR ORANGE,0,0,"110.48000","0","1","-","*","Active","-","-","-","-","-"
http://www.panduit.com/heiler/ProductBulletins/D-SFCB04--WW-ENG-FacilityIDTapes-W.pdf,-,FT4-RED-ND,FT4-RED,Panduit Corp,TAPE FLOOR RED,0,0,"110.48000","0","1","-","*","Active","-","-","-","-","-"
http://www.panduit.com/heiler/ProductBulletins/D-SFCB04--WW-ENG-FacilityIDTapes-W.pdf,-,FT4S-BLK-WHT-ND,FT4S-BLK-WHT,Panduit Corp,TAPE FLOOR BLK/WHT,0,0,"110.48000","0","1","-","*","Active","-","-","-","-","-"
http://www.panduit.com/heiler/ProductBulletins/D-SFCB04--WW-ENG-FacilityIDTapes-W.pdf,-,FT4S-BLK-YEL-ND,FT4S-BLK-YEL,Panduit Corp,TAPE FLOOR BLK/YEL,0,0,"110.48000","0","1","-","*","Active","-","-","-","-","-"
http://www.panduit.com/heiler/ProductBulletins/D-SFCB04--WW-ENG-FacilityIDTapes-W.pdf,-,FT4S-RED-WHT-ND,FT4S-RED-WHT,Panduit Corp,TAPE FLOOR RED/WHT,0,0,"110.48000","0","1","-","*","Active","-","-","-","-","-"
http://www.panduit.com/heiler/ProductBulletins/D-SFCB04--WW-ENG-FacilityIDTapes-W.pdf,-,FT4-WHT-ND,FT4-WHT,Panduit Corp,TAPE FLOOR WHITE,0,0,"110.48000","0","1","-","*","Active","-","-","-","-","-"
http://www.panduit.com/heiler/ProductBulletins/D-SFCB04--WW-ENG-FacilityIDTapes-W.pdf,-,FT4-YEL-ND,FT4-YEL,Panduit Corp,TAPE FLOOR YELLOW,0,0,"110.48000","0","1","-","*","Active","-","-","-","-","-"
-,-,PCSP0006-ND,PCSP0006,Panduit Corp,"CONF SPC,DGR ENTER BY PRMT ONLY,",0,0,"115.90000","0","1","-","*","Active","-","-","-","-","-"
-,-,PCSP0008-ND,PCSP0008,Panduit Corp,"CONF SPC,DGR PRMT RQD DO NT ENTR",0,0,"115.90000","0","1","-","*","Active","-","-","-","-","-"
-,-,PCSP0007-ND,PCSP0007,Panduit Corp,"CONF SPC,DGR PRMT RQD FR ENTRY,E",0,0,"115.90000","0","1","-","*","Active","-","-","-","-","-"
-,-,PCSP0012-ND,PCSP0012,Panduit Corp,PELIGRO ENTRADA SOLO CON PERMISO,0,0,"115.90000","0","1","-","*","Active","-","-","-","-","-"
-,-,PCSP0009-ND,PCSP0009,Panduit Corp,"ALUM PLY,DGR ENTR BY PRMT ONLY,E",0,0,"126.86000","0","1","-","*","Active","-","-","-","-","-"
-,-,PCSP0011-ND,PCSP0011,Panduit Corp,"ALUM PLY,DGR PRMT RQD DO NT ENTR",0,0,"126.86000","0","1","-","*","Active","-","-","-","-","-"
-,-,PCSP0010-ND,PCSP0010,Panduit Corp,"ALUM PLY,DGR PRMT RQD FR ENTRY,E",0,0,"126.86000","0","1","-","*","Active","-","-","-","-","-"
-,-,PCSP0013-ND,PCSP0013,Panduit Corp,"ALUM,PELIGRO ENTRADA SOLO CON PE",0,0,"126.86000","0","1","-","*","Active","-","-","-","-","-"
http://www.panduit.com/heiler/PartDrawings/PT2S-ARW.pdf,//media.digikey.com/photos/Panduit%20Corp%20Photos/MFG_PT2S-ARW.jpg,PT2S-ARW-ND,PT2S-ARW,Panduit Corp,PHOTOLUMINESCENT TAPE 2X30,0,0,"163.63000","0","1","-","*","Active","-","-","-","-","-"
http://www.panduit.com/heiler/PartDrawings/C10941.pdf,//media.digikey.com/photos/Panduit%20Corp%20Photos/MFG_PT2S-BLK.jpg,PT2S-BLK-ND,PT2S-BLK,Panduit Corp,TAPE PHOTOLUM BLK/WHT 2""X 10YDS,0,0,"163.63000","0","1","-","PT","Active","Black, White","-","-","-","-"
http://www.panduit.com/heiler/CatalogCutSheets/PCV-120RY%20Product%20Page.pdf,-,PT2S-RED-ND,PT2S-RED,Panduit Corp,PHOTOLUMINESCENT TAPE 2X30,0,0,"163.63000","0","1","-","*","Active","-","-","-","-","-"
