Datasheets,Image,Digi-Key Part Number,Manufacturer Part Number,Manufacturer,Description,Quantity Available,Factory Stock,Unit Price (USD),@ qty,Minimum Quantity,"Series","Part Status","Type","Number of Cable Pairs","Diameter - Inside","Length - Overall","Sheath Opening","Features"
https://multimedia.3m.com/mws/media/829862O/3m-scotchcast-flexible-power-cable-splicing-kits-82-f-82-bf.pdf,-,3M160695-ND,82-F1,3M,WIRE SPLICE PWR CBL KIT 1PAIR,22,0,"67.96000","0","1","Scotchcast™","Active","Power Cable Splice Kit","1 Pair @ 1/0-6 AWG","-","8.00"" (203.2mm)","-","-"
-,//media.digikey.com/Photos/BUD%20Industries%20Photos/MFG_CCP-11708.jpg,377-2648-ND,CCP-11708,Bud Industries,WIRE SPLICE TRAY SPLICE,288,680,"2.30000","0","1","CCP","Active","Tray, Splice","12 Fibers","-","6.30"" (160.0mm)","-","-"
-,//media.digikey.com/Photos/BUD%20Industries%20Photos/MFG_CCP-11710.jpg,377-2649-ND,CCP-11710,Bud Industries,WIRE SPLICE TRAY SPLICE,288,727,"2.30000","0","1","CCP","Active","Tray, Splice","24 Fibers","-","6.18"" (157.0mm)","-","-"
https://www.budind.com/pdf/FBR-11605.pdf,//media.digikey.com/Photos/BUD%20Industries%20Photos/MFG_FBR-11605.jpg,377-2675-ND,FBR-11605,Bud Industries,WIRE SPLICE TRAY SPLICE,33,159,"14.85000","0","1","FBR","Active","Tray, Splice","4 Fibers","-","7.32"" (186.0mm)","-","-"
http://wpc.ac62.edgecastcdn.net/00AC62/drawings/18-0364-001-CSU.PDF,-,1436-2499-ND,FWO-E,HellermannTyton,WIRE SPLICE TRAY SPLICE,30,0,"15.97000","0","1","-","Active","Tray, Splice","2 Fibers","-","3.35"" (85.0mm)","-","-"
https://www.budind.com/pdf/FBR-11606.pdf,//media.digikey.com/photos/BUD%20Industries%20Photos/MFG_FBR-11606.jpg,377-2676-ND,FBR-11606,Bud Industries,WIRE SPLICE TRAY SPLICE,44,166,"16.29000","0","1","FBR","Active","Tray, Splice","6 Fibers","-","7.32"" (186.0mm)","-","-"
http://wpc.ac62.edgecastcdn.net/00AC62/drawings/18-0364-001-CSU.PDF,-,1436-2537-ND,FWO-L4A-R,HellermannTyton,WIRE SPLICE TRAY SPLICE,15,0,"18.19000","0","1","-","Active","Tray, Splice","2 Fibers","-","3.35"" (85.0mm)","-","-"
http://wpc.ac62.edgecastcdn.net/00AC62/drawings/18-0364-001-CSU.PDF,-,1436-2539-ND,FWO-LSA-R,HellermannTyton,WIRE SPLICE TRAY SPLICE,10,0,"21.39000","0","1","-","Active","Tray, Splice","2 Fibers","-","3.35"" (85.0mm)","-","-"
-,//media.digikey.com/Photos/3M%20Photos/MFG_UFx-SPLICE%20KIT-6%20KITS.jpg,3M162386-ND,UF1-SPLICE KIT-6 KITS,3M,WIRE SPLICE CABLE KIT,12,0,"23.93000","0","1","Scotchlok™","Active","Cable Splice Kit","-","-","-","-","-"
http://wpc.ac62.edgecastcdn.net/00AC62/drawings/18-0356-001-CSU.PDF,//media.digikey.com/Photos/HellermannTyton%20Photos/MFG_CCP-E.jpg,1436-2308-ND,CCP-E,HellermannTyton,WIRE SPLICE TRAY SPLICE,20,0,"25.53000","0","1","-","Active","Tray, Splice","2 Fibers","-","6.30"" (160.0mm)","0.18"" ~ 0.22"" (4.7mm ~ 5.6mm)","-"
http://wpc.ac62.edgecastcdn.net/00AC62/drawings/18-0356-001-CSU.PDF,//media.digikey.com/Photos/HellermannTyton%20Photos/MFG_CCP-E-W.jpg,1436-2309-ND,CCP-E-W,HellermannTyton,WIRE SPLICE TRAY SPLICE,20,0,"25.53000","0","1","-","Active","Tray, Splice","2 Fibers","-","6.30"" (160.0mm)","0.18"" ~ 0.22"" (4.7mm ~ 5.6mm)","-"
http://wpc.ac62.edgecastcdn.net/00AC62/drawings/18-0356-001-CSU.PDF,-,1436-2327-ND,CCP-SAA-W,HellermannTyton,WIRE SPLICE TRAY SPLICE,20,0,"29.19000","0","1","-","Active","Tray, Splice","2 Fibers","-","6.30"" (160.0mm)","0.18"" ~ 0.22"" (4.7mm ~ 5.6mm)","-"
http://wpc.ac62.edgecastcdn.net/00AC62/drawings/18-0356-001-CSU.PDF,-,1436-2312-ND,CCP-SAA,HellermannTyton,WIRE SPLICE TRAY SPLICE,15,0,"29.19000","0","1","-","Active","Tray, Splice","2 Fibers","-","6.30"" (160.0mm)","0.18"" ~ 0.22"" (4.7mm ~ 5.6mm)","-"
http://wpc.ac62.edgecastcdn.net/00AC62/drawings/18-0364-001-CSU.PDF,-,1436-2501-ND,FWO-SAP-R,HellermannTyton,WIRE SPLICE TRAY SPLICE,10,0,"37.35000","0","1","-","Active","Tray, Splice","2 Fibers","-","3.35"" (85.0mm)","-","-"
http://wpc.ac62.edgecastcdn.net/00AC62/drawings/18-0356-001-CSU.PDF,-,1436-2310-ND,CCP-SAP,HellermannTyton,WIRE SPLICE TRAY SPLICE,10,0,"45.44000","0","1","-","Active","Tray, Splice","2 Fibers","-","6.30"" (160.0mm)","0.18"" ~ 0.22"" (4.7mm ~ 5.6mm)","-"
http://wpc.ac62.edgecastcdn.net/00AC62/drawings/18-0356-001-CSU.PDF,-,1436-2311-ND,CCP-SAP-W,HellermannTyton,WIRE SPLICE TRAY SPLICE,10,0,"45.44000","0","1","-","Active","Tray, Splice","2 Fibers","-","6.30"" (160.0mm)","0.18"" ~ 0.22"" (4.7mm ~ 5.6mm)","-"
http://wpc.ac62.edgecastcdn.net/00AC62/drawings/18-0364-001-CSU.PDF,-,1436-2538-ND,FWO-L4P-R,HellermannTyton,WIRE SPLICE TRAY SPLICE,8,0,"49.28000","0","1","-","Active","Tray, Splice","2 Fibers","-","3.35"" (85.0mm)","-","-"
https://www.budind.com/pdf/FBR-11609.pdf,//media.digikey.com/Photos/BUD%20Industries%20Photos/MFG_FBR-11609.jpg,377-2679-ND,FBR-11609,Bud Industries,WIRE SPLICE TRAY SPLICE,10,42,"49.52000","0","1","FBR","Active","Tray, Splice","16 Fibers","-","11.50"" (292.1mm)","-","-"
http://www1.panduit.com/heiler/PartDrawings/FSTK(00466-67).pdf,//media.digikey.com/Photos/Panduit%20Corp%20Photos/MFG_FSTK.jpg,298-16258-ND,FSTK,Panduit Corp,WIRE SPLICE TRAY SPLICE,15,0,"50.17000","0","1","Opticom®","Active","Tray, Splice","6 Fibers","-","6.60"" (167.6mm)","-","-"
http://wpc.ac62.edgecastcdn.net/00AC62/drawings/18-0364-001-CSU.PDF,-,1436-2540-ND,FWO-LSP-R,HellermannTyton,WIRE SPLICE TRAY SPLICE,8,0,"51.20000","0","1","-","Active","Tray, Splice","2 Fibers","-","3.35"" (85.0mm)","-","-"
https://www.budind.com/pdf/FBR-11610.pdf,//media.digikey.com/Photos/BUD%20Industries%20Photos/MFG_FBR-11610.jpg,377-2680-ND,FBR-11610,Bud Industries,WIRE SPLICE TRAY SPLICE,14,42,"55.92000","0","1","FBR","Active","Tray, Splice","24 Fibers","-","12.60"" (320.0mm)","-","-"
https://www.budind.com/pdf/FBR-11611.pdf,//media.digikey.com/Photos/BUD%20Industries%20Photos/MFG_FBR-11611.jpg,377-2681-ND,FBR-11611,Bud Industries,WIRE SPLICE TRAY SPLICE,8,53,"55.92000","0","1","FBR","Active","Tray, Splice","16 Fibers","-","12.60"" (320.0mm)","-","-"
http://multimedia.3m.com/mws/media/37304O/82-b1-power-cable-tap-splice-kit.pdf,//media.digikey.com/Photos/3M%20Photos/MFG_82-B1.jpg,3M156843-ND,82-B1N,3M,WYE RESIN SPLICE KIT,34,0,"58.88000","0","1","*","Active","-","-","-","-","-","-"
https://www.panduit.com/content/dam/panduit/en/products/assets/0/0f/0fs/0fst/fst6/media/FST6(00873-09).pdf,//media.digikey.com/Photos/Panduit%20Corp%20Photos/MFG_FST6.jpg,298-16256-ND,FST6,Panduit Corp,WIRE SPLICE TRAY SPLICE,25,0,"61.46000","0","1","Opticom®","Active","Tray, Splice","12 Fibers","-","7.90"" (200.7mm)","-","-"
-,-,3M159640-ND,5302,3M,MOTOR LEAD PIGTAIL SPLICE 5302,7,0,"67.70000","0","1","-","Active","-","-","-","-","-","-"
-,//media.digikey.com/Photos/Panduit%20Corp%20Photos/MFG_GRDS34-X.jpg,298-17043-ND,GRDS34-X,Panduit Corp,WIRE SPLICE DRIVING SLEEVE,4,0,"106.47000","0","1","-","Active","Driving Sleeve","-","0.750"" (19.05mm)","6.00"" (152.4mm)","-","-"
https://multimedia.3m.com/mws/media/41589O/motor-lead-splicing-kits-5300-series.pdf,-,3M159643-ND,5304,3M,WIRE SPLICE MOTOR KIT 1PAIR,15,0,"110.36000","0","1","5300","Active","Motor Splice Kit","1 Pair","-","-","-","-"
https://www.panduit.com/content/dam/panduit/en/products/assets/f/fs/fst/fst2/fst24/media/FST24(00873-17).pdf,//media.digikey.com/Photos/Panduit%20Corp%20Photos/MFG_FST24.jpg,298-16254-ND,FST24,Panduit Corp,WIRE SPLICE TRAY SPLICE,10,0,"111.76000","0","1","Opticom®","Active","Tray, Splice","24 Fibers","-","11.75"" (298.5mm)","-","-"
https://multimedia.3m.com/mws/media/41589O/motor-lead-splicing-kits-5300-series.pdf,-,3M159649-ND,5317,3M,WIRE SPLICE MOTOR KIT 1PAIR,2,0,"123.49000","0","1","5300","Active","Motor Splice Kit","1 Pair","-","-","-","-"
http://wpc.ac62.edgecastcdn.net/00AC62/drawings/18-0363-001-CSU.PDF,-,1436-2487-ND,FDEC-E,HellermannTyton,WIRE SPLICE TRAY SPLICE,4,0,"147.05000","0","1","-","Active","Tray, Splice","18 Fibers","-","6.06"" (154.0mm)","-","-"
http://wpc.ac62.edgecastcdn.net/00AC62/drawings/18-0345-001-csu.PDF,-,1436-2489-ND,FFE-1SAA,HellermannTyton,WIRE SPLICE TRAY SPLICE,3,0,"154.87000","0","1","-","Active","Tray, Splice","24 Fibers","-","9.49"" (241.0mm)","0.39"" ~ 0.59"" (10.0mm ~ 15.0mm)","-"
http://wpc.ac62.edgecastcdn.net/00AC62/drawings/18-0345-001-csu.PDF,-,1436-2491-ND,FFE-2SAA,HellermannTyton,WIRE SPLICE TRAY SPLICE,3,0,"154.87000","0","1","-","Active","Tray, Splice","24 Fibers","-","9.49"" (241.0mm)","0.28"" ~ 0.39"" (7.0mm ~ 10.0mm)","-"
https://multimedia.3m.com/mws/media/41589O/motor-lead-splicing-kits-5300-series.pdf,-,3M162550-ND,5319,3M,WIRE SPLICE MOTOR KIT 1PAIR,2,0,"264.57000","0","1","5300","Active","Motor Splice Kit","1 Pair","-","-","-","-"
http://wpc.ac62.edgecastcdn.net/00AC62/drawings/18-0345-001-csu.PDF,-,1436-2490-ND,FFE-1SAP,HellermannTyton,WIRE SPLICE TRAY SPLICE,2,0,"268.04000","0","1","-","Active","Tray, Splice","24 Fibers","-","9.49"" (241.0mm)","0.39"" ~ 0.59"" (10.0mm ~ 15.0mm)","-"
http://wpc.ac62.edgecastcdn.net/00AC62/drawings/18-0345-001-csu.PDF,-,1436-2492-ND,FFE-2SAP,HellermannTyton,WIRE SPLICE TRAY SPLICE,2,0,"268.04000","0","1","-","Active","Tray, Splice","24 Fibers","-","9.49"" (241.0mm)","0.28"" ~ 0.39"" (7.0mm ~ 10.0mm)","-"
https://www.phoenixcontact.com/pxc-oc-itemdetail-pdf-web/eshop?lineItemType=LineItem&UID=1418815,-,277-18096-ND,1418815,Phoenix Contact,WIRE SPLICE TRAY SPLICE,5,0,"728.92000","0","1","FDX20","Active","Tray, Splice","12 Fibers","-","-","-","Fiber Optic Splices"
https://www.phoenixcontact.com/pxc-oc-itemdetail-pdf-web/eshop?lineItemType=LineItem&UID=1418817,-,277-18098-ND,1418817,Phoenix Contact,WIRE SPLICE TRAY SPLICE,5,0,"785.00000","0","1","FDX20","Active","Tray, Splice","12 Fibers","-","-","-","Fiber Optic Splices"
https://www.phoenixcontact.com/pxc-oc-itemdetail-pdf-web/eshop?lineItemType=LineItem&UID=1418816,-,277-18097-ND,1418816,Phoenix Contact,WIRE SPLICE TRAY SPLICE,5,0,"1149.46000","0","1","FDX20","Active","Tray, Splice","24 Fibers","-","-","-","Fiber Optic Splices"
https://www.phoenixcontact.com/pxc-oc-itemdetail-pdf-web/eshop?lineItemType=LineItem&UID=1418818,-,277-18099-ND,1418818,Phoenix Contact,WIRE SPLICE TRAY SPLICE,5,0,"1261.60000","0","1","FDX20","Active","Tray, Splice","24 Fibers","-","-","-","Fiber Optic Splices"
https://www.te.com/commerce/DocumentDelivery/DDEController?Action=srchrtrv&DocNm=E157&DocType=DS&DocLang=English,-,128958-000-ND,128958-000,TE Energy & Utilities,WIRE SPLICE WRAP AROUND COVER,24,0,"53.39000","0","1","GelWrap","Active","Wrap Around Splice Cover","-","0.800"" ~ 1.500"" (20.32mm ~ 38.10mm)","12.00"" (304.8mm)","-","PowerGel Sealing Gel"
-,//media.digikey.com/Photos/Panduit%20Corp%20Photos/MFG_GRDS1-X.JPG,298-17042-ND,GRDS1-X,Panduit Corp,WIRE SPLICE DRIVING SLEEVE,6,0,"117.39000","0","1","-","Active","Driving Sleeve","-","1.000"" (25.40mm)","6.00"" (152.4mm)","-","-"
http://multimedia.3m.com/mws/media/37303O/82-a-series-power-cable-splice-kit.pdf,//media.digikey.com/Photos/3M%20Photos/MFG_82-A-Series.jpg,3M160690-ND,82-A1,3M,WIRE SPLICE PWR CBL KIT 1PAIR,0,0,"41.59000","0","1","Scotchcast™ 82-A","Active","Power Cable Splice Kit","1 Pair @ 2AWG","-","-","4.50"" (114.3mm)","Scotchcast No. 4 Resin"
https://www.budind.com/pdf/FBR-11604.pdf,//media.digikey.com/Photos/BUD%20Industries%20Photos/MFG_FBR-11604.jpg,377-2674-ND,FBR-11604,Bud Industries,WIRE SPLICE TRAY SPLICE,0,0,"11.07000","0","1","FBR","Active","Tray, Splice","2 Fibers","-","6.61"" (168.0mm)","-","-"
http://wpc.ac62.edgecastcdn.net/00AC62/drawings/18-0364-001-CSU.PDF,-,1436-2500-ND,FWO-SAA-R,HellermannTyton,WIRE SPLICE TRAY SPLICE,15,0,"19.40000","0","1","-","Active","Tray, Splice","2 Fibers","-","3.35"" (85.0mm)","-","-"
-,//media.digikey.com/photos/BUD%20Industries%20Photos/MFG_FBR-11608.jpg,377-2678-ND,FBR-11608,Bud Industries,WIRE SPLICE TRAY SPLICE,23,45,"22.70000","0","1","FBR","Active","Tray, Splice","12 Fibers","-","7.73"" (196.3mm)","-","-"
https://multimedia.3m.com/mws/media/41589O/motor-lead-splicing-kits-5300-series.pdf,-,3M159648-ND,5311,3M,WIRE SPLICE MOTOR KIT 1PAIR,3,0,"24.95000","0","1","5300","Active","Motor Splice Kit","1 Pair","-","-","-","-"
https://www.budind.com/pdf/FBR-11607.pdf,//media.digikey.com/photos/BUD%20Industries%20Photos/MFG_FBR-11607.jpg,377-2677-ND,FBR-11607,Bud Industries,WIRE SPLICE TRAY SPLICE,17,18,"25.42000","0","1","FBR","Active","Tray, Splice","8 Fibers","-","8.78"" (223.0mm)","-","-"
https://multimedia.3m.com/mws/media/41589O/motor-lead-splicing-kits-5300-series.pdf,-,3M159637-ND,5300,3M,WIRE SPLICE MOTOR KIT 1PAIR,3,0,"38.31000","0","1","5300","Active","Motor Splice Kit","1 Pair","-","-","-","-"
https://multimedia.3m.com/mws/media/503699O/3m-scotchcast-multi-mold-inline-splicing-kits-85-series.pdf,-,3M160746-ND,85-14,3M,MULTI-MOLD,5,0,"45.33000","0","1","*","Active","-","-","-","-","-","-"
https://multimedia.3m.com/mws/media/503699O/3m-scotchcast-multi-mold-inline-splicing-kits-85-series.pdf,-,3M157402-ND,85-12,3M,MULTI-MOLD,5,0,"46.16000","0","1","*","Active","-","-","-","-","-","-"
http://wpc.ac62.edgecastcdn.net/00AC62/drawings/18-0362-001-CSU.PDF,-,1436-2488-ND,FDES-E,HellermannTyton,WIRE SPLICE TRAY SPLICE,5,0,"46.65000","0","1","-","Active","Tray, Splice","18 Fibers","-","6.06"" (154.0mm)","-","-"
https://multimedia.3m.com/mws/media/41589O/motor-lead-splicing-kits-5300-series.pdf,-,3M159639-ND,5301 PIGTAIL,3M,WIRE SPLICE MOTOR KIT 1PAIR,4,0,"55.35000","0","1","5300","Active","Motor Splice Kit","1 Pair","-","-","-","-"
//media.digikey.com/pdf/Data%20Sheets/3M%20PDFs/82-A2_Ds.pdf,-,3M160691-ND,82-A2,3M,WIRE SPLICE PWR CBL KIT 1PAIR,0,0,"59.09000","0","1","Scotchcast™","Active","Power Cable Splice Kit","1 Pair @ 3/0-2 AWG","-","-","6.00"" (152.4mm)","-"
https://multimedia.3m.com/mws/media/829862O/3m-scotchcast-flexible-power-cable-splicing-kits-82-f-82-bf.pdf,-,3M160694-ND,82-BF1,3M,WIRE SPLICE PWR CBL KIT 1PAIR,0,0,"73.81000","0","1","Scotchcast™","Active","Power Cable Splice Kit","1 Pair @ 1/0 AWG","-","8.30"" (210.8mm)","-","-"
-,//media.digikey.com/Photos/Panduit%20Corp%20Photos/MFG_GRDS58-X.jpg,298-17044-ND,GRDS58-X,Panduit Corp,WIRE SPLICE DRIVING SLEEVE,4,0,"84.63000","0","1","-","Active","Driving Sleeve","-","0.625"" (15.88mm)","6.00"" (152.4mm)","-","-"
https://multimedia.3m.com/mws/media/41589O/motor-lead-splicing-kits-5300-series.pdf,-,3M159642-ND,5303 PIGTAIL,3M,WIRE SPLICE MOTOR KIT 1PAIR,3,0,"88.13000","0","1","5300","Active","Motor Splice Kit","1 Pair","-","-","-","-"
http://multimedia.3m.com/mws/media/37303O/82-a-series-power-cable-splice-kit.pdf,//media.digikey.com/Photos/3M%20Photos/MFG_82-A-Series.jpg,3M160692-ND,82-A3,3M,WIRE SPLICE PWR CBL KIT 1PAIR,1,0,"97.38000","0","1","Scotchcast™ 82-A","Active","Power Cable Splice Kit","1 Pair @ 400MCM (kcmil) - 3/0AWG","-","-","9.00"" (228.6mm)","Scotchcast No. 4 Resin"
https://multimedia.3m.com/mws/media/829862O/3m-scotchcast-flexible-power-cable-splicing-kits-82-f-82-bf.pdf,-,3M160696-ND,82-F2,3M,WIRE SPLICE PWR CBL KIT 1PAIR,1,0,"106.24000","0","1","Scotchcast™","Active","Power Cable Splice Kit","1 Pair @ 4/0-2/0 AWG","-","11.50"" (292.1mm)","-","-"
http://multimedia.3m.com/mws/media/806883O/slic-aerial-closures-and-terminals-brochure.pdf,-,3M157542-ND,SLIC-5.6X33-SES,3M,WIRE SPLICE AERIAL CLOSUR 1200PR,1,0,"128.64000","0","1","SLiC™","Active","Aerial Closure, Free-Breathing","1200 Pairs @ 26 AWG","5.600"" (142.24mm)","33.00"" (838.2mm)","21.00"" (533.4mm)","Floating Bond, Spiral End Seals"
https://multimedia.3m.com/mws/media/41589O/motor-lead-splicing-kits-5300-series.pdf,-,3M159650-ND,5318,3M,WIRE SPLICE MOTOR KIT 1PAIR,1,0,"161.85000","0","1","5300","Active","Motor Splice Kit","1 Pair","-","-","-","-"
https://multimedia.3m.com/mws/media/41589O/motor-lead-splicing-kits-5300-series.pdf,-,3M159651-ND,5382,3M,WIRE SPLICE MOTOR KIT 1PAIR,1,0,"465.26000","0","1","5300","Active","Motor Splice Kit","1 Pair","-","-","-","-"
https://multimedia.3m.com/mws/media/41589O/motor-lead-splicing-kits-5300-series.pdf,-,3M159652-ND,5383,3M,WIRE SPLICE MOTOR KIT 1PAIR,1,0,"566.91000","0","1","5300","Active","Motor Splice Kit","1 Pair","-","-","-","-"
-,-,OSCW-J-1/2-ND,OSCW-J-1/2,3M,WIRE SPLICE ENCLOSURE SYS,0,0,"21.04167","0","12","-","Active","Enclosure System, One Step","-","1.700"" (43.18mm)","4.50"" (114.3mm)","-","Chemical Resistant, UV Resistant"
-,-,OSCW-F-7/8-ND,OSCW-F-7/8,3M,WIRE SPLICE ENCLOSURE SYS,0,0,"26.30250","0","12","-","Active","Enclosure System, One Step","-","0.570"" (14.48mm)","7.58"" (192.5mm)","-","Chemical Resistant, UV Resistant"
http://solutions.3mschweiz.ch/3MContentRetrievalAPI/BlobServlet?locale=de_CH&lmd=1294914542000&assetId=1273675066989&assetType=MMM_Image&blobAttribute=ImageFile,//media.digikey.com/Photos/3M%20Photos/MFG_4560.jpg,4560-5-ND,4560-5,3M,5' ARMORCAST STRUCTURAL MATERIAL,0,0,"29.87800","0","5","*","Active","-","-","-","-","-","-"
-,-,85-10-ND,85-10,3M,MULTI-MOLD A DIE,0,0,"31.07000","0","1","*","Active","-","-","-","-","-","-"
https://www.te.com/commerce/DocumentDelivery/DDEController?Action=srchrtrv&DocNm=559308&DocType=Customer+Drawing&DocLang=English,-,559308-1-ND,559308-1,TE Connectivity AMP Connectors,WIRE SPLICE TRAY 6PAIR,0,0,"40.57000","0","1","RibbonMaster","Active","Tray, Splice","6 Pairs","-","12.50"" (317.5mm)","-","Ribbon Cable Splices"
https://www.te.com/commerce/DocumentDelivery/DDEController?Action=srchrtrv&DocNm=559405&DocType=Customer+Drawing&DocLang=English,-,559405-1-ND,559405-1,TE Connectivity AMP Connectors,WIRE SPLICE TRAY 6PAIR,0,0,"40.57000","0","1","RibbonMaster","Active","Tray, Splice","6 Pairs","-","12.50"" (317.5mm)","-","Discrete Cable Splices"
https://www.te.com/commerce/DocumentDelivery/DDEController?Action=srchrtrv&DocNm=E157&DocType=DS&DocLang=English,-,709794-000-ND,709794-000,TE Energy & Utilities,WIRE SPLICE WRAP AROUND COVER,0,0,"40.72000","0","1","GelWrap","Active","Wrap Around Splice Cover","-","0.800"" ~ 1.500"" (20.32mm ~ 38.10mm)","8.00"" (203.2mm)","-","PowerGel Sealing Gel"
https://www.te.com/commerce/DocumentDelivery/DDEController?Action=srchrtrv&DocNm=559405&DocType=Customer+Drawing&DocLang=English,-,559405-2-ND,559405-2,TE Connectivity AMP Connectors,WIRE SPLICE TRAY 12PAIR,0,0,"44.73000","0","1","RibbonMaster","Active","Tray, Splice","12 Pairs","-","12.50"" (317.5mm)","-","Discrete Cable Splices"
-,//media.digikey.com/Photos/3M%20Photos/MFG_UFx-SPLICE%20KIT-6%20KITS.jpg,UF2-SPLICEKIT-6KITS-ND,UF2-SPLICE KIT-6 KITS,3M,WIRE SPLICE CABLE KIT,0,0,"44.80167","0","6","Scotchlok™","Active","Cable Splice Kit","-","-","-","-","-"
https://www.te.com/commerce/DocumentDelivery/DDEController?Action=srchrtrv&DocNm=1-1773872-1_raychem-tooling&DocType=DS&DocLang=English,-,UWCS-2U/7.6-1C/5.8-ND,UWCS-2U/7.6-1C/5.8,"TE Connectivity Aerospace, Defense and Marine",WIRE SPLICE UNDERWATER KIT,0,0,"45.35314","0","35","-","Active","Underwater Splice Kit","-","-","-","-","-"
-,-,SLFC/T-2-PORT-ND,SLFC/T-2-PORT,3M,SLIC 530/533/733 2-PORT 0.61,0,0,"53.70500","0","2","SLiC™","Active","-","-","-","-","-","-"
https://multimedia.3m.com/mws/media/37294O/3m-scotchcast-power-cable-tap-splice-kit-90-b1.pdf,-,3M160838-ND,90-B1,3M,WYE RESIN SPLICE KIT,0,0,"53.72000","0","1","*","Active","-","-","-","-","-","-"
http://multimedia.3m.com/mws/media/806883O/slic-aerial-closures-and-terminals-brochure.pdf,-,3M162259-ND,SLIC-2.6X29,3M,WIRE SPLICE AERIAL CLOSURE 200PR,0,0,"55.93000","0","1","SLiC™","Active","Aerial Closure, Free-Breathing","200 Pairs @ 24-26 AWG","2.600"" (66.04mm)","29.00"" (736.6mm)","17.00"" (431.8mm)","Floating Bond, Rubber End Seals"
http://multimedia.3m.com/mws/media/806883O/slic-aerial-closures-and-terminals-brochure.pdf,-,SLIC-2.2X19-BA-ND,SLIC-2.2X19-BA,3M,WIRE SPLICE AERIAL CLOSURE 100PR,0,0,"56.81500","0","4","SLiC™","Active","Aerial Closure, Free-Breathing","100 Pairs @ 24-26 AWG","2.200"" (55.88mm)","19.00"" (482.6mm)","14.00"" (355.6mm)","Shield Bond Assembly 4462, Rubber End Seals"
-,-,4636R-ND,4636R,3M,PEDESTAL SPLICE CLOSURE REENTRY,0,0,"58.12400","0","5","*","Active","-","-","-","-","-","-"
http://multimedia.3m.com/mws/media/806883O/slic-aerial-closures-and-terminals-brochure.pdf,-,3M162260-ND,SLIC-2.6X29-SES,3M,WIRE SPLICE AERIAL CLOSURE 200PR,0,0,"58.74000","0","1","SLiC™","Active","Aerial Closure, Free-Breathing","200 Pairs @ 24-26 AWG","2.600"" (66.04mm)","29.00"" (736.6mm)","17.00"" (431.8mm)","Floating Bond, Spiral End Seals"
http://multimedia.3m.com/mws/media/22923O/3m-scotchcast-multi-mold-splicing-kit-85-14cp.pdf,-,85-14-CP-ND,85-14-CP,3M,WIRE SPLICE CABLE KIT,0,0,"60.88000","0","1","Scotchcast™","Active","Cable Splice Kit","-","-","-","6.50"" (165.1mm)","-"
http://multimedia.3m.com/mws/media/806883O/slic-aerial-closures-and-terminals-brochure.pdf,-,SLIC-2.6X29-4460S-ND,SLIC-2.6X29-4460S,3M,WIRE SPLICE AERIAL CLOSURE 200PR,0,0,"62.00000","0","1","SLiC™","Active","Aerial Closure, Free-Breathing","200 Pairs @ 24-26 AWG","2.600"" (66.04mm)","29.00"" (736.6mm)","17.00"" (431.8mm)","Shield Bond Assembly 4460, Rubber End Seals"
http://multimedia.3m.com/mws/media/806883O/slic-aerial-closures-and-terminals-brochure.pdf,-,SLIC-3.6X33-ND,SLIC-3.6X33,3M,WIRE SPLICE AERIAL CLOSURE 400PR,0,0,"62.22000","0","1","SLiC™","Active","Aerial Closure, Free-Breathing","400 Pairs @ 24-26 AWG","3.600"" (91.44mm)","33.00"" (838.2mm)","21.00"" (533.4mm)","Floating Bond, Rubber End Seals"
http://multimedia.3m.com/mws/media/806883O/slic-aerial-closures-and-terminals-brochure.pdf,-,SLIC-2.6X29-BA/SES-ND,SLIC-2.6X29-BA/SES,3M,WIRE SPLICE AERIAL CLOSURE 200PR,0,0,"62.44000","0","4","SLiC™","Active","Aerial Closure, Free-Breathing","200 Pairs @ 24-26 AWG","2.600"" (66.04mm)","29.00"" (736.6mm)","17.00"" (431.8mm)","Shield Bond Assembly 4462, Spiral End Seals"
http://multimedia.3m.com/mws/media/806883O/slic-aerial-closures-and-terminals-brochure.pdf,-,SLIC-2.6X29-BA-ND,SLIC-2.6X29-BA,3M,WIRE SPLICE AERIAL CLOSURE 200PR,0,0,"62.61000","0","4","SLiC™","Active","Aerial Closure, Free-Breathing","200 Pairs @ 24-26 AWG","2.600"" (66.04mm)","29.00"" (736.6mm)","17.00"" (431.8mm)","Shield Bond Assembly 4462, Rubber End Seals"
http://multimedia.3m.com/mws/media/806883O/slic-aerial-closures-and-terminals-brochure.pdf,-,SLIC-2.2X19-SR/SES-ND,SLIC-2.2X19-SR/SES,3M,WIRE SPLICE AERIAL CLOSURE 100PR,0,0,"62.90000","0","1","SLiC™","Active","Aerial Closure, Free-Breathing","100 Pairs @ 24-26 AWG","2.200"" (55.88mm)","19.00"" (482.6mm)","14.00"" (355.6mm)","Rigid Bond/Sheath Protection, Spiral End Seals"
-,-,3M4604-ND,4604,3M,WIRE SPLICE BURIED CLOSURE 100PR,0,0,"67.62000","0","15","-","Active","Buried Closure Splice Kit, Re-Enterable","100 Pairs","0.500"" ~ 1.100"" (12.70mm ~ 27.94mm)","22.52"" (572.0mm)","-","-"
http://multimedia.3m.com/mws/media/806883O/slic-aerial-closures-and-terminals-brochure.pdf,-,SLIC-2.6X29-SR/SES-ND,SLIC-2.6X29-SR/SES,3M,WIRE SPLICE AERIAL CLOSURE 200PR,0,0,"68.09000","0","1","SLiC™","Active","Aerial Closure, Free-Breathing","200 Pairs @ 24-26 AWG","2.600"" (66.04mm)","29.00"" (736.6mm)","17.00"" (431.8mm)","Rigid Bond/Sheath Protection, Spiral End Seals"
-,-,4604-E-ND,4604-E,3M,WIRE SPLICE BURIED CLOSURE 100PR,0,0,"69.79000","0","15","-","Active","Buried Closure Splice Kit, Re-Enterable","100 Pairs","0.500"" ~ 1.100"" (12.70mm ~ 27.94mm)","22.50"" (571.5mm)","-","-"
-,//media.digikey.com/Photos/3M%20Photos/MFG_BBxXxx.jpg,BB4X12-SB/2DC-LHS-ND,BB4X12-SB/2DC-LHS,3M,WIRE SPLICE BURIED CLS 150/200PR,0,0,"69.97000","0","1","Better Buried","Active","Buried Closure Splice Kit, Re-Enterable","150 Pairs @ 22 AWG, 200 Pairs @ 24 AWG","4.000"" (101.60mm)","16.00"" (406.4mm)","17.00"" (431.8mm)","-"
http://multimedia.3m.com/mws/media/806883O/slic-aerial-closures-and-terminals-brochure.pdf,-,SLIC-3.6X33-BA/SES-ND,SLIC-3.6X33-BA/SES,3M,WIRE SPLICE AERIAL CLOSURE 400PR,0,0,"71.01000","0","4","SLiC™","Active","Aerial Closure, Free-Breathing","400 Pairs @ 24-26 AWG","3.600"" (91.44mm)","33.00"" (838.2mm)","21.00"" (533.4mm)","Shield Bond Assembly 4462, Spiral End Seals"
https://www.te.com/commerce/DocumentDelivery/DDEController?Action=srchrtrv&DocNm=E157&DocType=DS&DocLang=English,-,C76897-000-ND,C76897-000,TE Connectivity Raychem Cable Protection,WIRE SPLICE WRAP AROUND COVER,0,0,"73.20000","0","24","GelWrap","Active","Wrap Around Splice Cover","-","0.800"" ~ 1.500"" (20.32mm ~ 38.10mm)","14.00"" (355.0mm)","-","PowerGel Sealing Gel"
http://multimedia.3m.com/mws/media/806883O/slic-aerial-closures-and-terminals-brochure.pdf,-,SLIC-3.6X33-4460S-ND,SLIC-3.6X33-4460S,3M,WIRE SPLICE AERIAL CLOSURE 400PR,0,0,"74.36000","0","1","SLiC™","Active","Aerial Closure, Free-Breathing","400 Pairs @ 24-26 AWG","3.600"" (91.44mm)","33.00"" (838.2mm)","21.00"" (533.4mm)","Shield Bond Assembly 4460, Rubber End Seals"
-,-,85-16-ND,85-16,3M,MULTI-MOLD,0,0,"74.48000","0","1","*","Active","-","-","-","-","-","-"
http://multimedia.3m.com/mws/media/806883O/slic-aerial-closures-and-terminals-brochure.pdf,-,SLIC-3.6X33-BA-ND,SLIC-3.6X33-BA,3M,WIRE SPLICE AERIAL CLOSURE 400PR,0,0,"75.10500","0","4","SLiC™","Active","Aerial Closure, Free-Breathing","400 Pairs @ 24-26 AWG","3.600"" (91.44mm)","33.00"" (838.2mm)","21.00"" (533.4mm)","Shield Bond Assembly 4462, Rubber End Seals"
-,-,3-DS-24-BB-ND,3-DS-24-BB,3M,3""X24"" BB SPLIT SLEEVE,0,0,"76.25600","0","10","*","Active","-","-","-","-","-","-"
-,//media.digikey.com/Photos/Panduit%20Corp%20Photos/MFG_GRDS1-X.JPG,298-17041-ND,GRDS12-X,Panduit Corp,WIRE SPLICE DRIVING SLEEVE,4,0,"77.35000","0","1","-","Active","Driving Sleeve","-","0.500"" (12.70mm)","6.00"" (152.4mm)","-","-"
https://www.te.com/commerce/DocumentDelivery/DDEController?Action=srchrtrv&DocNm=1-1773872-1_raychem-tooling&DocType=DS&DocLang=English,-,UWCS-2U/7.6-ND,UWCS-2U/7.6,"TE Connectivity Aerospace, Defense and Marine",WIRE SPLICE UNDERWATER KIT,0,0,"77.56214","0","28","-","Active","Underwater Splice Kit","-","-","-","-","-"
http://multimedia.3m.com/mws/media/806883O/slic-aerial-closures-and-terminals-brochure.pdf,-,SLIC-3.6X33-SR/RES-ND,SLIC-3.6X33-SR/RES,3M,WIRE SPLICE AERIAL CLOSURE 400PR,0,0,"78.44000","0","1","SLiC™","Active","Aerial Closure, Free-Breathing","400 Pairs @ 24-26 AWG","3.600"" (91.44mm)","33.00"" (838.2mm)","21.00"" (533.4mm)","Sheath Retention, Rubber End Seals"
http://multimedia.3m.com/mws/media/806883O/slic-aerial-closures-and-terminals-brochure.pdf,-,SLIC-3.6X33-SR/SES-ND,SLIC-3.6X33-SR/SES,3M,WIRE SPLICE AERIAL CLOSURE 400PR,0,0,"78.44000","0","1","SLiC™","Active","Aerial Closure, Free-Breathing","400 Pairs @ 24-26 AWG","3.600"" (91.44mm)","33.00"" (838.2mm)","21.00"" (533.4mm)","Rigid Bond/Sheath Protection, Spiral End Seals"
https://www.cablejoints.co.uk/upload/3M_M20_Cable_Repair_Kit_40_63mm_Diameter.pdf,-,3MM-20-ND,M-20,3M,WIRE SPLICE CABLE KIT,0,0,"86.02000","0","1","-","Active","Cable Splice Kit","-","-","-","-","Flame Retardant"
-,//media.digikey.com/Photos/3M%20Photos/MFG_BBxXxx.jpg,BB3X12-SB/2DC-LHS-ND,BB3X12-SB/2DC-LHS,3M,WIRE SPLICE BURIED CLOS 75/100PR,0,0,"89.47000","0","1","Better Buried","Active","Buried Closure Splice Kit, Re-Enterable","75 Pairs, 100 Pairs","3.000"" (76.20mm)","16.00"" (406.4mm)","17.00"" (431.8mm)","-"
-,-,4604GW-ND,4604GW,3M,PST GEL WRAP PEDESTAL CLSR KIT,0,0,"97.37600","0","15","*","Active","-","-","-","-","-","-"
http://solutions.3mschweiz.ch/3MContentRetrievalAPI/BlobServlet?locale=de_CH&lmd=1294914542000&assetId=1273675066989&assetType=MMM_Image&blobAttribute=ImageFile,-,FSC3X12S/CC-W/O-HIGHGEL-ND,FSC3X12S/CC-W/O-HIGHGEL,3M,WIRE SPLICE BURIED CLOS 75/100PR,0,0,"99.28000","0","1","-","Active","Buried Closure Splice Kit, Re-Enterable","75 Pairs @ 24 AWG, 100 Pairs @ 24 AWG","2.000"" (50.80mm)","21.50"" (546.1mm)","10.00"" (254.0mm)","Scotchlok Connectors"
-,-,FST48-ND,FST48,Panduit Corp,HD FUSION SPLICE TRAY KIT,0,0,"101.06000","0","1","-","Active","-","-","-","-","-","-"
-,-,4606-ND,4606,3M,WIRE SPLICE BURIED CLOSURE 300PR,0,0,"101.55000","0","9","-","Active","Buried Closure Splice Kit, Re-Enterable","300 Pairs","0.900"" ~ 1.600"" (22.86mm ~ 240.64mm)","22.52"" (572.0mm)","-","-"
-,-,PEAK-PWK-A-ND,PEAK-PWK-A,3M,PRESSURE WRAP KIT FOR USE WITH A,0,0,"104.70000","0","1","-","Active","-","-","-","-","-","-"
-,-,4606-E-ND,4606-E,3M,REENTERABLE PST DOME CLOSURE,0,0,"108.45000","0","9","*","Active","-","-","-","-","-","-"
https://www.cablejoints.co.uk/upload/3M_M20_Cable_Repair_Kit_40_63mm_Diameter.pdf,-,M-30-ND,M-30,3M,WIRE SPLICE CABLE KIT,0,0,"109.29000","0","1","-","Active","Cable Splice Kit","-","-","-","-","Flame Retardant"
-,-,FDTC-08M-COUPLINGTRAY-4SCUPC-ND,FDTC-08M-COUPLINGTRAY-4SCUPC,3M,COUPLING TRAY 4 SC UPC PIGS,0,0,"109.94000","0","1","*","Active","-","-","-","-","-","-"
-,-,4636XL-ND,4636XL,3M,PEDESTAL SPLICE CLOSURE KIT,0,0,"111.89400","0","5","*","Active","-","-","-","-","-","-"
-,-,FST144R-ND,FST144R,Panduit Corp,TRAY FOR RIBBON FIBER SPLICING,0,0,"114.85000","0","1","-","Active","-","-","-","-","-","-"
http://solutions.3mschweiz.ch/3MContentRetrievalAPI/BlobServlet?locale=de_CH&lmd=1294914542000&assetId=1273675066989&assetType=MMM_Image&blobAttribute=ImageFile,-,R-3-ND,R-3,3M,WIRE SPLICE AERIAL CLOSURE 300PR,0,0,"116.83200","0","10","-","Active","Aerial Closure","300 Pairs @ 24 AWG","3.000"" (76.20mm)","24.00"" (609.6mm)","-","Flame Retardant"
http://multimedia.3m.com/mws/media/42397O/3838-pst-gel-buried-service-wire-splice-kit.pdf,//media.digikey.com/photos/3M%20Photos/3838-PST^GEL.JPG,3M9046-ND,3838-PST/GEL,3M,WIRE SPLICE BURIED CLOSURE 6PAIR,0,0,"117.81000","0","1","-","Active","Buried Closure Splice Kit","6 Pairs","1.800"" (45.72mm)","5.98"" (152.0mm)","-","High Gel"
http://multimedia.3m.com/mws/media/806883O/slic-aerial-closures-and-terminals-brochure.pdf,-,SLIC-5.6X33-BA-ND,SLIC-5.6X33-BA,3M,WIRE SPLICE AERIAL CLOSUR 1200PR,0,0,"118.42000","0","1","SLiC™","Active","Aerial Closure, Free-Breathing","1200 Pairs @ 26 AWG","5.600"" (142.24mm)","33.00"" (838.2mm)","21.00"" (533.4mm)","Shield Bond Assembly 4462, Rubber End Seals"
http://multimedia.3m.com/mws/media/806883O/slic-aerial-closures-and-terminals-brochure.pdf,-,SLIC-5.6X33-SR/SES-ND,SLIC-5.6X33-SR/SES,3M,WIRE SPLICE AERIAL CLOSUR 1200PR,0,0,"137.90000","0","1","SLiC™","Active","Aerial Closure, Free-Breathing","1200 Pairs @ 26 AWG","5.600"" (142.24mm)","33.00"" (838.2mm)","21.00"" (533.4mm)","Rigid Bond/Sheath Protection, Spiral End Seals"
-,-,2Z2AAA-510-ND,2Z2AAA-510,3M,WIRE SPLICE ENCLOSUR SYS 300PAIR,0,0,"138.33000","0","1","-","Active","Enclosure System, Installed Sealing Gasket","300 Pairs","1.614"" (41.00mm)","16.50"" (419.0mm)","-","-"
-,-,PEAK-PWK-C-ND,PEAK-PWK-C,3M,PRESSURE WRAP KIT FOR USE WITH C,0,0,"140.42000","0","1","-","Active","-","-","-","-","-","-"
http://multimedia.3m.com/mws/media/806883O/slic-aerial-closures-and-terminals-brochure.pdf,-,SLIC-5.6X33-SR/RES-ND,SLIC-5.6X33-SR/RES,3M,WIRE SPLICE AERIAL CLOSUR 1200PR,0,0,"142.80000","0","1","SLiC™","Active","Aerial Closure, Free-Breathing","1200 Pairs @ 26 AWG","5.600"" (142.24mm)","33.00"" (838.2mm)","21.00"" (533.4mm)","Sheath Retention, Rubber End Seals"
-,-,4608-E-ND,4608-E,3M,REENTERABLE PST DOME CLOSURE,0,0,"148.64800","0","5","*","Active","-","-","-","-","-","-"
https://multimedia.3m.com/mws/media/572356O/fiber-optic-splice-closure-2178-family-brochure.pdf,//media.digikey.com/Photos/3M%20Photos/MFG_2178-XSB.jpg,2178-XSB-ND,2178-XSB,3M,WIRE SPLICE ENCLOSURE SYS,0,0,"150.50000","0","1","2178","Active","Enclosure System, Installed Sealing Gasket","-","-","14.57"" (370.0mm)","-","2 Ground Plugs, Fiber Optic Splices"
-,-,3M4608-ND,4608,3M,WIRE SPLICE BURIED CLOSURE 600PR,0,0,"150.89000","0","5","-","Active","Buried Closure Splice Kit, Re-Enterable","600 Pairs","1.400"" ~ 2.500"" (35.56mm ~ 63.50mm)","23.50"" (596.9mm)","-","-"
http://solutions.3mschweiz.ch/3MContentRetrievalAPI/BlobServlet?locale=de_CH&lmd=1294914542000&assetId=1273675066989&assetType=MMM_Image&blobAttribute=ImageFile,-,50AA3P-510-ND,50AA3P-510,3M,WIRE SPLICE ENCLOSUR SYS 100PAIR,0,0,"153.15000","0","1","50P","Active","Enclosure System, Installed Sealing Gasket","100 Pairs @ 24-26 AWG","2.000"" (50.80mm)","21.50"" (546.1mm)","13.00"" (330.2mm)","-"
http://multimedia.3m.com/mws/media/806883O/slic-aerial-closures-and-terminals-brochure.pdf,-,530-MT/SES-ND,530-MT/SES,3M,SLIC AERIAL TERMINAL WITH SPIRAL,0,0,"153.37000","0","1","SLiC™","Active","-","-","-","-","-","-"
http://solutions.3mschweiz.ch/3MContentRetrievalAPI/BlobServlet?locale=de_CH&lmd=1294914542000&assetId=1273675066989&assetType=MMM_Image&blobAttribute=ImageFile,//media.digikey.com/Photos/3M%20Photos/MFG_BBxXxx.jpg,BB5X26CC-SB/2SC-LHS-ND,BB5X26CC-SB/2SC-LHS,3M,WIRE SPLICE BURIED CLS 300/600PR,0,0,"154.51000","0","1","Better Buried","Active","Buried Closure Splice Kit, Re-Enterable","300 Pairs @ 22 AWG, 600 Pairs @ 24 AWG","5.000"" (127.00mm)","30.00"" (762.0mm)","19.00"" (482.6mm)","-"
-,-,319-MX-10/SES-ND,319-MX-10/SES,3M,SLIC AERIAL TERMINAL 319-MX-10/S,0,0,"155.62500","0","4","SLiC™","Active","-","-","-","-","-","-"
https://multimedia.3m.com/mws/media/357574O/3m-fiber-outside-plant-closures-trays-accessories-catalog.pdf,-,2178-XSB-EG-0T-ND,2178-XSB-EG-0T,3M,WIRE SPLICE ENCLOSURE SYS,0,0,"159.24000","0","1","2178","Active","Enclosure System, Installed Sealing Gasket","-","-","14.57"" (370.0mm)","-","External Ground, Fiber Optic Splices"
https://www.cablejoints.co.uk/upload/3M_M20_Cable_Repair_Kit_40_63mm_Diameter.pdf,-,M-40-ND,M-40,3M,WIRE SPLICE CABLE KIT,0,0,"163.95000","0","1","-","Active","Cable Splice Kit","-","-","-","-","Flame Retardant"
http://solutions.3mschweiz.ch/3MContentRetrievalAPI/BlobServlet?locale=de_CH&lmd=1294914542000&assetId=1273675066989&assetType=MMM_Image&blobAttribute=ImageFile,-,50B3P-510-ND,50B3P-510,3M,WIRE SPLICE ENCLOSURE 300/400PR,0,0,"164.06000","0","1","50/51P","Active","Enclosure System, Installed Sealing Gasket","300 Pairs @ 24 AWG, 400 Pairs @ 26 AWG","3.250"" (82.55mm)","28.50"" (723.9mm)","19.00"" (482.6mm)","-"
http://solutions.3mschweiz.ch/3MContentRetrievalAPI/BlobServlet?locale=de_CH&lmd=1294914542000&assetId=1273675066989&assetType=MMM_Image&blobAttribute=ImageFile,//media.digikey.com/Photos/3M%20Photos/MFG_BBxXxx.jpg,BB6X26CC-SB/2DC-LHS-ND,BB6X26CC-SB/2DC-LHS,3M,WIRE SPLICE BURIED CLS 400/900PR,0,0,"168.66000","0","1","Better Buried","Active","Buried Closure Splice Kit, Re-Enterable","400 Pairs @ 22 AWG, 900 Pairs @ 24 AWG","6.000"" (152.40mm)","30.00"" (762.0mm)","19.00"" (482.6mm)","-"
https://multimedia.3m.com/mws/media/572356O/fiber-optic-splice-closure-2178-family-brochure.pdf,-,2178-XSB-B-02-01G-00N-0N-ND,2178-XSB-B-02-01G-00N-0N,3M,WIRE SPLICE ENCLOSURE SYS,0,0,"172.86000","0","1","2178","Active","Enclosure System, Installed Sealing Gasket","-","-","14.57"" (370.0mm)","-","2 Cable Entry Kits, 2532 Splice Tray, Fiber Optic Splices"
http://multimedia.3m.com/mws/media/806883O/slic-aerial-closures-and-terminals-brochure.pdf,-,530-PI-5-TR/SES-ND,530-PI-5-TR/SES,3M,SLIC AERIAL TERMINALS WITH DUAL,0,0,"177.44000","0","1","SLiC™","Active","-","-","-","-","-","-"
https://multimedia.3m.com/mws/media/357574O/3m-fiber-outside-plant-closures-trays-accessories-catalog.pdf,-,2178-XSB-EG-1T-ND,2178-XSB-EG-1T,3M,WIRE SPLICE ENCLOSURE SYS,0,0,"177.68000","0","1","2178","Active","Enclosure System, Installed Sealing Gasket","-","-","14.57"" (370.0mm)","-","2527 Splice Tray, External Ground, Fiber Optic Splices"
https://multimedia.3m.com/mws/media/572356O/fiber-optic-splice-closure-2178-family-brochure.pdf,-,2178-XSB-B-02-01G-30N-0N-ND,2178-XSB-B-02-01G-30N-0N,3M,WIRE SPLICE ENCLOSURE SYS,0,0,"189.62000","0","1","2178","Active","Enclosure System, Installed Sealing Gasket","-","-","14.57"" (370.0mm)","-","2 Cable Entry Kits, 3 Ground Plugs, 2532 Splice Tray, Fiber Optic Splices"
http://solutions.3mschweiz.ch/3MContentRetrievalAPI/BlobServlet?locale=de_CH&lmd=1294914542000&assetId=1273675066989&assetType=MMM_Image&blobAttribute=ImageFile,-,R-5-ND,R-5,3M,WIRE SPLICE AERIAL CLOSURE 900PR,0,0,"191.82000","0","1","-","Active","Aerial Closure","900 Pairs @ 24 AWG","5.000"" (127.00mm)","26.00"" (660.4mm)","-","Flame Retardant"
-,-,PEAK-B2E-ND,PEAK-B2E,3M,PEAK ENDPLATE KIT,0,0,"193.87000","0","1","-","Active","-","-","-","-","-","-"
https://multimedia.3m.com/mws/media/357574O/3m-fiber-outside-plant-closures-trays-accessories-catalog.pdf,//media.digikey.com/Photos/3M%20Photos/MFG_2178-XSB-EG-1T-6PGA.jpg,2178-XSB-EG-1T-6PGA-ND,2178-XSB-EG-1T-6PGA,3M,WIRE SPLICE ENCLOSURE SYS,0,0,"194.04000","0","1","2178","Active","Enclosure System, Installed Sealing Gasket","-","-","14.57"" (370.0mm)","-","2527 Splice Tray, 6PGA Grommet, External Ground, Fiber Optic Splices"
-,-,FDTC-08M-E-00N-00N-A-ND,FDTC-08M-E-00N-00N-A,3M,WIRE SPLICE ENCLOSURE SYS,0,0,"194.61000","0","1","-","Active","Enclosure System, Installed Sealing Gasket","-","-","15.20"" (386.1mm)","-","Dome Latching System"
https://multimedia.3m.com/mws/media/357574O/3m-fiber-outside-plant-closures-trays-accessories-catalog.pdf,-,2178-XSB-EG-2T-ND,2178-XSB-EG-2T,3M,WIRE SPLICE ENCLOSURE SYS,0,0,"196.13000","0","1","2178","Active","Enclosure System, Installed Sealing Gasket","-","-","14.57"" (370.0mm)","-","2-2527 Splice Trays, External Ground, Fiber Optic Splices"
http://solutions.3mschweiz.ch/3MContentRetrievalAPI/BlobServlet?locale=de_CH&lmd=1294914542000&assetId=1273675066989&assetType=MMM_Image&blobAttribute=ImageFile,//media.digikey.com/Photos/3M%20Photos/MFG_BBxXxx.jpg,BB7X26CC-SB/2DC-LHS-ND,BB7X26CC-SB/2DC-LHS,3M,WIRE SPLIC BURIED CLS 600/1200PR,0,0,"202.31000","0","1","Better Buried","Active","Buried Closure Splice Kit, Re-Enterable","600 Pairs @ 22 AWG, 1200 Pairs @ 24 AWG","7.000"" (177.80mm)","30.00"" (762.0mm)","19.00"" (482.6mm)","-"
-,-,4608GW-ND,4608GW,3M,WIRE SPLICE BURIED CLOSURE,0,0,"209.14600","0","5","-","Active","Buried Closure Splice Kit, Re-Enterable","-","5.300"" (134.62mm)","23.50"" (596.9mm)","-","Dome Latching System"
-,-,FDTC-08M-E-00N-01C-A-DS-ND,FDTC-08M-E-00N-01C-A-DS,3M,WIRE SPLICE ENCLOSURE SYS,0,0,"211.32000","0","1","-","Active","Enclosure System, Installed Sealing Gasket","-","-","15.20"" (386.1mm)","-","Dome Latching System"
-,-,FDTC-10S-COUPLINGTRAY-6SCAPC-ND,FDTC-10S-COUPLINGTRAY-6SCAPC,3M,COUPLING TRAY,0,0,"212.18000","0","1","*","Active","-","-","-","-","-","-"
-,-,SLFC-533-TS-1A-ND,SLFC-533-TS-1A,3M,SLIC FIBER AERIAL CLOSURE 533,0,0,"212.34000","0","1","SLiC™","Active","-","-","-","-","-","-"
http://solutions.3mschweiz.ch/3MContentRetrievalAPI/BlobServlet?locale=de_CH&lmd=1294914542000&assetId=1273675066989&assetType=MMM_Image&blobAttribute=ImageFile,-,50C3P-510-ND,50C3P-510,3M,WIRE SPLICE ENCLOSURE 600/900PR,0,0,"218.10000","0","1","50/51P","Active","Enclosure System, Installed Sealing Gasket","600 Pairs @ 24 AWG, 900 Pairs @ 26 AWG","4.500"" (114.30mm)","28.50"" (723.9mm)","19.00"" (482.6mm)","-"
https://multimedia.3m.com/mws/media/357574O/3m-fiber-outside-plant-closures-trays-accessories-catalog.pdf,//media.digikey.com/Photos/3M%20Photos/MFG_2178-XLB.jpg,2178-XLB-EG-0T-ND,2178-XLB-EG-0T,3M,WIRE SPLICE ENCLOSURE SYS,0,0,"218.12000","0","1","2178","Active","Enclosure System, Installed Sealing Gasket","-","-","26.97"" (685.0mm)","-","External Ground, Fiber Optic Splices"
-,//media.digikey.com/Photos/3M%20Photos/MFG_FDC-08M-A-NxN.jpg,FDC-08M-A-N0N-02B-A-ND,FDC-08M-A-N0N-02B-A,3M,WIRE SPLICE AERIAL CLOSURE,0,0,"220.29000","0","1","-","Active","Aerial Closure","-","-","15.20"" (386.1mm)","-","Dome Latching System"
https://multimedia.3m.com/mws/media/572356O/fiber-optic-splice-closure-2178-family-brochure.pdf,//media.digikey.com/Photos/3M%20Photos/MFG_2178-XLB.jpg,2178-XLB-B-02-01G-00N-ND,2178-XLB-B-02-01G-00N,3M,WIRE SPLICE ENCLOSURE SYS,0,0,"223.46000","0","1","2178","Active","Enclosure System, Installed Sealing Gasket","-","-","26.97"" (685.0mm)","-","2 Cable Entry Kits, 2532 Splice Tray, Fiber Optic Splices"
-,//media.digikey.com/Photos/3M%20Photos/MFG_FDC-08M-A-NxN.jpg,FDC-08M-A-N1N-01C-A-ND,FDC-08M-A-N1N-01C-A,3M,WIRE SPLICE AERIAL CLOSURE,0,0,"233.40000","0","1","-","Active","Aerial Closure","-","-","15.20"" (386.1mm)","-","Dome Latching System"
-,//media.digikey.com/Photos/3M%20Photos/MFG_BRCP-HD-192-IDC.jpg,BRCP-HD-192-IDC-ND,BRCP-HD-192-IDC,3M,BLOCK HIGH DENSITY IDC,0,0,"234.42000","0","1","*","Active","-","-","-","-","-","-"
https://multimedia.3m.com/mws/media/572356O/fiber-optic-splice-closure-2178-family-brochure.pdf,//media.digikey.com/Photos/3M%20Photos/MFG_2178-XLB.jpg,2178-XLB-B-02-01G-30N-0N-ND,2178-XLB-B-02-01G-30N-0N,3M,WIRE SPLICE ENCLOSURE SYS,0,0,"242.85000","0","1","2178","Active","Enclosure System, Installed Sealing Gasket","-","-","26.97"" (685.0mm)","-","2 Cable Entry Kits, 3 Ground Plugs, 2532 Splice Tray, Fiber Optic Splices"
-,-,FDTC-08M-E-00N-01C-A-06-DANN-ND,FDTC-08M-E-00N-01C-A-06-DANN,3M,WIRE SPLICE ENCLOSURE SYS,0,0,"244.55000","0","1","-","Active","Enclosure System, Installed Sealing Gasket","-","-","15.20"" (386.1mm)","-","Dome Latching System"
-,//media.digikey.com/Photos/3M%20Photos/MFG_FDC-08S.jpg,FDC-08S-B-N00-01A-N-ND,FDC-08S-B-N00-01A-N,3M,WIRE SPLICE AERIAL CLOSURE,0,0,"245.10000","0","1","-","Active","Aerial Closure","-","-","21.20"" (538.5mm)","-","Dome Latching System"
http://solutions.3mschweiz.ch/3MContentRetrievalAPI/BlobServlet?locale=de_CH&lmd=1294914542000&assetId=1273675066989&assetType=MMM_Image&blobAttribute=ImageFile,-,50D3P-510-ND,50D3P-510,3M,WIRE SPLICE ENCLOSUR 1200/1500PR,0,0,"255.77000","0","1","50P","Active","Enclosure System, Installed Sealing Gasket","1200 Pairs, 1500 Pairs @ 24 AWG-26 AWG","6.250"" (158.75mm)","28.50"" (723.9mm)","19.00"" (482.6mm)","-"
https://multimedia.3m.com/mws/media/572356O/fiber-optic-splice-closure-2178-family-brochure.pdf,-,2178-S-2172-ND,2178-S-2172,3M,WIRE SPLICE ENCLOSURE SYS,0,0,"277.34000","0","1","2178","Active","Enclosure System, Installed Sealing Gasket","-","-","21.89"" (556.0mm)","-","2 Ground Plugs, Fiber Optic Splices, 2172 Strength Member Clamp"
https://multimedia.3m.com/mws/media/572356O/fiber-optic-splice-closure-2178-family-brochure.pdf,//media.digikey.com/Photos/3M%20Photos/MFG_2178-S.jpg,3M158661-ND,2178-S,3M,WIRE SPLICE ENCLOSURE SYS,0,0,"283.05000","0","1","2178","Active","Enclosure System, Installed Sealing Gasket","-","-","21.89"" (556.0mm)","-","2 Ground Plugs, Fiber Optic Splices"
-,//media.digikey.com/Photos/3M%20Photos/MFG_FDC-08S.jpg,FDC-08S-B-N00-02B-E-ND,FDC-08S-B-N00-02B-E,3M,WIRE SPLICE AERIAL CLOSURE,0,0,"291.63000","0","1","-","Active","Aerial Closure","-","-","21.20"" (538.5mm)","-","Dome Latching System"
http://multimedia.3m.com/mws/media/357574O/3m-fiber-outside-plant-closures-trays-accessories-catalog.pdf,//media.digikey.com/Photos/3M%20Photos/MFG_2178-S.jpg,2178-S/4LUG-ND,2178-S/4LUG,3M,WIRE SPLICE ENCLOSURE SYS,0,0,"295.83000","0","1","2178","Active","Enclosure System, Installed Sealing Gasket","-","-","21.89"" (556.0mm)","-","4 Ground Plugs, Fiber Optic Splices"
http://solutions.3mschweiz.ch/3MContentRetrievalAPI/BlobServlet?locale=de_CH&lmd=1294914542000&assetId=1273675066989&assetType=MMM_Image&blobAttribute=ImageFile,-,R-7-ND,R-7,3M,WIRE SPLICE AERIAL CLOSUR 1800PR,0,0,"301.44000","0","1","-","Active","Aerial Closure","1800 Pairs @ 24 AWG","7.000"" (177.80mm)","26.00"" (660.4mm)","-","Flame Retardant"
-,-,FDTC-08M-E-00N-01C-A-06-EPNA-ND,FDTC-08M-E-00N-01C-A-06-EPNA,3M,WIRE SPLICE ENCLOSURE SYS,0,0,"303.65000","0","1","-","Active","Enclosure System, Installed Sealing Gasket","-","-","15.20"" (386.1mm)","-","Dome Latching System"
-,-,4637XL-ND,4637XL,3M,PEDESTAL SPLICE CLOSURE KIT,0,0,"307.61000","0","1","*","Active","-","-","-","-","-","-"
-,//media.digikey.com/Photos/3M%20Photos/MFG_FSCxX1x.jpg,FSC8X19/CC24-W/O-HIGHGEL/S-ND,FSC8X19/CC24-W/O-HIGHGEL/S,3M,WIRE SPLICE BURIED CLOSUR 2400PR,0,0,"311.88000","0","1","-","Active","Buried Closure Splice Kit, Re-Enterable","2400 Pairs @ 26 AWG","7.500"" (190.50mm)","30.50"" (774.7mm)","19.00"" (482.6mm)","Scotchlok Connectors"
-,-,FDTC-08S-G-00N-01A-B-02-DANA-ND,FDTC-08S-G-00N-01A-B-02-DANA,3M,WIRE SPLICE ENCLOSURE SYS,0,0,"320.36000","0","1","-","Active","Enclosure System, Installed Sealing Gasket","-","-","21.20"" (538.5mm)","-","Dome Latching System"
https://multimedia.3m.com/mws/media/572356O/fiber-optic-splice-closure-2178-family-brochure.pdf,//media.digikey.com/Photos/3M%20Photos/MFG_2178-LS.jpg,3M158660-ND,2178-LS,3M,WIRE SPLICE ENCLOSURE SYS,0,0,"325.43000","0","1","2178","Active","Enclosure System, Installed Sealing Gasket","-","-","21.89"" (556.0mm)","-","2 Ground Plugs, Fiber Optic Splices"
https://multimedia.3m.com/mws/media/357574O/3m-fiber-outside-plant-closures-trays-accessories-catalog.pdf,-,2178-LS-2172-ND,2178-LS-2172,3M,WIRE SPLICE ENCLOSURE SYS,0,0,"325.43000","0","1","2178","Active","Enclosure System, Installed Sealing Gasket","-","-","21.89"" (556.0mm)","-","2 Ground Plugs, Fiber Optic Splices, 2172 Strength Member Clamp"
https://multimedia.3m.com/mws/media/572356O/fiber-optic-splice-closure-2178-family-brochure.pdf,//media.digikey.com/Photos/3M%20Photos/MFG_2178-SL.jpg,2178-SL-ND,2178-SL,3M,WIRE SPLICE ENCLOSURE SYS,0,0,"325.43000","0","1","2178","Active","Enclosure System, Installed Sealing Gasket","-","-","21.89"" (556.0mm)","-","2 Ground Plugs, Fiber Optic Splices"
-,-,FDTC-08S-B-00N-01A-A-04-EPAA-ND,FDTC-08S-B-00N-01A-A-04-EPAA,3M,WIRE SPLICE ENCLOSURE SYS,0,0,"332.40000","0","1","-","Active","Enclosure System, Installed Sealing Gasket","-","-","21.20"" (538.5mm)","-","Dome Latching System"
http://multimedia.3m.com/mws/media/357574O/3m-fiber-outside-plant-closures-trays-accessories-catalog.pdf,//media.digikey.com/Photos/3M%20Photos/MFG_2178-LS.jpg,2178-LS/4-LUG-ND,2178-LS/4-LUG,3M,WIRE SPLICE ENCLOSURE SYS,0,0,"343.91000","0","1","2178","Active","Enclosure System, Installed Sealing Gasket","-","-","21.89"" (556.0mm)","-","4 Ground Plugs, Fiber Optic Splices"
-,-,FDST-08-A-06-A-06-0100-ND,FDST-08-A-06-A-06-0100,3M,WIRE SPLICE BURIED CLOSURE,0,0,"344.84000","0","1","FDST","Active","Buried Closure Splice Kit, Re-Enterable","6 Fibers","-","13.00"" (330.2mm)","-","Dome Latching System, Fixed Position O-Ring"
-,//media.digikey.com/Photos/3M%20Photos/MFG_FDC-10S-x.jpg,FDC-10S-D-NN0-00N-C-ND,FDC-10S-D-NN0-00N-C,3M,WIRE SPLICE AERIAL CLOSURE,0,0,"350.99000","0","1","-","Active","Aerial Closure","-","-","21.60"" (548.6mm)","-","Dome Latching System"
http://solutions.3mschweiz.ch/3MContentRetrievalAPI/BlobServlet?locale=de_CH&lmd=1294914542000&assetId=1273675066989&assetType=MMM_Image&blobAttribute=ImageFile,-,R-9-ND,R-9,3M,WIRE SPLICE AERIAL CLOSUR 3000PR,0,0,"356.16000","0","1","-","Active","Aerial Closure","3000 Pairs @ 24 AWG","9.000"" (228.60mm)","26.00"" (660.4mm)","-","Flame Retardant"
-,-,FDST-08-B-04-A-04-0150-ND,FDST-08-B-04-A-04-0150,3M,WIRE SPLICE BURIED CLOSURE,0,0,"362.03000","0","1","FDST","Active","Buried Closure Splice Kit, Re-Enterable","4 Fibers","-","13.00"" (330.2mm)","-","Dome Latching System, Fixed Position O-Ring"
https://multimedia.3m.com/mws/media/572356O/fiber-optic-splice-closure-2178-family-brochure.pdf,//media.digikey.com/Photos/3M%20Photos/MFG_2178-LL.jpg,3M158658-ND,2178-LL,3M,WIRE SPLICE ENCLOSURE SYS,0,0,"366.09000","0","1","2178","Active","Enclosure System, Installed Sealing Gasket","-","-","21.89"" (556.0mm)","-","2 Ground Plugs, Fiber Optic Splices"
https://multimedia.3m.com/mws/media/357574O/3m-fiber-outside-plant-closures-trays-accessories-catalog.pdf,-,2178-LL-2172-ND,2178-LL-2172,3M,WIRE SPLICE ENCLOSURE SYS,0,0,"366.09000","0","1","2178","Active","Enclosure System, Installed Sealing Gasket","-","-","21.89"" (556.0mm)","-","2 Ground Plugs, Fiber Optic Splices, 2172 Strength Member Clamp"
-,-,FDTC-08S-E-00N-1A-A-06-EPNA-ND,FDTC-08S-E-00N-1A-A-06-EPNA,3M,WIRE SPLICE ENCLOSURE SYS,0,0,"369.69000","0","1","-","Active","Enclosure System, Installed Sealing Gasket","-","-","21.20"" (538.5mm)","-","Dome Latching System"
https://multimedia.3m.com/mws/media/572356O/fiber-optic-splice-closure-2178-family-brochure.pdf,//media.digikey.com/Photos/3M%20Photos/MFG_2178-MS.jpg,2178-MS-ND,2178-MS,3M,WIRE SPLICE ENCLOSURE SYS,0,0,"369.80000","0","1","2178","Active","Enclosure System, Installed Sealing Gasket","-","-","21.89"" (556.0mm)","-","2 Ground Plugs,  Fiber Optic Splices, External Ground Isolation"
https://multimedia.3m.com/mws/media/357574O/3m-fiber-outside-plant-closures-trays-accessories-catalog.pdf,//media.digikey.com/Photos/3M%20Photos/MFG_2178-S+81.jpg,2178-S+81-ND,2178-S+81,3M,WIRE SPLICE ENCLOSURE SYS,0,0,"372.12000","0","1","2178","Active","Enclosure System, Installed Sealing Gasket","-","-","21.89"" (556.0mm)","-","2 Ground Plugs, 2181 Cable Addition Kit, Fiber Optic Splices"
-,-,FDST-08-A-04-A-04-0250-ND,FDST-08-A-04-A-04-0250,3M,WIRE SPLICE BURIED CLOSURE,0,0,"372.50000","0","1","FDST","Active","Buried Closure Splice Kit, Re-Enterable","4 Fibers","-","13.00"" (330.2mm)","-","Dome Latching System, Fixed Position O-Ring"
http://multimedia.3m.com/mws/media/612836O/3mtm-pressurized-closure-system-2-type-505-data-sheet.pdf,-,2B2A-5-505-ISG-ND,2B2A-5-505-ISG,3M,WIRE SPLICE ENCLOSURE SYS 1200PR,0,0,"380.16000","0","1","2B2","Active","Enclosure System, Installed Sealing Gasket","1200 Pairs @ 24-26 AWG","7.000"" (177.80mm)","27.50"" (698.5mm)","19.00"" (482.6mm)","Modular Connectors"
https://multimedia.3m.com/mws/media/357574O/3m-fiber-outside-plant-closures-trays-accessories-catalog.pdf,//media.digikey.com/Photos/3M%20Photos/MFG_2178-LL.jpg,2178-LL/4LUG-ND,2178-LL/4LUG,3M,WIRE SPLICE ENCLOSURE SYS,0,0,"384.59000","0","1","2178","Active","Enclosure System, Installed Sealing Gasket","-","-","21.89"" (556.0mm)","-","4 Ground Plugs, Fiber Optic Splices"
-,//media.digikey.com/Photos/3M%20Photos/MFG_FDC-10S-x.jpg,FDC-10S-D-NN2-01G-N-ND,FDC-10S-D-NN2-01G-N,3M,WIRE SPLICE AERIAL CLOSURE,0,0,"392.19000","0","1","-","Active","Aerial Closure","-","-","21.60"" (548.6mm)","-","Dome Latching System, Fixed Position O-Ring"
-,-,FDST-08-A-04-A-04-0300-ND,FDST-08-A-04-A-04-0300,3M,WIRE SPLICE BURIED CLOSURE,0,0,"393.05000","0","1","FDST","Active","Buried Closure Splice Kit, Re-Enterable","4 Fibers","-","13.00"" (330.2mm)","-","Dome Latching System, Fixed Position O-Ring"
-,-,FDTC-08S-E-00N-1A-A-08-EPNA-ND,FDTC-08S-E-00N-1A-A-08-EPNA,3M,WIRE SPLICE ENCLOSURE SYS,0,0,"393.72000","0","1","-","Active","Enclosure System, Installed Sealing Gasket","-","-","21.20"" (538.5mm)","-","Dome Latching System"
-,-,FDST-08-A-06-A-06-0250-ND,FDST-08-A-06-A-06-0250,3M,WIRE SPLICE BURIED CLOSURE,0,0,"408.11000","0","1","FDST","Active","Buried Closure Splice Kit, Re-Enterable","6 Fibers","-","13.00"" (330.2mm)","-","Dome Latching System, Fixed Position O-Ring"
http://solutions.3mschweiz.ch/3MContentRetrievalAPI/BlobServlet?locale=de_CH&lmd=1294914542000&assetId=1273675066989&assetType=MMM_Image&blobAttribute=ImageFile,-,R-6-ND,R-6,3M,WIRE SPLICE AERIAL CLOSURE 900PR,0,0,"410.97000","0","1","-","Active","Aerial Closure","900 Pairs @ 24 AWG","6.000"" (152.40mm)","26.00"" (660.4mm)","-","Flame Retardant"
http://multimedia.3m.com/mws/media/806883O/slic-aerial-closures-and-terminals-brochure.pdf,-,328-PI-50-TR/SES-ND,328-PI-50-TR/SES,3M,SLIC AERIAL TERMINALS WITH DUAL,0,0,"412.44000","0","1","SLiC™","Active","-","-","-","-","-","-"
https://multimedia.3m.com/mws/media/572356O/fiber-optic-splice-closure-2178-family-brochure.pdf,//media.digikey.com/Photos/3M%20Photos/MFG_2178-MLS.jpg,2178-MLS-ND,2178-MLS,3M,WIRE SPLICE ENCLOSURE SYS,0,0,"417.89000","0","1","2178","Active","Enclosure System, Installed Sealing Gasket","-","-","21.89"" (556.0mm)","-","2 Ground Plugs,  Fiber Optic Splices, External Ground Isolation"
-,//media.digikey.com/Photos/3M%20Photos/MFG_FDC-10S-x.jpg,FDC-10S-D-NN0-01G-G-2D-C-ND,FDC-10S-D-NN0-01G-G-2D-C,3M,WIRE SPLICE AERIAL CLOSURE,0,0,"418.40000","0","1","-","Active","Aerial Closure","-","-","21.60"" (548.6mm)","-","Dome Latching System"
http://multimedia.3m.com/mws/media/357574O/3m-fiber-outside-plant-closures-trays-accessories-catalog.pdf,//media.digikey.com/Photos/3M%20Photos/MFG_2178-LS+81.jpg,2178-LS+81-ND,2178-LS+81,3M,WIRE SPLICE ENCLOSURE SYS,0,0,"420.56000","0","1","2178","Active","Enclosure System, Installed Sealing Gasket","-","-","21.89"" (556.0mm)","-","2 Ground Plugs, 2181 Cable Addition Kit, Fiber Optic Splices"
-,//media.digikey.com/Photos/3M%20Photos/MFG_FDC-10S-x.jpg,FDC-10S-D-NN2-01F-C-ND,FDC-10S-D-NN2-01F-C,3M,WIRE SPLICE AERIAL CLOSURE,0,0,"425.85000","0","1","-","Active","Aerial Closure","-","-","21.60"" (548.6mm)","-","Dome Latching System"
-,-,2D2A-6-505-ISG-ND,2D2A-6-505-ISG,3M,WIRE SPLICE ENCLOSURE SYS 3600PR,0,0,"431.84000","0","1","2D2","Active","Enclosure System, Installed Sealing Gasket","3600 Pairs @ 24-26 AWG","9.500"" (241.30mm)","27.50"" (698.5mm)","19.00"" (482.6mm)","Modular Connectors"
-,-,SLFT-530-C-1A-08-EPXC-ND,SLFT-530-C-1A-08-EPXC,3M,SLIC FIBER AERIAL TERMINAL CLOSU,0,0,"432.92000","0","1","SLiC™","Active","-","-","-","-","-","-"
http://multimedia.3m.com/mws/media/612836O/3mtm-pressurized-closure-system-2-type-505-data-sheet.pdf,-,2B2A-4-505-ISG-ND,2B2A-4-505-ISG,3M,WIRE SPLICE ENCLOSURE SYS 1200PR,0,0,"441.87000","0","1","2B2","Active","Enclosure System, Installed Sealing Gasket","1200 Pairs @ 24-26 AWG","7.000"" (177.80mm)","27.50"" (698.5mm)","19.00"" (482.6mm)","Modular Connectors"
https://multimedia.3m.com/mws/media/572356O/fiber-optic-splice-closure-2178-family-brochure.pdf,//media.digikey.com/Photos/3M%20Photos/MFG_2178-MLL.jpg,2178-MLL-ND,2178-MLL,3M,WIRE SPLICE ENCLOSURE SYS,0,0,"458.55000","0","1","2178","Active","Enclosure System, Installed Sealing Gasket","-","-","21.89"" (556.0mm)","-","2 Ground Plugs,  Fiber Optic Splices, External Ground Isolation"
-,-,FDTC-08M-E-00N-02C-A-05-EPNN-A-ND,FDTC-08M-E-00N-02C-A-05-EPNN-A,3M,WIRE SPLICE ENCLOSURE SYS,0,0,"477.14000","0","1","-","Active","Enclosure System, Installed Sealing Gasket","-","-","15.20"" (386.1mm)","-","Dome Latching System"
-,-,2C2A-4-505-ISG-ND,2C2A-4-505-ISG,3M,WIRE SPLICE ENCLOSURE SYS 1800PR,0,0,"480.02000","0","1","2C2","Active","Enclosure System, Installed Sealing Gasket","1800 Pairs @ 24-26 AWG","8.000"" (203.20mm)","27.50"" (698.5mm)","19.00"" (482.6mm)","Modular Connectors"
-,//media.digikey.com/Photos/3M%20Photos/MFG_FDC-10S-x.jpg,FDC-10S-E-NN4-03F-E-ND,FDC-10S-E-NN4-03F-E,3M,WIRE SPLICE AERIAL CLOSURE,0,0,"482.45000","0","1","-","Active","Aerial Closure","-","-","21.60"" (548.6mm)","-","Dome Latching System"
-,-,FDST-08-A-08-A-08-0650-ND,FDST-08-A-08-A-08-0650,3M,WIRE SPLICE BURIED CLOSURE,0,0,"493.20000","0","1","FDST","Active","Buried Closure Splice Kit, Re-Enterable","8 Fibers","-","13.00"" (330.2mm)","-","Dome Latching System, Fixed Position O-Ring"
-,-,FDC-12S-F-0NN-01K-N-ND,FDC-12S-F-0NN-01K-N,3M,WIRE SPLICE AERIAL CLOSURE,0,0,"494.30000","0","1","-","Active","Aerial Closure","-","-","25.90"" (657.9mm)","-","Dome Latching System"
-,-,FDST-08-A-08-A-08-0400-ND,FDST-08-A-08-A-08-0400,3M,WIRE SPLICE BURIED CLOSURE,0,0,"498.15000","0","1","FDST","Active","Buried Closure Splice Kit, Re-Enterable","8 Fibers","-","13.00"" (330.2mm)","-","Dome Latching System, Fixed Position O-Ring"
-,//media.digikey.com/Photos/3M%20Photos/MFG_2C2A-505-ISG.jpg,2C2AA-505-ISG-ND,2C2AA-505-ISG,3M,WIRE SPLICE ENCLOSURE SYS 1800PR,0,0,"504.26000","0","1","2C2","Active","Enclosure System, Installed Sealing Gasket","1800 Pairs @ 24-26 AWG","8.000"" (203.20mm)","18.50"" (469.9mm)","10.00"" (254.0mm)","Modular Connectors"
-,-,FDST-08-A-06-A-06-0500-ND,FDST-08-A-06-A-06-0500,3M,WIRE SPLICE BURIED CLOSURE,0,0,"508.55000","0","1","FDST","Active","Buried Closure Splice Kit, Re-Enterable","6 Fibers","-","13.00"" (330.2mm)","-","Dome Latching System, Fixed Position O-Ring"
http://multimedia.3m.com/mws/media/612836O/3mtm-pressurized-closure-system-2-type-505-data-sheet.pdf,//media.digikey.com/Photos/3M%20Photos/MFG_2D2A-505-ISG.jpg,2D2AA-505-ISG-ND,2D2AA-505-ISG,3M,WIRE SPLICE ENCLOSURE SYS 3600PR,0,0,"524.06000","0","1","2D2","Active","Enclosure System, Installed Sealing Gasket","3600 Pairs @ 24-26 AWG","9.500"" (241.30mm)","18.50"" (469.9mm)","10.00"" (254.0mm)","Modular Connectors"
-,-,FDST-08-A-04-A-04-0650-ND,FDST-08-A-04-A-04-0650,3M,WIRE SPLICE BURIED CLOSURE,0,0,"536.93000","0","1","FDST","Active","Buried Closure Splice Kit, Re-Enterable","4 Fibers","-","13.00"" (330.2mm)","-","Dome Latching System, Fixed Position O-Ring"
-,-,FDTC-08M-E-00N-02C-A-09-EPNN-C-ND,FDTC-08M-E-00N-02C-A-09-EPNN-C,3M,WIRE SPLICE ENCLOSURE SYS,0,0,"547.98000","0","1","-","Active","Enclosure System, Installed Sealing Gasket","-","-","15.20"" (386.1mm)","-","Dome Latching System"
-,-,FDC-12S-F-2NN-01H-C-ND,FDC-12S-F-2NN-01H-C,3M,WIRE SPLICE AERIAL CLOSURE,0,0,"565.68000","0","1","-","Active","Aerial Closure","-","-","25.90"" (657.9mm)","-","Dome Latching System"
-,-,FDC-12S-F-2NN-01K-C-ND,FDC-12S-F-2NN-01K-C,3M,WIRE SPLICE AERIAL CLOSURE,0,0,"565.68000","0","1","-","Active","Aerial Closure","-","-","25.90"" (657.9mm)","-","Dome Latching System"
https://www.te.com/commerce/DocumentDelivery/DDEController?Action=srchrtrv&DocNm=XTEB-B4&DocType=Customer+Drawing&DocLang=English,-,XTEB-B4-ND,XTEB-B4,TE Connectivity Raychem Cable Protection,WIRE SPLICE 200-600PAIR,0,0,"580.35200","0","5","-","Active","-","200-600 Pairs","1.100"" (27.94mm)","-","-","-"
http://multimedia.3m.com/mws/media/723568O/3mtm-fiber-dome-stubbed-terminal-fdst-08.pdf,-,FDST-08-D-08-A-12-0200-ND,FDST-08-D-08-A-12-0200,3M,WIRE SPLICE BURIED CLOSURE,0,0,"599.49000","0","1","FDST","Active","Buried Closure Splice Kit, Re-Enterable","8 Fibers","-","13.00"" (330.2mm)","-","Dome Latching System, Fixed Position O-Ring"
-,-,FDST-08-A-04-C-04-0750-ND,FDST-08-A-04-C-04-0750,3M,WIRE SPLICE BURIED CLOSURE,0,0,"613.98000","0","1","FDST","Active","Buried Closure Splice Kit, Re-Enterable","4 Fibers","-","13.00"" (330.2mm)","-","Dome Latching System, Fixed Position O-Ring"
-,-,FDST-08-A-06-A-06-0750-ND,FDST-08-A-06-A-06-0750,3M,WIRE SPLICE BURIED CLOSURE,0,0,"631.35000","0","1","FDST","Active","Buried Closure Splice Kit, Re-Enterable","6 Fibers","-","13.00"" (330.2mm)","-","Dome Latching System, Fixed Position O-Ring"
-,-,LL2-727-B/SL-ND,LL2-727-B/SL,3M,FIBER OPTIC CLOSURE BUTT W/SLACK,0,0,"650.07000","0","1","*","Active","-","-","-","-","-","-"
-,-,2C2A-2-505-ISG-ND,2C2A-2-505-ISG,3M,WIRE SPLICE ENCLOSURE SYS 1800PR,0,0,"671.66000","0","1","2C2","Active","Enclosure System, Installed Sealing Gasket","1800 Pairs @ 24-26 AWG","8.000"" (203.20mm)","27.50"" (698.5mm)","19.00"" (482.6mm)","Modular Connectors"
-,//media.digikey.com/Photos/3M%20Photos/MFG_FDC-12S-F-xNN-01J.jpg,FDC-12S-F-0NN-01J-N-ND,FDC-12S-F-0NN-01J-N,3M,WIRE SPLICE AERIAL CLOSURE,0,0,"673.43000","0","1","-","Active","Aerial Closure","-","-","25.90"" (657.9mm)","-","Dome Latching System"
-,-,FDST-08-B-04-A-04-1000-ND,FDST-08-B-04-A-04-1000,3M,WIRE SPLICE BURIED CLOSURE,0,0,"719.97000","0","1","FDST","Active","Buried Closure Splice Kit, Re-Enterable","4 Fibers","-","13.00"" (330.2mm)","-","Dome Latching System, Fixed Position O-Ring"
-,-,FDST-08-A-04-A-04-1500-ND,FDST-08-A-04-A-04-1500,3M,WIRE SPLICE BURIED CLOSURE,0,0,"764.95000","0","1","FDST","Active","Buried Closure Splice Kit, Re-Enterable","4 Fibers","-","13.00"" (330.2mm)","-","Dome Latching System, Fixed Position O-Ring"
-,-,FDST-08-B-08-A-08-1000-ND,FDST-08-B-08-A-08-1000,3M,WIRE SPLICE BURIED CLOSURE,0,0,"773.50000","0","1","FDST","Active","Buried Closure Splice Kit, Re-Enterable","8 Fibers","-","13.00"" (330.2mm)","-","Dome Latching System, Fixed Position O-Ring"
https://multimedia.3m.com/mws/media/572356O/fiber-optic-splice-closure-2178-family-brochure.pdf,//media.digikey.com/Photos/3M%20Photos/MFG_2178-XL.jpg,2178-XL-ND,2178-XL,3M,WIRE SPLICE ENCLOSURE SYS,0,0,"873.36000","0","1","2178","Active","Enclosure System, Installed Sealing Gasket","-","-","26.97"" (685.0mm)","-","2 Ground Plugs, Fiber Optic Splices"
https://multimedia.3m.com/mws/media/357574O/3m-fiber-outside-plant-closures-trays-accessories-catalog.pdf,//media.digikey.com/Photos/3M%20Photos/MFG_2178-XL-8G.jpg,2178-XL-8G-ND,2178-XL-8G,3M,WIRE SPLICE ENCLOSURE SYS,0,0,"920.61000","0","1","2178","Active","Enclosure System, Installed Sealing Gasket","-","-","26.97"" (685.0mm)","-","8 Ground Plugs, Fiber Optic Splices"
-,-,PVQ-FMT-ND,PVQ-FMT,Panduit Corp,"PVIQ FIBER TRAY, 24 PORT, NO ADA",0,0,"992.05000","0","1","*","Active","-","-","-","-","-","-"
-,-,FDST-08-B-08-A-08-1500-ND,FDST-08-B-08-A-08-1500,3M,WIRE SPLICE BURIED CLOSURE,0,0,"1016.74000","0","1","FDST","Active","Buried Closure Splice Kit, Re-Enterable","8 Fibers","-","13.00"" (330.2mm)","-","Dome Latching System, Fixed Position O-Ring"
http://multimedia.3m.com/mws/media/612836O/3mtm-pressurized-closure-system-2-type-505-data-sheet.pdf,-,2B2E-505-ISG-ND,2B2E-505-ISG,3M,WIRE SPLICE ENCLOSURE SYS 1200PR,0,0,"1116.94000","0","1","2B2","Active","Enclosure System, Installed Sealing Gasket","1200 Pairs @ 24-26 AWG","7.000"" (177.80mm)","52.75"" (1.3m)","44.25"" (1.1m)","Modular Connectors"
http://multimedia.3m.com/mws/media/612836O/3mtm-pressurized-closure-system-2-type-505-data-sheet.pdf,-,2A2F-505-ISG-ND,2A2F-505-ISG,3M,WIRE SPLICE ENCLOSUR SYS 600PAIR,0,0,"1305.09000","0","1","2A2","Active","Enclosure System, Installed Sealing Gasket","600 Pairs @ 24-26 AWG","5.250"" (133.35mm)","57.00"" (1.4m)","48.50"" (1.2m)","Modular Connectors"
http://multimedia.3m.com/mws/media/612836O/3mtm-pressurized-closure-system-2-type-505-data-sheet.pdf,-,2B2F-505ISG-ND,2B2F-505 ISG,3M,WIRE SPLICE ENCLOSURE SYS 1200PR,0,0,"1331.20000","0","1","2B2","Active","Enclosure System, Installed Sealing Gasket","1200 Pairs @ 24-26 AWG","7.000"" (177.80mm)","57.00"" (1.4m)","48.50"" (1.2m)","Modular Connectors"
http://multimedia.3m.com/mws/media/694430O/3mtm-fiber-dome-stubbed-terminal-fdst-08s.pdf,-,FDST-08S-B-24-K-24-0200-ND,FDST-08S-B-24-K-24-0200,3M,WIRE SPLICE AERIAL CLOSURE,0,0,"1334.59000","0","1","FDST","Active","Aerial Closure","24 Fibers","-","18.90"" (480.1mm)","-","Dome Latching System, Fixed Position O-Ring"
-,-,FDST-08S-A-24-E-24-0400-ND,FDST-08S-A-24-E-24-0400,3M,WIRE SPLICE AERIAL CLOSURE,0,0,"1403.86000","0","1","FDST","Active","Aerial Closure","24 Fibers","-","18.90"" (480.1mm)","-","Dome Latching System, Fixed Position O-Ring"
-,-,FDST-08-A-04-C-04-2500-ND,FDST-08-A-04-C-04-2500,3M,WIRE SPLICE BURIED CLOSURE,0,0,"1475.48000","0","1","FDST","Active","Buried Closure Splice Kit, Re-Enterable","4 Fibers","-","13.00"" (330.2mm)","-","Dome Latching System, Fixed Position O-Ring"
http://multimedia.3m.com/mws/media/694430O/3mtm-fiber-dome-stubbed-terminal-fdst-08s.pdf,-,FDST-08S-B-24-K-24-0400-ND,FDST-08S-B-24-K-24-0400,3M,WIRE SPLICE AERIAL CLOSURE,0,0,"1559.56000","0","1","FDST","Active","Aerial Closure","24 Fibers","-","18.90"" (480.1mm)","-","Dome Latching System, Fixed Position O-Ring"
http://multimedia.3m.com/mws/media/612836O/3mtm-pressurized-closure-system-2-type-505-data-sheet.pdf,-,2A2H-505-ISG-ND,2A2H-505-ISG,3M,WIRE SPLICE ENCLOSUR SYS 600PAIR,0,0,"1607.85000","0","1","2A2","Active","Enclosure System, Installed Sealing Gasket","600 Pairs @ 24-26 AWG","5.250"" (133.35mm)","65.50"" (1.7m)","57.00"" (1.4m)","Modular Connectors"
-,-,FDST-08S-A-24-E-24-0600-ND,FDST-08S-A-24-E-24-0600,3M,WIRE SPLICE AERIAL CLOSURE,0,0,"1625.35000","0","1","FDST","Active","Aerial Closure","24 Fibers","-","18.90"" (480.1mm)","-","Dome Latching System, Fixed Position O-Ring"
http://multimedia.3m.com/mws/media/612836O/3mtm-pressurized-closure-system-2-type-505-data-sheet.pdf,-,2B2I-505-ISG-ND,2B2I-505-ISG,3M,WIRE SPLICE ENCLOSURE SYS 1200PR,0,0,"1649.90000","0","1","2B2","Active","Enclosure System, Installed Sealing Gasket","1200 Pairs @ 24-26 AWG","7.000"" (177.80mm)","69.75"" (1.8m)","61.25"" (1.5m)","Modular Connectors"
http://multimedia.3m.com/mws/media/694430O/3mtm-fiber-dome-stubbed-terminal-fdst-08s.pdf,-,FDST-08S-B-24-K-24-0500-ND,FDST-08S-B-24-K-24-0500,3M,WIRE SPLICE AERIAL CLOSURE,0,0,"1651.67000","0","1","FDST","Active","Aerial Closure","24 Fibers","-","18.90"" (480.1mm)","-","Dome Latching System, Fixed Position O-Ring"
http://multimedia.3m.com/mws/media/612836O/3mtm-pressurized-closure-system-2-type-505-data-sheet.pdf,//media.digikey.com/Photos/3M%20Photos/MFG_2C2A-505-ISG.jpg,2C2I-505-ISG-ND,2C2I-505-ISG,3M,WIRE SPLICE ENCLOSURE SYS 1800PR,0,0,"1750.30000","0","1","2C2","Active","Enclosure System, Installed Sealing Gasket","1800 Pairs @ 24-26 AWG","8.000"" (203.20mm)","69.75"" (1.8m)","61.25"" (1.5m)","Modular Connectors"
http://multimedia.3m.com/mws/media/694430O/3mtm-fiber-dome-stubbed-terminal-fdst-08s.pdf,-,FDST-08S-B-24-K-24-0600-ND,FDST-08S-B-24-K-24-0600,3M,WIRE SPLICE AERIAL CLOSURE,0,0,"1774.37000","0","1","FDST","Active","Aerial Closure","24 Fibers","-","18.90"" (480.1mm)","-","Dome Latching System, Fixed Position O-Ring"
http://multimedia.3m.com/mws/media/612836O/3mtm-pressurized-closure-system-2-type-505-data-sheet.pdf,//media.digikey.com/Photos/3M%20Photos/MFG_2C2A-505-ISG.jpg,2C2J-505-ISG-ND,2C2J-505-ISG,3M,WIRE SPLICE ENCLOSURE SYS 1800PR,0,0,"1776.54000","0","1","2C2","Active","Enclosure System, Installed Sealing Gasket","1800 Pairs @ 24-26 AWG","8.000"" (203.20mm)","74.00"" (1.9m)","65.50"" (1.7m)","Modular Connectors"
http://multimedia.3m.com/mws/media/612836O/3mtm-pressurized-closure-system-2-type-505-data-sheet.pdf,//media.digikey.com/Photos/3M%20Photos/MFG_2E2B-DD-505-ISG.jpg,2E2F-DD-505-ISG-ND,2E2F-DD-505-ISG,3M,WIRE SPLICE ENCLOSURE SYS 4200PR,0,0,"1882.22000","0","1","2E2","Active","Enclosure System, Installed Sealing Gasket","4200 Pairs @ 24-26 AWG","12.000"" (304.80mm)","57.00"" (1.4m)","48.50"" (1.2m)","Modular Connectors"
http://multimedia.3m.com/mws/media/612836O/3mtm-pressurized-closure-system-2-type-505-data-sheet.pdf,//media.digikey.com/Photos/3M%20Photos/MFG_2E2B-DD-505-ISG.jpg,2E2G-DD-505-ISG-ND,2E2G-DD-505-ISG,3M,WIRE SPLICE ENCLOSURE SYS 4200PR,0,0,"1882.22000","0","1","2E2","Active","Enclosure System, Installed Sealing Gasket","4200 Pairs @ 24-26 AWG","12.000"" (304.80mm)","61.50"" (1.6m)","53.00"" (1.3m)","Modular Connectors"
-,-,FDST-08S-A-24-E-24-0800-ND,FDST-08S-A-24-E-24-0800,3M,WIRE SPLICE AERIAL CLOSURE,0,0,"1893.41000","0","1","FDST","Active","Aerial Closure","24 Fibers","-","18.90"" (480.1mm)","-","Dome Latching System, Fixed Position O-Ring"
http://multimedia.3m.com/mws/media/612836O/3mtm-pressurized-closure-system-2-type-505-data-sheet.pdf,//media.digikey.com/Photos/3M%20Photos/MFG_2C2A-505-ISG.jpg,2C2K-505-ISG-ND,2C2K-505-ISG,3M,WIRE SPLICE ENCLOSURE SYS 1800PR,0,0,"2054.37000","0","1","2C2","Active","Enclosure System, Installed Sealing Gasket","1800 Pairs @ 24-26 AWG","8.000"" (203.20mm)","78.50"" (2.0m)","70.00"" (1.8m)","Modular Connectors"
http://multimedia.3m.com/mws/media/612836O/3mtm-pressurized-closure-system-2-type-505-data-sheet.pdf,//media.digikey.com/Photos/3M%20Photos/MFG_2C2A-505-ISG.jpg,2C2L-505-ISG-ND,2C2L-505-ISG,3M,WIRE SPLICE ENCLOSURE SYS 1800PR,0,0,"2054.37000","0","1","2C2","Active","Enclosure System, Installed Sealing Gasket","1800 Pairs @ 24-26 AWG","8.000"" (203.20mm)","82.50"" (2.1m)","74.00"" (1.9m)","Modular Connectors"
-,-,PVQ-FMTMTP-9-ND,PVQ-FMTMTP-9,Panduit Corp,"PVIQ FIBER TRAY, 24 PORT, SINGLE",0,0,"2064.56000","0","1","*","Active","-","-","-","-","-","-"
-,-,PVQ-FMTMTP-ZX-ND,PVQ-FMTMTP-ZX,Panduit Corp,"PVIQ FIBER TRAY, 24 PORT, OM3 OP",0,0,"2064.56000","0","1","*","Active","-","-","-","-","-","-"
http://multimedia.3m.com/mws/media/612836O/3mtm-pressurized-closure-system-2-type-505-data-sheet.pdf,//media.digikey.com/Photos/3M%20Photos/MFG_2E2B-DD-505-ISG.jpg,2E2H-DD-505-ISG-ND,2E2H-DD-505-ISG,3M,WIRE SPLICE ENCLOSURE SYS 4200PR,0,0,"2098.09000","0","1","2E2","Active","Enclosure System, Installed Sealing Gasket","4200 Pairs @ 24-26 AWG","12.000"" (304.80mm)","65.50"" (1.7m)","57.00"" (1.4m)","Modular Connectors"
http://multimedia.3m.com/mws/media/612836O/3mtm-pressurized-closure-system-2-type-505-data-sheet.pdf,//media.digikey.com/Photos/3M%20Photos/MFG_2E2B-DD-505-ISG.jpg,2E2I-DD-505-ISG-ND,2E2I-DD-505-ISG,3M,WIRE SPLICE ENCLOSURE SYS 4200PR,0,0,"2098.09000","0","1","2E2","Active","Enclosure System, Installed Sealing Gasket","4200 Pairs @ 24-26 AWG","12.000"" (304.80mm)","69.75"" (1.8m)","61.25"" (1.5m)","Modular Connectors"
http://multimedia.3m.com/mws/media/612836O/3mtm-pressurized-closure-system-2-type-505-data-sheet.pdf,//media.digikey.com/Photos/3M%20Photos/MFG_2E2B-DD-505-ISG.jpg,2E2J-DD-505-ISG-ND,2E2J-DD-505-ISG,3M,WIRE SPLICE ENCLOSURE SYS 4200PR,0,0,"2098.09000","0","1","2E2","Active","Enclosure System, Installed Sealing Gasket","4200 Pairs @ 24-26 AWG","12.000"" (304.80mm)","74.00"" (1.9m)","65.50"" (1.7m)","Modular Connectors"
-,-,FDST-08S-A-24-E-24-1000-ND,FDST-08S-A-24-E-24-1000,3M,WIRE SPLICE AERIAL CLOSURE,0,0,"2099.38000","0","1","FDST","Active","Aerial Closure","24 Fibers","-","18.90"" (480.1mm)","-","Dome Latching System, Fixed Position O-Ring"
http://multimedia.3m.com/mws/media/694430O/3mtm-fiber-dome-stubbed-terminal-fdst-08s.pdf,-,FDST-08S-B-24-K-24-0800-ND,FDST-08S-B-24-K-24-0800,3M,WIRE SPLICE AERIAL CLOSURE,0,0,"2147.28000","0","1","FDST","Active","Aerial Closure","24 Fibers","-","18.90"" (480.1mm)","-","Dome Latching System, Fixed Position O-Ring"
-,-,PVQ-FMTMTP-ZZ-ND,PVQ-FMTMTP-ZZ,Panduit Corp,"PVIQ FIBER TRAY, 24 PORT, OM4 MT",0,0,"2261.19000","0","1","*","Active","-","-","-","-","-","-"
http://multimedia.3m.com/mws/media/612836O/3mtm-pressurized-closure-system-2-type-505-data-sheet.pdf,//media.digikey.com/Photos/3M%20Photos/MFG_2E2B-DD-505-ISG.jpg,2E2K-DD-505-ISG-ND,2E2K-DD-505-ISG,3M,WIRE SPLICE ENCLOSURE SYS 4200PR,0,0,"2364.08000","0","1","2E2","Active","Enclosure System, Installed Sealing Gasket","4200 Pairs @ 24-26 AWG","12.000"" (304.80mm)","78.50"" (2.0m)","70.00"" (1.8m)","Modular Connectors"
http://multimedia.3m.com/mws/media/612836O/3mtm-pressurized-closure-system-2-type-505-data-sheet.pdf,//media.digikey.com/Photos/3M%20Photos/MFG_2E2B-DD-505-ISG.jpg,2E2L-DD-505-ISG-ND,2E2L-DD-505-ISG,3M,WIRE SPLICE ENCLOSURE SYS 4200PR,0,0,"2364.08000","0","1","2E2","Active","Enclosure System, Installed Sealing Gasket","4200 Pairs @ 24-26 AWG","12.000"" (304.80mm)","82.50"" (2.1m)","74.00"" (1.9m)","Modular Connectors"
-,-,2E2O-DD-505-ISG-ND,2E2O-DD-505-ISG,3M,WIRE SPLICE ENCLOSURE SYS 4200PR,0,0,"2364.08000","0","1","2E2","Active","Enclosure System, Installed Sealing Gasket","4200 Pairs @ 24-26 AWG","12.000"" (304.80mm)","-","-","Modular Connectors"
http://multimedia.3m.com/mws/media/694430O/3mtm-fiber-dome-stubbed-terminal-fdst-08s.pdf,-,FDST-08S-B-24-K-24-1000-ND,FDST-08S-B-24-K-24-1000,3M,WIRE SPLICE AERIAL CLOSURE,0,0,"2381.74000","0","1","FDST","Active","Aerial Closure","24 Fibers","-","18.90"" (480.1mm)","-","Dome Latching System, Fixed Position O-Ring"
http://multimedia.3m.com/mws/media/612836O/3mtm-pressurized-closure-system-2-type-505-data-sheet.pdf,//media.digikey.com/Photos/3M%20Photos/MFG_2E2A-DE-505-ISG.jpg,2E2G-DE-505-ISG-ND,2E2G-DE-505-ISG,3M,WIRE SPLICE ENCLOSURE SYS 4200PR,0,0,"2483.59000","0","1","2E2","Active","Enclosure System, Installed Sealing Gasket","4200 Pairs @ 24-26 AWG","12.000"" (304.80mm)","61.50"" (1.6m)","53.00"" (1.3m)","Modular Connectors"
http://multimedia.3m.com/mws/media/612836O/3mtm-pressurized-closure-system-2-type-505-data-sheet.pdf,//media.digikey.com/Photos/3M%20Photos/MFG_2D2A-505-ISG.jpg,2D2P-505-ISG-ND,2D2P-505-ISG,3M,WIRE SPLICE ENCLOSURE SYS 3600PR,0,0,"3689.22000","0","1","2D2","Active","Enclosure System, Installed Sealing Gasket","3600 Pairs @ 24-26 AWG","9.500"" (241.30mm)","-","-","Modular Connectors"
http://multimedia.3m.com/mws/media/612836O/3mtm-pressurized-closure-system-2-type-505-data-sheet.pdf,//media.digikey.com/Photos/3M%20Photos/MFG_2D2A-505-ISG.jpg,2D2R-505-ISG-ND,2D2R-505-ISG,3M,WIRE SPLICE ENCLOSURE SYS 3600PR,0,0,"3691.50000","0","1","2D2","Active","Enclosure System, Installed Sealing Gasket","3600 Pairs @ 24-26 AWG","9.500"" (241.30mm)","-","-","Modular Connectors"
https://www.te.com/commerce/DocumentDelivery/DDEController?Action=srchrtrv&DocNm=MK-0020-100&DocType=Customer+Drawing&DocLang=English,-,MK-0020-100-ND,MK-0020-100,TE Connectivity Raychem Cable Protection,WIRE SPLICE ENCLOSURE SYS,0,0,"15301.90800","0","10","-","Active","Enclosure System, Installed Sealing Gasket","-","-","19.86"" (504.4mm)","-","-"
-,-,2A4A-505-ISG-ND,2A4A-505-ISG,3M,WIRE SPLICE ENCLOSUR SYS 600PAIR,0,0,"Obsolete","0","1","2A2","Obsolete","Enclosure System, Installed Sealing Gasket","600 Pairs @ 24-26 AWG","5.250"" (133.35mm)","27.50"" (698.5mm)","19.00"" (482.6mm)","Flame Retardant"
-,-,2A4AA-505-ISG-ND,2A4AA-505-ISG,3M,WIRE SPLICE ENCLOSUR SYS 600PAIR,0,0,"Obsolete","0","1","2A2","Obsolete","Enclosure System, Installed Sealing Gasket","600 Pairs @ 24-26 AWG","5.250"" (133.35mm)","18.50"" (469.9mm)","10.00"" (254.0mm)","Flame Retardant"
-,-,2B2J-505ISG-ND,2B2J-505 ISG,3M,WIRE SPLICE ENCLOSURE SYS 1200PR,0,0,"Obsolete","0","1","2B2","Obsolete","Enclosure System, Installed Sealing Gasket","1200 Pairs @ 24-26 AWG","7.000"" (177.80mm)","74.00"" (1.9m)","65.50"" (1.7m)","Modular Connectors"
-,-,2B2K-505-ISG-ND,2B2K-505-ISG,3M,WIRE SPLICE ENCLOSURE SYS 1200PR,0,0,"Obsolete","0","1","2B2","Obsolete","Enclosure System, Installed Sealing Gasket","1200 Pairs @ 24-26 AWG","7.000"" (177.80mm)","78.50"" (2.0m)","70.00"" (1.8m)","Modular Connectors"
-,-,2B4AA-505-ISG-ND,2B4AA-505-ISG,3M,WIRE SPLICE ENCLOSURE SYS 1200PR,0,0,"Obsolete","0","1","2B2","Obsolete","Enclosure System, Installed Sealing Gasket","1200 Pairs @ 24-26 AWG","7.000"" (177.80mm)","18.50"" (469.9mm)","10.00"" (254.0mm)","Flame Retardant"
-,-,2B4B-505-ISG-ND,2B4B-505-ISG,3M,WIRE SPLICE ENCLOSURE SYS 1200PR,0,0,"Obsolete","0","1","2B2","Obsolete","Enclosure System, Installed Sealing Gasket","1200 Pairs @ 24-26 AWG","7.000"" (177.80mm)","36.00"" (914.4mm)","27.50"" (698.5mm)","Flame Retardant"
-,-,2B4C-505-ISG-ND,2B4C-505-ISG,3M,WIRE SPLICE ENCLOSURE SYS 1200PR,0,0,"Obsolete","0","1","2B2","Obsolete","Enclosure System, Installed Sealing Gasket","1200 Pairs @ 24-26 AWG","7.000"" (177.80mm)","44.50"" (1.1m)","36.00"" (914.4mm)","Flame Retardant"
-,-,2C4A-505-ISG-ND,2C4A-505-ISG,3M,WIRE SPLICE ENCLOSURE SYS 1800PR,0,0,"Obsolete","0","1","2C2","Obsolete","Enclosure System, Installed Sealing Gasket","1800 Pairs @ 24-26 AWG","8.000"" (203.20mm)","27.50"" (698.5mm)","19.00"" (482.6mm)","Flame Retardant"
-,-,2C4B-505-ISG-ND,2C4B-505-ISG,3M,WIRE SPLICE ENCLOSURE SYS 1800PR,0,0,"Obsolete","0","1","2C2","Obsolete","Enclosure System, Installed Sealing Gasket","1800 Pairs @ 24-26 AWG","8.000"" (203.20mm)","36.00"" (914.4mm)","27.50"" (698.5mm)","Flame Retardant"
-,-,2C4C-505-ISG-ND,2C4C-505-ISG,3M,WIRE SPLICE ENCLOSURE SYS 1800PR,0,0,"Obsolete","0","1","2C2","Obsolete","Enclosure System, Installed Sealing Gasket","1800 Pairs @ 24-26 AWG","8.000"" (203.20mm)","44.50"" (1.1m)","36.00"" (914.4mm)","Flame Retardant"
-,-,2D2A-2-505-ISG-ND,2D2A-2-505-ISG,3M,WIRE SPLICE ENCLOSURE SYS 3600PR,0,0,"Obsolete","0","1","2D2","Obsolete","Enclosure System, Installed Sealing Gasket","3600 Pairs @ 24-26 AWG","9.500"" (241.30mm)","27.50"" (698.5mm)","19.00"" (482.6mm)","Modular Connectors"
-,-,2D2A-3-505-ISG-ND,2D2A-3-505-ISG,3M,WIRE SPLICE ENCLOSURE SYS 3600PR,0,0,"Obsolete","0","1","2D2","Obsolete","Enclosure System, Installed Sealing Gasket","3600 Pairs @ 24-26 AWG","9.500"" (241.30mm)","27.50"" (698.5mm)","19.00"" (482.6mm)","Modular Connectors"
-,-,2D2A-4-505-ISG-ND,2D2A-4-505-ISG,3M,WIRE SPLICE ENCLOSURE SYS 3600PR,0,0,"Obsolete","0","1","2D2","Obsolete","Enclosure System, Installed Sealing Gasket","3600 Pairs @ 24-26 AWG","9.500"" (241.30mm)","27.50"" (698.5mm)","19.00"" (482.6mm)","Modular Connectors"
-,-,2D2A-5-505ISG-ND,2D2A-5-505 ISG,3M,WIRE SPLICE ENCLOSURE SYS 3600PR,0,0,"Obsolete","0","1","2D2","Obsolete","Enclosure System, Installed Sealing Gasket","3600 Pairs @ 24-26 AWG","9.500"" (241.30mm)","27.50"" (698.5mm)","19.00"" (482.6mm)","Modular Connectors"
-,-,2D4B-505-ISG-ND,2D4B-505-ISG,3M,WIRE SPLICE ENCLOSURE SYS 3600PR,0,0,"Obsolete","0","1","2D2","Obsolete","Enclosure System, Installed Sealing Gasket","3600 Pairs @ 24-26 AWG","9.500"" (241.30mm)","36.00"" (914.4mm)","27.50"" (698.5mm)","Flame Retardant"
-,-,2D4C-505-ISG-ND,2D4C-505-ISG,3M,WIRE SPLICE ENCLOSURE SYS 3600PR,0,0,"Obsolete","0","1","2D2","Obsolete","Enclosure System, Installed Sealing Gasket","3600 Pairs @ 24-26 AWG","9.500"" (241.30mm)","44.50"" (1.1m)","36.00"" (914.4mm)","Flame Retardant"
-,-,2E4A-DD-505-ISG-ND,2E4A-DD-505-ISG,3M,WIRE SPLICE ENCLOSURE SYS 4200PR,0,0,"Obsolete","0","1","2E2","Obsolete","Enclosure System, Installed Sealing Gasket","4200 Pairs @ 24-26 AWG","12.000"" (304.80mm)","27.50"" (698.5mm)","19.00"" (482.6mm)","Flame Retardant"
-,-,2E4A-DE-505-ISG-ND,2E4A-DE-505-ISG,3M,WIRE SPLICE ENCLOSURE SYS 4200PR,0,0,"Obsolete","0","1","2E2","Obsolete","Enclosure System, Installed Sealing Gasket","4200 Pairs @ 24-26 AWG","12.000"" (304.80mm)","27.50"" (698.5mm)","19.00"" (482.6mm)","Flame Retardant"
-,-,2E4A-EE-505-ISG-ND,2E4A-EE-505-ISG,3M,WIRE SPLICE ENCLOSURE SYS 4200PR,0,0,"Obsolete","0","1","2E2","Obsolete","Enclosure System, Installed Sealing Gasket","4200 Pairs @ 24-26 AWG","12.000"" (304.80mm)","27.50"" (698.5mm)","19.00"" (482.6mm)","Flame Retardant"
-,-,2E4B-DE-505-ISG-ND,2E4B-DE-505-ISG,3M,WIRE SPLICE ENCLOSURE SYS 4200PR,0,0,"Obsolete","0","1","2E2","Obsolete","Enclosure System, Installed Sealing Gasket","4200 Pairs @ 24-26 AWG","12.000"" (304.80mm)","36.00"" (914.4mm)","27.50"" (698.5mm)","Flame Retardant"
-,-,2E4B-EE-505-ISG-ND,2E4B-EE-505-ISG,3M,WIRE SPLICE ENCLOSURE SYS 4200PR,0,0,"Obsolete","0","1","2E2","Obsolete","Enclosure System, Installed Sealing Gasket","4200 Pairs @ 24-26 AWG","12.000"" (304.80mm)","36.00"" (914.4mm)","27.50"" (698.5mm)","Flame Retardant"
-,-,2X2A-505-ISG-ND,2X2A-505-ISG,3M,WIRE SPLICE ENCLOSUR SYS 100PAIR,0,0,"Obsolete","0","1","2X2","Obsolete","Enclosure System, Installed Sealing Gasket","100 Pairs @ 24-26 AWG","4.000"" (101.60mm)","27.50"" (698.5mm)","19.00"" (482.6mm)","Modular Connectors"
-,-,2X2AA-505-ISG-ND,2X2AA-505-ISG,3M,WIRE SPLICE ENCLOSUR SYS 100PAIR,0,0,"Obsolete","0","1","2X2","Obsolete","Enclosure System, Installed Sealing Gasket","100 Pairs @ 24-26 AWG","4.000"" (101.60mm)","18.50"" (469.9mm)","10.00"" (254.0mm)","Modular Connectors"
-,-,2X2B-505-ISG-ND,2X2B-505-ISG,3M,WIRE SPLICE ENCLOSUR SYS 100PAIR,0,0,"Obsolete","0","1","2X2","Obsolete","Enclosure System, Installed Sealing Gasket","100 Pairs @ 24-26 AWG","4.000"" (101.60mm)","36.00"" (914.4mm)","27.50"" (698.5mm)","Modular Connectors"
-,-,2Y2A-505-ISG-ND,2Y2A-505-ISG,3M,WIRE SPLICE ENCLOSUR SYS 100PAIR,0,0,"Obsolete","0","1","2Y2","Obsolete","Enclosure System, Installed Sealing Gasket","100 Pairs @ 24-26 AWG","3.000"" (76.20mm)","27.50"" (698.5mm)","19.00"" (482.6mm)","Modular Connectors"
-,-,2Y2AA-505-ISG-ND,2Y2AA-505-ISG,3M,WIRE SPLICE ENCLOSUR SYS 100PAIR,0,0,"Obsolete","0","1","2Y2","Obsolete","Enclosure System, Installed Sealing Gasket","100 Pairs @ 24-26 AWG","3.000"" (76.20mm)","18.50"" (469.9mm)","10.00"" (254.0mm)","Modular Connectors"
-,-,1116543-1-ND,1116543-1,TE Connectivity Raychem Cable Protection,WIRE SPLICE BURIED CLOSURE 6PAIR,0,0,"Obsolete","0","64","Certi-Seal","Obsolete","Buried Closure Splice Kit","6 Pairs","-","5.98"" (152.0mm)","-","Amp Sealant #20"
https://www.te.com/commerce/DocumentDelivery/DDEController?Action=srchrtrv&DocNm=559308&DocType=Customer+Drawing&DocLang=English,-,559308-2-ND,559308-2,TE Connectivity AMP Connectors,WIRE SPLICE TRAY 12PAIR,0,0,"Discontinued at Digi-Key","0","1","RibbonMaster","Discontinued at Digi-Key","Tray, Splice","12 Pairs","-","12.50"" (317.5mm)","-","Ribbon Cable Splices"
http://multimedia.3m.com/mws/media/592253O/15-splicing-emd-2009-catalog.pdf,//media.digikey.com/Photos/3M%20Photos/MFG_82-A-Series.jpg,3M160693-ND,82-A,3M,WIRE SPLICE PWR CBL KIT 1PAIR,0,0,"Obsolete","0","1","Scotchcast™ 82-A","Obsolete","Power Cable Splice Kit","1 Pair @ 2-10AWG","-","-","4.50"" (114.3mm)","Scotchcast No. 4 Resin"
http://solutions.3mschweiz.ch/3MContentRetrievalAPI/BlobServlet?locale=de_CH&lmd=1294914542000&assetId=1273675066989&assetType=MMM_Image&blobAttribute=ImageFile,-,FSC2X12/CC-W/O-HIGHGEL/S-ND,FSC2X12/CC-W/O-HIGHGEL/S,3M,WIRE SPLICE BURIED CLOSUR 25PAIR,0,0,"Obsolete","0","1","-","Obsolete","Buried Closure Splice Kit, Re-Enterable","25 Pairs @ 22 AWG","1.300"" (33.02mm)","15.30"" (388.6mm)","9.00"" (228.6mm)","Scotchlok Connectors"
-,-,OSLC-ND,OSLC,3M,ONE STEP LARGE CLOSURE 2 TO 2,0,0,"Obsolete","0","10","*","Obsolete","-","-","-","-","-","-"
http://multimedia.3m.com/mws/media/806883O/slic-aerial-closures-and-terminals-brochure.pdf,-,SLIC-2.2X19-4460S-ND,SLIC-2.2X19-4460S,3M,WIRE SPLICE AERIAL CLOSURE 100PR,0,0,"Obsolete","0","1","SLiC™","Obsolete","Aerial Closure, Free-Breathing","100 Pairs @ 24-26 AWG","2.200"" (55.88mm)","19.00"" (482.6mm)","14.00"" (355.6mm)","Shield Bond Assembly 4460, Rubber End Seals"
http://multimedia.3m.com/mws/media/806883O/slic-aerial-closures-and-terminals-brochure.pdf,-,SLIC-3.6X33-SES-ND,SLIC-3.6X33-SES,3M,WIRE SPLICE AERIAL CLOSURE 400PR,0,0,"Obsolete","0","1","SLiC™","Obsolete","Aerial Closure, Free-Breathing","400 Pairs @ 24-26 AWG","3.600"" (91.44mm)","33.00"" (838.2mm)","21.00"" (533.4mm)","Floating Bond, Spiral End Seals"
http://multimedia.3m.com/mws/media/806883O/slic-aerial-closures-and-terminals-brochure.pdf,-,3M162266-ND,SLIC-5.6X33,3M,WIRE SPLICE AERIAL CLOSUR 1200PR,0,0,"Obsolete","0","1","SLiC™","Obsolete","Aerial Closure, Free-Breathing","1200 Pairs @ 26 AWG","5.600"" (142.24mm)","33.00"" (838.2mm)","21.00"" (533.4mm)","Floating Bond, Rubber End Seals"
http://multimedia.3m.com/mws/media/806883O/slic-aerial-closures-and-terminals-brochure.pdf,-,SLIC-5.6X33-4460S-ND,SLIC-5.6X33-4460S,3M,WIRE SPLICE AERIAL CLOSUR 1200PR,0,0,"Obsolete","0","1","SLiC™","Obsolete","Aerial Closure, Free-Breathing","1200 Pairs @ 26 AWG","5.600"" (142.24mm)","33.00"" (838.2mm)","21.00"" (533.4mm)","Shield Bond Assembly 4460, Rubber End Seals"
http://multimedia.3m.com/mws/media/806883O/slic-aerial-closures-and-terminals-brochure.pdf,-,3M162265-ND,SLIC-5.6X33-BA/SES,3M,WIRE SPLICE AERIAL CLOSUR 1200PR,0,0,"Obsolete","0","1","SLiC™","Obsolete","Aerial Closure, Free-Breathing","1200 Pairs @ 26 AWG","5.600"" (142.24mm)","33.00"" (838.2mm)","21.00"" (533.4mm)","Shield Bond Assembly 4462, Spiral End Seals"
-,-,4606GW-ND,4606GW,3M,PST GEL WRAP PEDESTAL CLOSURE,0,0,"Discontinued at Digi-Key","0","9","*","Discontinued at Digi-Key","-","-","-","-","-","-"
-,-,80610760359-ND,80610760359,3M,WIRE SPLICE AERIAL CLOSUR 25PAIR,0,0,"Obsolete","0","1","SLiC™","Obsolete","Aerial Closure, Free-Breathing","25 Pairs","0.500"" ~ 3.000"" (12.70mm ~ 76.20mm)","-","-","-"
-,-,80611307044-ND,80611307044,3M,WIRE SPLICE AERIAL CLOSUR 50PAIR,0,0,"Obsolete","0","1","SLiC™","Obsolete","Aerial Closure, Free-Breathing","50 Pairs @ 18-24 AWG","0.500"" ~ 2.600"" (12.70mm ~ 66.04mm)","-","-","-"
-,-,80611307085-ND,80611307085,3M,WIRE SPLICE AERIAL CLOSUR 25PAIR,0,0,"Obsolete","0","1","SLiC™","Obsolete","Aerial Closure, Free-Breathing","25 Pairs @ 18-24 AWG","0.500"" ~ 3.000"" (12.70mm ~ 76.20mm)","-","-","-"
-,-,80611317753-ND,80611317753,3M,WIRE SPLICE AERIAL CLOSUR 10PAIR,0,0,"Obsolete","0","4","SLiC™","Obsolete","Aerial Closure, Free-Breathing","10 Pairs @ 18-24 AWG","0.500"" ~ 2.600"" (12.70mm ~ 66.04mm)","-","-","-"
-,-,80611321813-ND,80611321813,3M,WIRE SPLICE AERIAL CLOSUR 10PAIR,0,0,"Obsolete","0","0","SLiC™","Obsolete","Aerial Closure, Free-Breathing","10 Pairs","-","-","-","-"
-,-,80611327281-ND,80611327281,3M,WIRE SPLICE AERIAL CLOSURE,0,0,"Obsolete","0","0","SLiC™","Obsolete","Aerial Closure, Free-Breathing","-","-","30.00"" (762.0mm)","20.00"" (508.0mm)","2 - 2527 Splice Trays, Fiber Optic Splices"
-,-,80611327299-ND,80611327299,3M,WIRE SPLICE AERIAL CLOSURE,0,0,"Obsolete","0","0","SLiC™","Obsolete","Aerial Closure, Free-Breathing","-","-","30.00"" (762.0mm)","20.00"" (508.0mm)","2 - 2527 Splice Trays, Fiber Optic Splices"
-,-,3M162256-ND,SLFC-533-SP-0X,3M,WIRE SPLICE AERIAL CLOSURE,0,0,"Obsolete","0","1","SLiC™","Obsolete","Aerial Closure, Free-Breathing","-","-","33.00"" (838.2mm)","-","-"
