Datasheets,Image,Digi-Key Part Number,Manufacturer Part Number,Manufacturer,Description,Quantity Available,Factory Stock,Unit Price (USD),@ qty,Minimum Quantity,"Series","Part Status","Type","Number of Stacks","Lamp Type","Light Color","Function","Voltage - Supply","Features","Termination Style","Ingress Protection","Operating Temperature"
//media.digikey.com/pdf/Data%20Sheets/Hammond%20PDFs/PBR_Series.pdf,//media.digikey.com/Photos/Hammond%20Mfg%20Photos/MFG_PBR50BC.jpg,HM1631-ND,PBR50BC,Hammond Manufacturing,CONNECTION BASE WITH END COVER,27,4,"33.48000","0","1","PBR","Active","Connection Base with End Cover","-","-","-","-","-","-","-","IP54 - Dust Protected, Water Resistant","-25°C ~ 45°C"
http://www.altechcorp.com/towerlights/TowerLights_IF-Series.pdf,//media.digikey.com/Photos/Altech-Corporation/IF5P024ZM05-1.JPG,1920-2054-ND,IF5P024ZM05-1,Altech Corporation,MULTI-COLOR LEDPLC APP 24V DC MU,10,87,"74.12000","0","1","-","Active","Optical Element","1","LED","Blue, Green, Red, White, Yellow","Buzzer, Flashing, Steady","24VDC","-","Wire Leads","IP65 - Dust Tight, Water Resistant","-5°C ~ 40°C"
//media.digikey.com/pdf/Data%20Sheets/Phoenix%20Contact%20PDFs/2700114_Ds.pdf,//media.digikey.com/Photos/Phoenix%20Photos/MFG_2700114.jpg,277-12020-ND,2700114,Phoenix Contact,OPTIC ELEMENT RED LED FLASHING,12,36,"88.00000","0","1","PSD-S","Active","Optical Element","1","LED","Red","Flashing","24VAC/DC","-","-","IP65 - Dust Tight, Water Resistant","-20°C ~ 50°C"
https://www.mspindy.com/Specifications/JT028-RG-CS.pdf,//media.digikey.com/Photos/Mallory%20Sonalert%20Products%20Photos/MFG_2StackRGPole.jpg,458-1511-ND,JT028-RG-CS,Mallory Sonalert Products Inc.,COMPLETE UNIT GN/RD LED 2 STACK,2,0,"128.02000","0","1","JT Stack Light","Active","Complete Unit","2","LED","Green, Red","Steady","24VAC/DC","-","Wire Leads","NEMA 12","-25°C ~ 60°C"
https://www.mspindy.com/Specifications/JT028-RYG-CD.pdf,//media.digikey.com/Photos/Mallory%20Sonalert%20Products%20Photos/MFG_3StackRYGDirect.jpg,458-1495-ND,JT028-RYG-CD,Mallory Sonalert Products Inc.,COMPLETE UNIT GN/RD/YL 3 STACK,3,0,"132.29000","0","1","JT Stack Light","Active","Complete Unit","3","LED","Green, Red, Yellow","Steady","24VAC/DC","-","Wire Leads","NEMA 12","-25°C ~ 60°C"
https://www.mspindy.com/Specifications/JT120-RYG-CD.pdf,//media.digikey.com/Photos/Mallory%20Sonalert%20Products%20Photos/MFG_3StackRYGDirect.jpg,458-1499-ND,JT120-RYG-CD,Mallory Sonalert Products Inc.,COMPLETE UNIT GN/RD/YL 3 STACK,2,0,"164.70000","0","1","JT Stack Light","Active","Complete Unit","3","LED","Green, Red, Yellow","Steady","120VAC","-","Wire Leads","NEMA 3R, 4X, 12","-25°C ~ 60°C"
https://www.mspindy.com/Specifications/JT028-RYG-CDL.pdf,//media.digikey.com/Photos/Mallory%20Sonalert%20Products%20Photos/MFG_3StackRYGDirect.jpg,458-1493-ND,JT028-RYG-CDL,Mallory Sonalert Products Inc.,COMPLETE UNIT GN/RD/YL 3 STACK,4,0,"180.44000","0","1","JT Stack Light","Active","Complete Unit","3","LED","Green, Red, Yellow","Steady Lighting, Multiple Tone","24VAC/DC","Alarm","Wire Leads","NEMA 12","-25°C ~ 60°C"
//media.digikey.com/pdf/Data%20Sheets/Phoenix%20Contact%20PDFs/2700156.pdf,//media.digikey.com/Photos/Phoenix%20Photos/MFG_2700156.jpg,277-12059-ND,2700156,Phoenix Contact,MOUNTING BASE,14,170,"37.00000","0","1","PSD-S","Active","Mounting Base","-","-","-","-","-","Integrated Tube","-","-","-20°C ~ 60°C"
//media.digikey.com/pdf/Data%20Sheets/Phoenix%20Contact%20PDFs/2700093.pdf,//media.digikey.com/photos/Phoenix%20Photos/2700093.jpg,277-9241-ND,2700093,Phoenix Contact,CONNECTION BASE WITH END COVER,10,27,"44.50000","0","1","PSD-S","Active","Connection Base with End Cover","-","-","-","-","12 ~ 240VAC/DC","-","Screw Terminal","IP65 - Dust Tight, Water Resistant","-20°C ~ 50°C"
http://www.rafi.de/fileadmin/user_upload/Unternehmen/Downloadcenter/Flyer-und-Broschueren/PDFs_EN/RAFI_Brochure_Tilted_Diamond_plus_EN.pdf,//media.digikey.com/Photos/RAFI%20USA/1.69.010.002%5E1600.JPG,1715-1709-ND,1.69.010.002/1600,RAFI USA,OPTIC ELEMENT BLUE LED STEADY,7,0,"81.74000","0","1","Tilted Diamond+","Active","Optical Element","-","LED","Blue","Steady","24VAC/DC","-","Spring Terminal","IP65 - Dust Tight, Water Resistant","-30°C ~ 60°C"
http://www.rafi.de/fileadmin/user_upload/Unternehmen/Downloadcenter/Flyer-und-Broschueren/PDFs_EN/RAFI_Brochure_Tilted_Diamond_plus_EN.pdf,//media.digikey.com/Photos/RAFI%20USA/1.69.010.002%5E1400.JPG,1715-1707-ND,1.69.010.002/1400,RAFI USA,OPTIC ELEMENT YELLOW LED STEADY,6,0,"81.74000","0","1","Tilted Diamond+","Active","Optical Element","-","LED","Yellow","Steady","24VAC/DC","-","Spring Terminal","IP65 - Dust Tight, Water Resistant","-30°C ~ 60°C"
https://www.mspindy.com/Specifications/JT028-R-CD.pdf,//media.digikey.com/Photos/Mallory%20Sonalert%20Products%20Photos/MFG_1StackRDirect.jpg,458-1490-ND,JT028-R-CD,Mallory Sonalert Products Inc.,COMPLETE UNIT RED LED STEADY,3,0,"84.28000","0","1","JT Stack Light","Active","Complete Unit","1","LED","Red","Steady","24VAC/DC","-","Wire Leads","NEMA 12","-25°C ~ 60°C"
//media.digikey.com/pdf/Data%20Sheets/Phoenix%20Contact%20PDFs/2700139_Ds.pdf,//media.digikey.com/Photos/Phoenix%20Photos/MFG_2700139.jpg,277-12045-ND,2700139,Phoenix Contact,ACOUSTIC ELEMENT SIREN,3,0,"88.00000","0","1","PSD-S","Active","Acoustic Element","1","-","-","Siren, Alternating Continuous Tone","24VDC","-","-","IP40","-30°C ~ 50°C"
//media.digikey.com/pdf/Data%20Sheets/Phoenix%20Contact%20PDFs/2700123.pdf,//media.digikey.com/Photos/Phoenix%20Photos/MFG_2700123.jpg,277-12025-ND,2700123,Phoenix Contact,OPTIC ELEMENT YELLOW LED FLASH,2,0,"88.00000","0","1","PSD-S","Active","Optical Element","1","LED","Yellow","Flashing","24VAC/DC","-","-","IP65 - Dust Tight, Water Resistant","-20°C ~ 50°C"
https://www.mspindy.com/Specifications/JT028-R-CS.pdf,//media.digikey.com/Photos/Mallory%20Sonalert%20Products%20Photos/MFG_1StackRPole.jpg,458-1489-ND,JT028-R-CS,Mallory Sonalert Products Inc.,COMPLETE UNIT RED LED STEADY,3,0,"105.62000","0","1","JT Stack Light","Active","Complete Unit","1","LED","Red","Steady","24VAC/DC","-","Wire Leads","NEMA 12","-25°C ~ 60°C"
https://www.mspindy.com/Specifications/JT028-RG-CD.pdf,//media.digikey.com/Photos/Mallory%20Sonalert%20Products%20Photos/MFG_2StackRGDirect.jpg,458-1512-ND,JT028-RG-CD,Mallory Sonalert Products Inc.,COMPLETE UNIT GRN/RD LED 2STACK,2,0,"109.88000","0","1","JT Stack Light","Active","Complete Unit","2","LED","Green, Red","Steady","24VAC/DC","-","Wire Leads","NEMA 12","-25°C ~ 60°C"
http://www.rafi.de/fileadmin/user_upload/Unternehmen/Downloadcenter/Flyer-und-Broschueren/PDFs_EN/RAFI_Brochure_Tilted_Diamond_plus_EN.pdf,//media.digikey.com/Photos/RAFI%20USA/1.69.010.003%5E1300.jpg,1715-1710-ND,1.69.010.003/1300,RAFI USA,OPTIC ELEMENT RED LED STEADY,5,0,"116.00000","0","1","Tilted Diamond+","Active","Optical Element","1","LED","Red","Steady","24VAC/DC","-","M12","IP65 - Dust Tight, Water Resistant","-30°C ~ 60°C"
//media.digikey.com/pdf/Data%20Sheets/Phoenix%20Contact%20PDFs/2700132.pdf,//media.digikey.com/Photos/Phoenix%20Photos/MFG_2700132.jpg,277-12033-ND,2700132,Phoenix Contact,OPTIC ELEMENT BLUE LED FLASHING,3,0,"126.00000","0","1","PSD-S","Active","Optical Element","1","LED","Blue","Flashing","24VAC/DC","-","-","IP65 - Dust Tight, Water Resistant","-20°C ~ 50°C"
https://www.mspindy.com/Specifications/JT028-R-CDL.pdf,//media.digikey.com/Photos/Mallory%20Sonalert%20Products%20Photos/MFG_1StackRDirect.jpg,458-1488-ND,JT028-R-CDL,Mallory Sonalert Products Inc.,COMPLETE UNIT RED LED STEADY,2,0,"132.29000","0","1","JT Stack Light","Active","Complete Unit","1","LED","Red","Steady Lighting, Multiple Tone","24VAC/DC","Alarm","Wire Leads","NEMA 12","-25°C ~ 60°C"
//media.digikey.com/pdf/Data%20Sheets/Phoenix%20Contact%20PDFs/2700141_Ds.pdf,//media.digikey.com/Photos/Phoenix%20Photos/MFG_2700141.jpg,277-12047-ND,2700141,Phoenix Contact,ACOUSTIC ELEMENT SIREN,3,0,"144.00000","0","1","PSD-S","Active","Acoustic Element","1","-","-","Siren, Multiple Tone","24VDC","Adjustable Volume","-","IP65 - Dust Tight, Water Resistant","-20°C ~ 50°C"
https://www.mspindy.com/Specifications/JT120-R-CS.pdf,//media.digikey.com/Photos/Mallory%20Sonalert%20Products%20Photos/MFG_1StackRPole.jpg,458-1508-ND,JT120-R-CS,Mallory Sonalert Products Inc.,COMPLETE UNIT RED LED STEADY,3,0,"144.02000","0","1","JT Stack Light","Active","Complete Unit","1","LED","Red","Steady","120VAC","-","Wire Leads","NEMA 3R, 4X, 12","-25°C ~ 60°C"
//media.digikey.com/pdf/Data%20Sheets/Phoenix%20Contact%20PDFs/2700116.pdf,//media.digikey.com/Photos/Phoenix%20Photos/MFG_2700116.jpg,277-12022-ND,2700116,Phoenix Contact,OPTIC ELEMENT RED LED ROTATING,3,0,"150.00000","0","1","PSD-S","Active","Optical Element","1","LED","Red","Rotating","24VAC/DC","-","-","IP65 - Dust Tight, Water Resistant","-20°C ~ 50°C"
https://www.mspindy.com/Specifications/JT028-R-CSL.pdf,//media.digikey.com/Photos/Mallory%20Sonalert%20Products%20Photos/MFG_1StackRPole.jpg,458-1487-ND,JT028-R-CSL,Mallory Sonalert Products Inc.,COMPLETE UNIT RED LED STEADY,5,0,"151.06000","0","1","JT Stack Light","Active","Complete Unit","1","LED","Red","Steady Lighting, Multiple Tone","24VAC/DC","Alarm","Wire Leads","NEMA 12","-25°C ~ 60°C"
https://www.mspindy.com/Specifications/JT028-RG-CDL.pdf,//media.digikey.com/Photos/Mallory%20Sonalert%20Products%20Photos/MFG_2StackRGDirect.jpg,458-1510-ND,JT028-RG-CDL,Mallory Sonalert Products Inc.,COMPLETE UNIT GRN/RD LED 2STACK,2,0,"155.26000","0","1","JT Stack Light","Active","Complete Unit","2","LED","Green, Red","Steady Lighting, Multiple Tone","24VAC/DC","Alarm","Wire Leads","NEMA 12","-25°C ~ 60°C"
https://www.mspindy.com/Specifications/JT028-RY-CSL.pdf,//media.digikey.com/Photos/Mallory%20Sonalert%20Products%20Photos/MFG_2StackRYPole.jpg,458-1513-ND,JT028-RY-CSL,Mallory Sonalert Products Inc.,COMPLETE UNIT RD/YLW LED 2 STACK,5,0,"176.24000","0","1","JT Stack Light","Active","Complete Unit","2","LED","Red, Yellow","Steady Lighting, Multiple Tone","24VAC/DC","Alarm","Wire Leads","NEMA 12","-25°C ~ 60°C"
https://www.mspindy.com/Specifications/JT028-RG-CSL.pdf,//media.digikey.com/Photos/Mallory%20Sonalert%20Products%20Photos/MFG_2StackRGPole.jpg,458-1509-ND,JT028-RG-CSL,Mallory Sonalert Products Inc.,COMPLETE UNIT GRN/RD LED 2 STACK,2,0,"176.24000","0","1","JT Stack Light","Active","Complete Unit","2","LED","Green, Red","Steady Lighting, Multiple Tone","24VAC/DC","Alarm","Wire Leads","NEMA 12","-25°C ~ 60°C"
https://www.mspindy.com/Specifications/JT028-RYGB-CD.pdf,//media.digikey.com/Photos/Mallory%20Sonalert%20Products%20Photos/MFG_4StackRYGBDirect.jpg,458-1503-ND,JT028-RYGB-CD,Mallory Sonalert Products Inc.,COMPLETE UNIT BL/GN/RD/YL 4STACK,2,0,"180.44000","0","1","JT Stack Light","Active","Complete Unit","4","LED","Blue, Green, Red, Yellow","Steady","24VAC/DC","-","Wire Leads","NEMA 12","-25°C ~ 60°C"
https://www.mspindy.com/Specifications/JT028-RYGB-CS.pdf,//media.digikey.com/Photos/Mallory%20Sonalert%20Products%20Photos/MFG_4StackRYGBPole.jpg,458-1502-ND,JT028-RYGB-CS,Mallory Sonalert Products Inc.,COMPLETE UNIT B/G/R/Y LED 4STACK,2,0,"198.27000","0","1","JT Stack Light","Active","Complete Unit","4","LED","Blue, Green, Red, Yellow","Steady","24VAC/DC","-","Wire Leads","NEMA 12","-25°C ~ 60°C"
https://www.mspindy.com/Specifications/JT120-RYG-CDL.pdf,//media.digikey.com/Photos/Mallory%20Sonalert%20Products%20Photos/MFG_3StackRYGDirect.jpg,458-1497-ND,JT120-RYG-CDL,Mallory Sonalert Products Inc.,COMPLETE UNIT GN/RD/YL 3 STACK,4,0,"218.20000","0","1","JT Stack Light","Active","Complete Unit","3","LED","Green, Red, Yellow","Steady Lighting, Multiple Tone","120VAC","Alarm","Wire Leads","NEMA 3R, 4X, 12","-25°C ~ 60°C"
https://www.mspindy.com/Specifications/JT028-RYGBC-CD.pdf,//media.digikey.com/Photos/Mallory%20Sonalert%20Products%20Photos/MFG_5StackRYGBCDirect.jpg,458-1507-ND,JT028-RYGBC-CD,Mallory Sonalert Products Inc.,COMPLETE UNIT B/G/R/W/Y 5STACK,5,0,"230.79000","0","1","JT Stack Light","Active","Complete Unit","5","LED","Blue, Green, Red, White, Yellow","Steady","24VAC/DC","-","Wire Leads","NEMA 12","-25°C ~ 60°C"
http://www.rafi.de/fileadmin/user_upload/Unternehmen/Downloadcenter/Flyer-und-Broschueren/PDFs_EN/RAFI_Brochure_Tilted_Diamond_plus_EN.pdf,//media.digikey.com/Photos/RAFI%20USA/1.69.010.003%5E1400.JPG,1715-1711-ND,1.69.010.003/1400,RAFI USA,OPTIC ELEMENT YELLOW LED STEADY,5,0,"116.00000","0","1","Tilted Diamond+","Active","Optical Element","1","LED","Yellow","Steady","24VAC/DC","-","M12","IP65 - Dust Tight, Water Resistant","-30°C ~ 60°C"
http://www.rafi.de/fileadmin/user_upload/Unternehmen/Downloadcenter/Flyer-und-Broschueren/PDFs_EN/RAFI_Brochure_Tilted_Diamond_plus_EN.pdf,//media.digikey.com/Photos/RAFI%20USA/1.69.010.003%5E1500.JPG,1715-1712-ND,1.69.010.003/1500,RAFI USA,OPTIC ELEMENT GREEN LED STEADY,5,0,"116.00000","0","1","Tilted Diamond+","Active","Optical Element","1","LED","Green","Steady","24VAC/DC","-","M12","IP65 - Dust Tight, Water Resistant","-30°C ~ 60°C"
http://www.rafi.de/fileadmin/user_upload/Unternehmen/Downloadcenter/Flyer-und-Broschueren/PDFs_EN/RAFI_Brochure_Tilted_Diamond_plus_EN.pdf,//media.digikey.com/Photos/RAFI%20USA/5.05.525.144%5E0000.JPG,1715-1714-ND,5.05.525.144/0000,RAFI USA,EXTENSION BAR 250MM,2,0,"123.75000","0","1","Tilted Diamond+","Active","Tube","-","-","-","-","-","-","-","-","-"
http://www.rafi.de/fileadmin/user_upload/Unternehmen/Downloadcenter/Flyer-und-Broschueren/PDFs_EN/RAFI_Brochure_Tilted_Diamond_plus_EN.pdf,//media.digikey.com/Photos/RAFI%20USA/5.05.525.146%5E0000.JPG,1715-1715-ND,5.05.525.146/0000,RAFI USA,EXTENSION BAR 90,2,0,"123.75000","0","1","Tilted Diamond+","Active","Tube","-","-","-","-","-","-","-","-","-"
//media.digikey.com/pdf/Data%20Sheets/Phoenix%20Contact%20PDFs/2700125.pdf,//media.digikey.com/Photos/Phoenix%20Photos/MFG_2700125.jpg,277-12027-ND,2700125,Phoenix Contact,OPTIC ELEMENT YLW LED ROTATING,4,0,"150.00000","0","1","PSD-S","Active","Optical Element","1","LED","Yellow","Rotating","24VAC/DC","-","-","IP65 - Dust Tight, Water Resistant","-20°C ~ 50°C"
//media.digikey.com/pdf/Data%20Sheets/Hammond%20PDFs/PBR_Series.pdf,//media.digikey.com/Photos/Hammond%20Mfg%20Photos/MFG_PBR50BG.jpg,HM1643-ND,PBR50L115,Hammond Manufacturing,BULB LIGHT 115VDC 7W,48,0,"7.02000","0","1","PBR","Active","Bulb","-","-","-","-","115VDC","-","-","-","-25°C ~ 45°C"
//media.digikey.com/pdf/Data%20Sheets/Hammond%20PDFs/PBR_Series.pdf,//media.digikey.com/Photos/Hammond%20Mfg%20Photos/MFG_PBR50CLAM.jpg,HM1636-ND,PBR50CLAM,Hammond Manufacturing,OPTIC ELEMENT AMBER LED STEADY,24,3,"26.77000","0","1","PBR","Active","Optical Element","1","LED","Amber","Steady","230VAC, 24VDC","-","-","IP54 - Dust Protected, Water Resistant","-25°C ~ 45°C"
//media.digikey.com/pdf/Data%20Sheets/Hammond%20PDFs/PBR_Series.pdf,//media.digikey.com/Photos/Hammond%20Mfg%20Photos/MFG_PBR50CLRE.jpg,HM1640-ND,PBR50CLRE,Hammond Manufacturing,OPTIC ELEMENT RED LED STEADY,8,0,"26.77000","0","1","PBR","Active","Optical Element","1","LED","Red","Steady","230VAC, 24VDC","-","-","IP54 - Dust Protected, Water Resistant","-25°C ~ 45°C"
//media.digikey.com/pdf/Data%20Sheets/Hammond%20PDFs/PBR_Series.pdf,//media.digikey.com/Photos/Hammond%20Mfg%20Photos/MFG_PBR50CLBL.jpg,HM1637-ND,PBR50CLBL,Hammond Manufacturing,OPTIC ELEMENT BLUE LED STEADY,7,2,"26.77000","0","1","PBR","Active","Optical Element","1","LED","Blue","Steady","230VAC, 24VDC","-","-","IP54 - Dust Protected, Water Resistant","-25°C ~ 45°C"
//media.digikey.com/pdf/Data%20Sheets/Hammond%20PDFs/PBR_Series.pdf,//media.digikey.com/Photos/Hammond%20Mfg%20Photos/MFG_PBR50BG.jpg,HM1646-ND,PBR50LED24,Hammond Manufacturing,BULB LED LIGHT 24V,20,2,"42.82000","0","1","PBR","Active","Bulb","-","LED","-","-","24VDC","-","-","-","-25°C ~ 45°C"
//media.digikey.com/pdf/Data%20Sheets/Hammond%20PDFs/PBR_Series.pdf,//media.digikey.com/Photos/Hammond%20Mfg%20Photos/MFG_PBR50BG.jpg,HM1645-ND,PBR50LED115,Hammond Manufacturing,BULB LED LIGHT 115V,6,3,"42.82000","0","1","PBR","Active","Bulb","-","LED","-","-","115VDC","-","-","-","-25°C ~ 45°C"
//media.digikey.com/pdf/Data%20Sheets/Phoenix%20Contact%20PDFs/2700122_Ds.pdf,//media.digikey.com/Photos/Phoenix%20Photos/2700122.JPG,277-9243-ND,2700122,Phoenix Contact,OPTIC ELEMENT YELLOW LED STEADY,9,23,"75.00000","0","1","PSD-S","Active","Optical Element","1","LED","Yellow","Steady","24VAC/DC","-","-","IP65 - Dust Tight, Water Resistant","-20°C ~ 50°C"
//media.digikey.com/pdf/Data%20Sheets/Phoenix%20Contact%20PDFs/2700131_Ds.pdf,//media.digikey.com/Photos/Phoenix%20Photos/MFG_2700131.jpg,277-16701-ND,2700131,Phoenix Contact,OPTIC ELEMENT BLUE LED STEADY,4,0,"120.00000","0","1","PSD-S","Active","Optical Element","1","LED","Blue","Steady","24VAC/DC","-","-","IP65 - Dust Tight, Water Resistant","-20°C ~ 50°C"
http://us.idec.com/Common/Download.aspx?d=358425,//media.digikey.com/photos/IDEC/MFG_LD6A-0PZQB.jpg,1885-1400-ND,LD6A-0PZQB,IDEC,LED TOWER BASE POLE MOUNT,2,0,"159.23000","0","1","LD6A","Active","Connection Base with End Cover","-","-","-","Flashing, Steady","-","Alarm","Screw Terminal","IP54 - Dust Protected, Water Resistant","-25°C ~ 55°C"
//media.digikey.com/pdf/Data%20Sheets/Phoenix%20Contact%20PDFs/2700121.pdf,//media.digikey.com/Photos/Phoenix%20Photos/MFG_2700121.jpg,277-12024-ND,2700121,Phoenix Contact,OPTIC ELEMENT GREEN LED FLASHING,5,0,"88.00000","0","1","PSD-S","Active","Optical Element","1","LED","Green","Flashing","24VAC/DC","-","-","IP65 - Dust Tight, Water Resistant","-20°C ~ 50°C"
//media.digikey.com/pdf/Data%20Sheets/Phoenix%20Contact%20PDFs/2700147.pdf,//media.digikey.com/Photos/Phoenix%20Photos/MFG_2700147.jpg,277-12050-ND,2700147,Phoenix Contact,LABELING PANEL,5,0,"89.00000","0","1","PSD-S","Active","Labeling Panel","-","-","-","-","-","-","-","-","-20°C ~ 50°C"
//media.digikey.com/pdf/Data%20Sheets/Phoenix%20Contact%20PDFs/2700127.pdf,//media.digikey.com/Photos/Phoenix%20Photos/MFG_2700127.jpg,277-12029-ND,2700127,Phoenix Contact,OPTIC ELEMENT CLEAR LED STEADY,4,0,"120.00000","0","1","PSD-S","Active","Optical Element","1","LED","Clear","Steady","24VAC/DC","-","-","IP65 - Dust Tight, Water Resistant","-20°C ~ 50°C"
//media.digikey.com/pdf/Data%20Sheets/Phoenix%20Contact%20PDFs/2700128.pdf,//media.digikey.com/Photos/Phoenix%20Photos/MFG_2700128.jpg,277-12030-ND,2700128,Phoenix Contact,OPTIC ELEMENT CLEAR LED FLASHING,5,0,"126.00000","0","1","PSD-S","Active","Optical Element","1","LED","Clear","Flashing","24VAC/DC","-","-","IP65 - Dust Tight, Water Resistant","-20°C ~ 50°C"
//media.digikey.com/pdf/Data%20Sheets/Phoenix%20Contact%20PDFs/2700115.pdf,//media.digikey.com/Photos/Phoenix%20Photos/MFG_2700115.jpg,277-12021-ND,2700115,Phoenix Contact,OPTIC ELEMENT RED LED DBL FLASH,5,0,"181.00000","0","1","PSD-S","Active","Optical Element","1","LED","Red","Double Flashing","24VDC","-","-","IP65 - Dust Tight, Water Resistant","-20°C ~ 50°C"
//media.digikey.com/pdf/Data%20Sheets/Phoenix%20Contact%20PDFs/2700124.pdf,//media.digikey.com/Photos/Phoenix%20Photos/MFG_2700124.jpg,277-12026-ND,2700124,Phoenix Contact,OPTIC ELEMENT YLW LED DBL FLASH,2,0,"181.00000","0","1","PSD-S","Active","Optical Element","1","LED","Yellow","Double Flashing","24VDC","-","-","IP65 - Dust Tight, Water Resistant","-20°C ~ 50°C"
//media.digikey.com/pdf/Data%20Sheets/Phoenix%20Contact%20PDFs/2700137_Ds.pdf,//media.digikey.com/Photos/Phoenix%20Photos/MFG_2700137.jpg,277-12043-ND,2700137,Phoenix Contact,ACOUSTIC ELEMENT SIREN,5,0,"191.00000","0","1","PSD-S","Active","Acoustic Element","1","-","-","Siren, Pulse Tone","24VDC","Automatic Volume Control","-","IP65 - Dust Tight, Water Resistant","-20°C ~ 50°C"
//media.digikey.com/pdf/Data%20Sheets/Phoenix%20Contact%20PDFs/2700118.pdf,//media.digikey.com/Photos/Phoenix%20Photos/MFG_2700118.jpg,277-12023-ND,2700118,Phoenix Contact,OPTIC ELEMENT RED LED RNDM FLASH,5,0,"215.00000","0","1","PSD-S","Active","Optical Element","1","LED","Red","Random Flashing","24VDC","-","-","IP65 - Dust Tight, Water Resistant","-20°C ~ 50°C"
//media.digikey.com/pdf/Data%20Sheets/Phoenix%20Contact%20PDFs/2700126.pdf,//media.digikey.com/Photos/Phoenix%20Photos/MFG_2700126.jpg,277-12028-ND,2700126,Phoenix Contact,OPTIC ELEMENT YLW LED RNDM FLASH,5,0,"215.00000","0","1","PSD-S","Active","Optical Element","1","LED","Yellow","Random Flashing","24VDC","-","-","IP65 - Dust Tight, Water Resistant","-20°C ~ 50°C"
https://www.mspindy.com/Specifications/JT028-RYGB-CDL.pdf,//media.digikey.com/Photos/Mallory%20Sonalert%20Products%20Photos/MFG_4StackRYGBDirect.jpg,458-1501-ND,JT028-RYGB-CDL,Mallory Sonalert Products Inc.,COMPLETE UNIT BL/GN/RD/YL 4STACK,4,0,"227.65000","0","1","JT Stack Light","Active","Complete Unit","4","LED","Blue, Green, Red, Yellow","Steady Lighting, Multiple Tone","24VAC/DC","Alarm","Wire Leads","NEMA 12","-25°C ~ 60°C"
https://www.mspindy.com/Specifications/JT028-RYGB-CSL.pdf,//media.digikey.com/Photos/Mallory%20Sonalert%20Products%20Photos/MFG_4StackRYGBPole.jpg,458-1500-ND,JT028-RYGB-CSL,Mallory Sonalert Products Inc.,COMPLETE UNIT BL/GN/RD/YL 4STACK,8,0,"248.63000","0","1","JT Stack Light","Active","Complete Unit","4","LED","Blue, Green, Red, Yellow","Steady Lighting, Multiple Tone","24VAC/DC","Alarm","Wire Leads","NEMA 12","-25°C ~ 60°C"
https://www.mspindy.com/Specifications/JT028-RYGBC-CDL.pdf,//media.digikey.com/Photos/Mallory%20Sonalert%20Products%20Photos/MFG_5StackRYGBCDirect.jpg,458-1505-ND,JT028-RYGBC-CDL,Mallory Sonalert Products Inc.,COMPLETE UNIT B/G/R/W/Y 5STACK,3,0,"276.95000","0","1","JT Stack Light","Active","Complete Unit","5","LED","Blue, Green, Red, White, Yellow","Steady Lighting, Multiple Tone","24VAC/DC","Alarm","Wire Leads","NEMA 12","-25°C ~ 60°C"
//media.digikey.com/pdf/Data%20Sheets/Phoenix%20Contact%20PDFs/2700129.pdf,//media.digikey.com/Photos/Phoenix%20Photos/MFG_2700129.jpg,277-12031-ND,2700129,Phoenix Contact,OPTIC ELEMENT CLR LED DBL FLASH,5,0,"282.00000","0","1","PSD-S","Active","Optical Element","1","LED","Clear","Double Flashing","24VDC","-","-","IP65 - Dust Tight, Water Resistant","-20°C ~ 50°C"
//media.digikey.com/pdf/Data%20Sheets/Phoenix%20Contact%20PDFs/2700134.pdf,//media.digikey.com/Photos/Phoenix%20Photos/MFG_2700134.jpg,277-12034-ND,2700134,Phoenix Contact,OPTIC ELEMENT BLUE LED DBL FLASH,5,0,"282.00000","0","1","PSD-S","Active","Optical Element","1","LED","Blue","Double Flashing","24VDC","-","-","IP65 - Dust Tight, Water Resistant","-20°C ~ 50°C"
//media.digikey.com/pdf/Data%20Sheets/Phoenix%20Contact%20PDFs/2700130.pdf,//media.digikey.com/Photos/Phoenix%20Photos/MFG_2700130.jpg,277-12032-ND,2700130,Phoenix Contact,OPTIC ELEMENT CLR LED RNDM FLASH,5,0,"350.00000","0","1","PSD-S","Active","Optical Element","1","LED","Clear","Random Flashing","24VDC","-","-","IP65 - Dust Tight, Water Resistant","-20°C ~ 50°C"
//media.digikey.com/pdf/Data%20Sheets/Phoenix%20Contact%20PDFs/2700135.pdf,//media.digikey.com/Photos/Phoenix%20Photos/MFG_2700135.jpg,277-12035-ND,2700135,Phoenix Contact,OPTIC ELEMENT BLU LED RNDM FLASH,5,0,"350.00000","0","1","PSD-S","Active","Optical Element","1","LED","Blue","Random Flashing","24VDC","-","-","IP65 - Dust Tight, Water Resistant","-20°C ~ 50°C"
//media.digikey.com/pdf/Data%20Sheets/Phoenix%20Contact%20PDFs/2700140_Ds.pdf,//media.digikey.com/Photos/Phoenix%20Photos/MFG_2700140.jpg,277-12046-ND,2700140,Phoenix Contact,ACOUSTIC ELEMENT VOICE OUTPUT,4,0,"435.00000","0","1","PSD-S","Active","Acoustic Element","1","-","-","Voice Output","24VDC","Adjustable Volume","-","IP65 - Dust Tight, Water Resistant","-20°C ~ 50°C"
https://www.mspindy.com/Specifications/JT028-RYG-CS.pdf,//media.digikey.com/Photos/Mallory%20Sonalert%20Products%20Photos/MFG_3StackRYGPole.jpg,458-1494-ND,JT028-RYG-CS,Mallory Sonalert Products Inc.,COMPLETE UNIT GN/RD/YL 3 STACK,0,0,"151.06000","0","1","JT Stack Light","Active","Complete Unit","3","LED","Green, Red, Yellow","Steady","24VAC/DC","-","Wire Leads","NEMA 12","-25°C ~ 60°C"
https://www.mspindy.com/Specifications/JT028-RYG-CSL.pdf,//media.digikey.com/Photos/Mallory%20Sonalert%20Products%20Photos/MFG_3StackRYGPole.jpg,458-1492-ND,JT028-RYG-CSL,Mallory Sonalert Products Inc.,COMPLETE UNIT GN/RD/YL 3 STACK,1,0,"198.27000","0","1","JT Stack Light","Active","Complete Unit","3","LED","Green, Red, Yellow","Steady Lighting, Multiple Tone","24VAC/DC","Alarm","Wire Leads","NEMA 12","-25°C ~ 60°C"
//media.digikey.com/pdf/Data%20Sheets/Phoenix%20Contact%20PDFs/2700145.pdf,//media.digikey.com/Photos/Phoenix%20Photos/2700145.JPG,277-12049-ND,2700145,Phoenix Contact,CABLE GLAND,7,10,"12.50000","0","1","PSD-S","Active","Cable Gland","-","-","-","-","-","-","-","-","-20°C ~ 60°C"
//media.digikey.com/pdf/Data%20Sheets/Phoenix%20Contact%20PDFs/2700148.pdf,//media.digikey.com/Photos/Phoenix%20Photos/MFG_2700148.jpg,277-12051-ND,2700148,Phoenix Contact,REPLACEMENT END COVER,10,0,"14.50000","0","1","PSD-S","Active","Replacement End Cover","-","-","-","-","-","-","-","-","-20°C ~ 50°C"
//media.digikey.com/pdf/Data%20Sheets/Phoenix%20Contact%20PDFs/2700142.pdf,//media.digikey.com/Photos/Phoenix%20Photos/MFG_2700142.jpg,277-11042-ND,2700142,Phoenix Contact,BULB INCANDESCENT 24V,0,0,"15.50000","0","1","PSD-S","Active","Bulb","-","Incandescent","-","-","24VDC","-","-","-","-30°C ~ 60°C"
//media.digikey.com/pdf/Data%20Sheets/Phoenix%20Contact%20PDFs/2700160.pdf,//media.digikey.com/Photos/Phoenix%20Photos/MFG_2700160.jpg,277-12062-ND,2700160,Phoenix Contact,SINGLE SIDE MOUNTING BRACKET,3,0,"21.00000","0","1","PSD-S","Active","Mounting Bracket","-","-","-","-","-","-","-","-","-20°C ~ 60°C"
//media.digikey.com/pdf/Data%20Sheets/Phoenix%20Contact%20PDFs/2700163.pdf,//media.digikey.com/Photos/Phoenix%20Photos/MFG_2700163.jpg,277-12064-ND,2700163,Phoenix Contact,FOOT MOUNTING BASE FOR 25MM TUBE,1,0,"22.00000","0","1","PSD-S","Active","Mounting Base","-","-","-","-","-","-","-","-","-20°C ~ 60°C"
//media.digikey.com/pdf/Data%20Sheets/Phoenix%20Contact%20PDFs/2700153.pdf,//media.digikey.com/Photos/Phoenix%20Photos/MFG_2700153.jpg,277-12056-ND,2700153,Phoenix Contact,OUTLET BOX WITH MAGNETIC BASE,3,0,"27.50000","0","1","PSD-S","Active","Outlet Box","-","-","-","-","-","Magnetic Base","-","-","-30°C ~ 60°C"
//media.digikey.com/pdf/Data%20Sheets/Phoenix%20Contact%20PDFs/2700091_Ds.pdf,//media.digikey.com/Photos/Phoenix%20Photos/MFG_2700091.jpg,277-12039-ND,2700091,Phoenix Contact,CONNECTION BASE WITH END COVER,3,32,"44.50000","0","1","PSD-S","Active","Connection Base with End Cover","-","-","-","-","-","-","Spring Terminal","IP65 - Dust Tight, Water Resistant","-30°C ~ 50°C"
//media.digikey.com/pdf/Data%20Sheets/Phoenix%20Contact%20PDFs/2700095_Ds.pdf,//media.digikey.com/Photos/Phoenix%20Photos/MFG_2700095.jpg,277-12041-ND,2700095,Phoenix Contact,CONNECTION BASE WITH END COVER,2,46,"44.50000","0","1","PSD-S","Active","Connection Base with End Cover","-","-","-","-","-","-","Screw Terminal","IP65 - Dust Tight, Water Resistant","-30°C ~ 50°C"
http://www.rafi.de/fileadmin/user_upload/Unternehmen/Downloadcenter/Flyer-und-Broschueren/PDFs_EN/RAFI_Brochure_Tilted_Diamond_plus_EN.pdf,//media.digikey.com/Photos/RAFI%20USA/5.05.525.142%5E0000.JPG,1715-1713-ND,5.05.525.142/0000,RAFI USA,MOUNTING BASE WITH SCREWS,4,0,"72.44000","0","1","Tilted Diamond+","Active","Mounting Base","-","-","-","-","-","-","-","-","-"
http://www.rafi.de/fileadmin/user_upload/Unternehmen/Downloadcenter/Flyer-und-Broschueren/PDFs_EN/RAFI_Brochure_Tilted_Diamond_plus_EN.pdf,//media.digikey.com/Photos/RAFI%20USA/1.69.010.002%5E1300.JPG,1715-1706-ND,1.69.010.002/1300,RAFI USA,OPTIC ELEMENT RED LED STEADY,3,0,"81.74000","0","1","Tilted Diamond+","Active","Optical Element","-","LED","Red","Steady","24VAC/DC","-","Spring Terminal","IP65 - Dust Tight, Water Resistant","-30°C ~ 60°C"
//media.digikey.com/pdf/Data%20Sheets/Phoenix%20Contact%20PDFs/2700138_Ds.pdf,//media.digikey.com/Photos/Phoenix%20Photos/MFG_2700138.jpg,277-12044-ND,2700138,Phoenix Contact,ACOUSTIC ELEMENT SIREN,1,0,"120.00000","0","1","PSD-S","Active","Acoustic Element","1","-","-","Siren, Multiple Tone","24VAC/DC","Adjustable Volume","-","IP65 - Dust Tight, Water Resistant","-30°C ~ 50°C"
https://www.mspindy.com/Specifications/JT120-RYG-CS.pdf,//media.digikey.com/Photos/Mallory%20Sonalert%20Products%20Photos/MFG_3StackRYGPole.jpg,458-1498-ND,JT120-RYG-CS,Mallory Sonalert Products Inc.,COMPLETE UNIT GN/RD/YL 3 STACK,1,0,"182.54000","0","1","JT Stack Light","Active","Complete Unit","3","LED","Green, Red, Yellow","Steady","120VAC","-","Wire Leads","NEMA 3R, 4X, 12","-25°C ~ 60°C"
https://www.mspindy.com/Specifications/JT120-RYG-CSL.pdf,//media.digikey.com/Photos/Mallory%20Sonalert%20Products%20Photos/MFG_3StackRYGPole.jpg,458-1496-ND,JT120-RYG-CSL,Mallory Sonalert Products Inc.,COMPLETE UNIT GN/RD/YL 3 STACK,0,0,"229.74000","0","1","JT Stack Light","Active","Complete Unit","3","LED","Green, Red, Yellow","Steady Lighting, Multiple Tone","120VAC","Alarm","Wire Leads","NEMA 3R, 4X, 12","-25°C ~ 60°C"
https://www.mspindy.com/Specifications/JT028-RYGBC-CS.pdf,//media.digikey.com/photos/Mallory%20Sonalert%20Products%20Photos/JT028-RYGBC-CS.jpg,458-1506-ND,JT028-RYGBC-CS,Mallory Sonalert Products Inc.,COMPLETE UNIT B/G/R/W/Y 5STACK,1,0,"251.77000","0","1","JT Stack Light","Active","Complete Unit","5","LED","Blue, Green, Red, White, Yellow","Steady","24VAC/DC","-","Wire Leads","NEMA 12","-25°C ~ 60°C"
//media.digikey.com/pdf/Data%20Sheets/Phoenix%20Contact%20PDFs/2700154.pdf,//media.digikey.com/Photos/Phoenix%20Photos/MFG_2700154.jpg,277-12057-ND,2700154,Phoenix Contact,MOUNTING TUBE,4,1,"59.00000","0","1","PSD-S","Active","Tube","-","-","-","-","-","-","-","-","-20°C ~ 60°C"
//media.digikey.com/pdf/Data%20Sheets/Phoenix%20Contact%20PDFs/2700150.pdf,//media.digikey.com/Photos/Phoenix%20Photos/MFG_2700150.jpg,277-12053-ND,2700150,Phoenix Contact,MOUNTING ADAPTER,2,0,"67.00000","0","1","PSD-S","Active","Mounting Adapter","-","-","-","-","-","-","-","-","-20°C ~ 60°C"
http://www.rafi.de/fileadmin/user_upload/Unternehmen/Downloadcenter/Flyer-und-Broschueren/PDFs_EN/RAFI_Brochure_Tilted_Diamond_plus_EN.pdf,//media.digikey.com/Photos/RAFI%20USA/1.69.010.002%5E1500.JPG,1715-1708-ND,1.69.010.002/1500,RAFI USA,OPTIC ELEMENT GREEN LED STEADY,4,0,"81.74000","0","1","Tilted Diamond+","Active","Optical Element","-","LED","Green","Steady","24VAC/DC","-","Spring Terminal","IP65 - Dust Tight, Water Resistant","-30°C ~ 60°C"
http://www.rafi.de/fileadmin/user_upload/Unternehmen/Downloadcenter/Flyer-und-Broschueren/PDFs_EN/RAFI_Brochure_Tilted_Diamond_plus_EN.pdf,//media.digikey.com/Photos/RAFI%20USA/1.69.010.002%5E1000.jpg,1715-1705-ND,1.69.010.002/1000,RAFI USA,OPTIC ELEMENT WHITE LED STEADY,2,0,"81.74000","0","1","Tilted Diamond+","Active","Optical Element","1","LED","White","Steady","24VAC/DC","-","Spring Terminal","IP65 - Dust Tight, Water Resistant","-30°C ~ 60°C"
https://www.mspindy.com/Specifications/JT120-R-CSL.pdf,//media.digikey.com/Photos/Mallory%20Sonalert%20Products%20Photos/MFG_1StackRPole.jpg,458-1491-ND,JT120-R-CSL,Mallory Sonalert Products Inc.,COMPLETE UNIT RED LED STEADY,1,0,"182.54000","0","1","JT Stack Light","Active","Complete Unit","1","LED","Red","Steady Lighting, Multiple Tone","120VAC","Alarm","Wire Leads","NEMA 3R, 4X, 12","-25°C ~ 60°C"
//media.digikey.com/pdf/Data%20Sheets/Hammond%20PDFs/PBR_Series.pdf,//media.digikey.com/Photos/Hammond%20Mfg%20Photos/MFG_PBR50BG.jpg,HM1632-ND,PBR50BG,Hammond Manufacturing,GASKET REPLACEMENT FOR IP65,5,11,"2.36000","0","1","PBR","Active","Gasket","-","-","-","-","-","-","-","IP65 - Dust Tight, Water Resistant","-25°C ~ 45°C"
//media.digikey.com/pdf/Data%20Sheets/Hammond%20PDFs/PBR_Series.pdf,//media.digikey.com/Photos/Hammond%20Mfg%20Photos/MFG_PBR50BG.jpg,HM1648-ND,PBR50MG,Hammond Manufacturing,GASKET REPLACEMENT LT MOD+BASE,5,31,"2.36000","0","1","PBR","Active","Gasket","-","-","-","-","-","-","-","IP65 - Dust Tight, Water Resistant","-25°C ~ 45°C"
//media.digikey.com/pdf/Data%20Sheets/Hammond%20PDFs/PBR_Series.pdf,//media.digikey.com/Photos/Hammond%20Mfg%20Photos/MFG_PBR50BG.jpg,HM1654-ND,PBR50TG,Hammond Manufacturing,GASKET REPLACEMENT FOR MNT TUBE,5,21,"2.36000","0","1","PBR","Active","Gasket","-","-","-","-","-","-","-","IP65 - Dust Tight, Water Resistant","-25°C ~ 45°C"
http://www.altechcorp.com/towerlights/TowerLights_IF-Series.pdf,//media.digikey.com/Photos/Altech-Corporation/IKAM06.JPG,1920-2056-ND,IKAM06,Altech Corporation,2OMM ALUMINUMP WITH BASE (USED W,9,248,"4.56000","0","1","-","Active","Mounting Base","-","-","-","-","-","Integrated Tube","-","IP65 - Dust Tight, Water Resistant","-5°C ~ 40°C"
http://www.altechcorp.com/towerlights/TowerLights_IF-Series.pdf,-,1920-2055-ND,IFAB01,Altech Corporation,PIPE ADAPTER,10,514,"5.74000","0","1","-","Active","Mounting Adapter","-","-","-","-","-","-","-","IP65 - Dust Tight, Water Resistant","-5°C ~ 40°C"
//media.digikey.com/pdf/Data%20Sheets/Hammond%20PDFs/PBR_Series.pdf,//media.digikey.com/Photos/Hammond%20Mfg%20Photos/MFG_PBR50BG.jpg,HM1644-ND,PBR50L24,Hammond Manufacturing,BULB LIGHT 24VDC 7W,25,2,"7.02000","0","1","PBR","Active","Bulb","-","-","-","-","24VDC","-","-","-","-25°C ~ 45°C"
//media.digikey.com/pdf/Data%20Sheets/Hammond%20PDFs/PBR_Series.pdf,//media.digikey.com/Photos/Hammond%20Mfg%20Photos/MFG_PBR50BG.jpg,HM1647-ND,PBR50LS,Hammond Manufacturing,BULB REMOVAL TOOL,10,3,"7.88000","0","1","PBR","Active","Bulb Removal Tool","-","-","-","-","-","-","-","-","-25°C ~ 45°C"
//media.digikey.com/pdf/Data%20Sheets/Hammond%20PDFs/PBR_Series.pdf,//media.digikey.com/Photos/Hammond%20Mfg%20Photos/MFG_PBR50S100.jpg,HM1649-ND,PBR50S100,Hammond Manufacturing,TUBULAR STAND/PLINTH 88MM,1,3,"25.11000","0","1","PBR","Active","Mounting Base","-","-","-","-","-","Integrated Tube","-","-","-25°C ~ 45°C"
//media.digikey.com/pdf/Data%20Sheets/Hammond%20PDFs/PBR_Series.pdf,//media.digikey.com/Photos/Hammond%20Mfg%20Photos/MFG_PBR50CLCL.jpg,HM1638-ND,PBR50CLCL,Hammond Manufacturing,OPTIC ELEMENT LED STEADY,3,4,"26.77000","0","1","PBR","Active","Optical Element","1","LED","-","Steady","230VAC, 24VDC","-","-","IP54 - Dust Protected, Water Resistant","-25°C ~ 45°C"
//media.digikey.com/pdf/Data%20Sheets/Hammond%20PDFs/PBR_Series.pdf,//media.digikey.com/Photos/Hammond%20Mfg%20Photos/MFG_PBR50CLGR.jpg,HM1639-ND,PBR50CLGR,Hammond Manufacturing,OPTIC ELEMENT GREEN LED STEADY,0,0,"26.77000","0","1","PBR","Active","Optical Element","1","LED","Green","Steady","230VAC, 24VDC","-","-","IP54 - Dust Protected, Water Resistant","-25°C ~ 45°C"
//media.digikey.com/pdf/Data%20Sheets/Hammond%20PDFs/PBR_Series.pdf,//media.digikey.com/Photos/Hammond%20Mfg%20Photos/MFG_PBR50CLYE.jpg,HM1641-ND,PBR50CLYE,Hammond Manufacturing,OPTIC ELEMENT YELLOW LED STEADY,0,0,"26.77000","0","1","PBR","Active","Optical Element","1","LED","Yellow","Steady","230VAC, 24VDC","-","-","IP54 - Dust Protected, Water Resistant","-25°C ~ 45°C"
//media.digikey.com/pdf/Data%20Sheets/Hammond%20PDFs/PBR_Series.pdf,//media.digikey.com/Photos/Hammond%20Mfg%20Photos/MFG_PBR50BG.jpg,HM1650-ND,PBR50S250,Hammond Manufacturing,TUBULAR STAND/PLINTH 238MM,4,3,"29.28000","0","1","PBR","Active","Mounting Base","-","-","-","-","-","Integrated Tube","-","-","-25°C ~ 45°C"
//media.digikey.com/pdf/Data%20Sheets/Hammond%20PDFs/PBR_Series.pdf,//media.digikey.com/Photos/Hammond%20Mfg%20Photos/MFG_PBR50T100.jpg,HM1651-ND,PBR50T100,Hammond Manufacturing,TUBULAR STAND/BRACKET 78MM,2,3,"32.63000","0","1","PBR","Active","Mounting Base","-","-","-","-","-","-","-","-","-25°C ~ 45°C"
//media.digikey.com/pdf/Data%20Sheets/Hammond%20PDFs/PBR_Series.pdf,//media.digikey.com/Photos/Hammond%20Mfg%20Photos/MFG_PBR50BG.jpg,HM1652-ND,PBR50T250,Hammond Manufacturing,TUBULAR STAND/BRACKET 228MM,4,2,"35.14000","0","1","PBR","Active","Mounting Base","-","-","-","-","-","-","-","-","-25°C ~ 45°C"
//media.digikey.com/pdf/Data%20Sheets/Hammond%20PDFs/PBR_Series.pdf,//media.digikey.com/Photos/Hammond%20Mfg%20Photos/MFG_PBR50BG.jpg,HM1653-ND,PBR50T400,Hammond Manufacturing,TUBULAR STAND/BRACKET 378MM,2,2,"48.59000","0","1","PBR","Active","Mounting Base","-","-","-","-","-","-","-","-","-25°C ~ 45°C"
http://www.altechcorp.com/towerlights/TowerLights_IF-Series.pdf,-,1920-2053-ND,IF5P024XM05-1,Altech Corporation,MULTI-COLOR LEDPLC APP 24V DC MU,4,88,"59.29000","0","1","-","Active","Optical Element","1","LED","Blue, Green, Red, White, Yellow","Flashing, Steady","24VDC","-","Wire Leads","IP65 - Dust Tight, Water Resistant","-5°C ~ 40°C"
//media.digikey.com/pdf/Data%20Sheets/Phoenix%20Contact%20PDFs/2700119_Ds.pdf,//media.digikey.com/Photos/Phoenix%20Photos/MFG_2700119.jpg,277-16700-ND,2700119,Phoenix Contact,OPTIC ELEMENT GREEN LED STEADY,3,28,"75.00000","0","1","PSD-S","Active","Optical Element","1","LED","Green","Steady","24VAC/DC","-","-","IP65 - Dust Tight, Water Resistant","-20°C ~ 50°C"
https://www.phoenixcontact.com/pxc-oc-itemdetail-pdf-web/eshop?lineItemType=LineItem&UID=2700107,//media.digikey.com/Photos/Phoenix%20Photos/2700107.JPG,277-9242-ND,2700107,Phoenix Contact,OPTIC ELEMENT RED LED STEADY,2,74,"75.00000","0","1","PSD-S","Active","Optical Element","1","LED","Red","Steady","24VAC/DC","-","-","IP65 - Dust Tight, Water Resistant","-20°C ~ 50°C"
//media.digikey.com/pdf/Data%20Sheets/Hammond%20PDFs/PBR_Series.pdf,//media.digikey.com/Photos/Hammond%20Mfg%20Photos/MFG_PBR50BLGR24V.jpg,HM1633-ND,PBR50BLGR24V,Hammond Manufacturing,OPTIC ELEMENT GREEN LED FLASHING,3,3,"80.16000","0","1","PBR","Active","Optical Element","1","LED","Green","Flashing","24VDC","-","-","IP54 - Dust Protected, Water Resistant","-25°C ~ 45°C"
//media.digikey.com/pdf/Data%20Sheets/Hammond%20PDFs/PBR_Series.pdf,//media.digikey.com/Photos/Hammond%20Mfg%20Photos/MFG_PBR50BLYE24V.jpg,HM1635-ND,PBR50BLYE24V,Hammond Manufacturing,OPTIC ELEMENT YELLOW LED FLASH,2,3,"80.16000","0","1","PBR","Active","Optical Element","1","LED","Yellow","Flashing","24VDC","-","-","IP54 - Dust Protected, Water Resistant","-25°C ~ 45°C"
//media.digikey.com/pdf/Data%20Sheets/Hammond%20PDFs/PBR_Series.pdf,//media.digikey.com/Photos/Hammond%20Mfg%20Photos/MFG_PBR50BLRE24V.jpg,HM1634-ND,PBR50BLRE24V,Hammond Manufacturing,OPTIC ELEMENT RED LED FLASHING,1,3,"80.16000","0","1","PBR","Active","Optical Element","1","LED","Red","Flashing","24VDC","-","-","IP54 - Dust Protected, Water Resistant","-25°C ~ 45°C"
-,-,TL12004-ND,TL12004,Altech Corporation,UPPER CAP FOR TOWER LIGHT,0,8,"3.15000","0","1","*","Active","-","-","-","-","-","-","-","-","-","-"
-,-,1920-2189-ND,IKAM04,Altech Corporation,500MM ALUMINUMP WITH BASE (USED,24,196,"10.16000","0","1","-","Active","Mounting Base","-","-","-","-","-","Integrated Tube","-","IP65 - Dust Tight, Water Resistant","-5°C ~ 40°C"
//media.digikey.com/pdf/Data%20Sheets/Phoenix%20Contact%20PDFs/2700152.pdf,//media.digikey.com/Photos/Phoenix%20Photos/MFG_2700152.jpg,277-12055-ND,2700152,Phoenix Contact,MOUNTING TUBE,4,0,"17.00000","0","1","PSD-S","Active","Tube","-","-","-","-","-","-","-","-","-20°C ~ 60°C"
//media.digikey.com/pdf/Data%20Sheets/Phoenix%20Contact%20PDFs/2700161.pdf,//media.digikey.com/Photos/Phoenix%20Photos/MFG_2700161.jpg,277-12063-ND,2700161,Phoenix Contact,TWO SIDED MOUNTING BRACKET,5,0,"23.00000","0","1","PSD-S","Active","Mounting Bracket","-","-","-","-","-","-","-","-","-20°C ~ 60°C"
//media.digikey.com/pdf/Data%20Sheets/Phoenix%20Contact%20PDFs/2700157.pdf,//media.digikey.com/Photos/Phoenix%20Photos/MFG_2700154.jpg,277-12060-ND,2700157,Phoenix Contact,MOUNTING TUBE,4,0,"23.00000","0","1","PSD-S","Active","Tube","-","-","-","-","-","-","-","-","-20°C ~ 60°C"
//media.digikey.com/pdf/Data%20Sheets/Phoenix%20Contact%20PDFs/2700143.pdf,//media.digikey.com/Photos/Phoenix%20Photos/MFG_2700143.jpg,277-12048-ND,2700143,Phoenix Contact,MOUNTING BRACKET BLACK,1,0,"25.00000","0","1","PSD-S","Active","Mounting Bracket","-","-","-","-","-","-","-","-","-20°C ~ 50°C"
//media.digikey.com/pdf/Data%20Sheets/Phoenix%20Contact%20PDFs/2700144.pdf,-,2700144-ND,2700144,Phoenix Contact,MOUNTING BRACKET BLACK,0,22,"25.00000","0","1","PSD-S","Active","Mounting Bracket","-","-","-","-","-","-","-","-","-20°C ~ 50°C"
//media.digikey.com/pdf/Data%20Sheets/Phoenix%20Contact%20PDFs/2700149.pdf,//media.digikey.com/Photos/Phoenix%20Photos/MFG_2700149.jpg,277-12052-ND,2700149,Phoenix Contact,MOUNTING BRACKET,5,0,"31.00000","0","1","PSD-S","Active","Mounting Bracket","-","-","-","-","-","-","-","-","-20°C ~ 60°C"
//media.digikey.com/pdf/Data%20Sheets/Phoenix%20Contact%20PDFs/2700158.pdf,//media.digikey.com/Photos/Phoenix%20Photos/MFG_2700154.jpg,277-12061-ND,2700158,Phoenix Contact,MOUNTING TUBE,4,0,"32.00000","0","1","PSD-S","Active","Tube","-","-","-","-","-","-","-","-","-20°C ~ 60°C"
//media.digikey.com/pdf/Data%20Sheets/Phoenix%20Contact%20PDFs/2700096.pdf,-,2700096-ND,2700096,Phoenix Contact,OPTIC ELEMENT RED STEADY,0,0,"38.76000","0","1","PSD-S","Active","Optical Element","1","Not Included","Red","Steady","12 ~ 240VAC/DC","-","-","IP65 - Dust Tight, Water Resistant","-20°C ~ 60°C"
//media.digikey.com/pdf/Data%20Sheets/Phoenix%20Contact%20PDFs/2700164.pdf,//media.digikey.com/Photos/Phoenix%20Photos/MFG_2700164.jpg,277-12065-ND,2700164,Phoenix Contact,FOOT MOUNTING BASE FOR 25MM TUBE,3,0,"39.00000","0","1","PSD-S","Active","Mounting Base","-","-","-","-","-","-","-","-","-"
//media.digikey.com/pdf/Data%20Sheets/Phoenix%20Contact%20PDFs/2700092_Ds.pdf,//media.digikey.com/Photos/Phoenix%20Photos/MFG_2700092.jpg,277-12040-ND,2700092,Phoenix Contact,CONNECTION BASE WITH END COVER,2,122,"44.50000","0","1","PSD-S","Active","Connection Base with End Cover","-","-","-","-","-","-","Spring Terminal","IP65 - Dust Tight, Water Resistant","-30°C ~ 50°C"
-,-,IF5B024X05-1-ND,IF5B024X05-1,Altech Corporation,SINGLE COLOR LED 24V ACDC BLUE L,0,7,"56.32000","0","1","*","Active","-","-","-","-","-","-","-","-","-","-"
-,-,IF5G024X05-1-ND,IF5G024X05-1,Altech Corporation,SINGLE COLOR LED 24V ACDC GRN LE,0,13,"56.32000","0","1","*","Active","-","-","-","-","-","-","-","-","-","-"
-,-,IF5R024X05-1-ND,IF5R024X05-1,Altech Corporation,SINGLE COLOR LED 24V ACDC RED LE,0,15,"56.32000","0","1","*","Active","-","-","-","-","-","-","-","-","-","-"
-,-,IF5W024X05-1-ND,IF5W024X05-1,Altech Corporation,SINGLE COLOR LED 24V ACDC WHITE,0,9,"56.32000","0","1","*","Active","-","-","-","-","-","-","-","-","-","-"
-,-,IF5Y024X05-1-ND,IF5Y024X05-1,Altech Corporation,SINGLE COLOR LED 24V ACDC YEL LE,0,11,"56.32000","0","1","*","Active","-","-","-","-","-","-","-","-","-","-"
-,-,IF5M024XM05-1-ND,IF5M024XM05-1,Altech Corporation,MULTI-COLOR LED 24V ACDC MULTI L,0,64,"59.29000","0","1","*","Active","-","-","-","-","-","-","-","-","-","-"
-,-,IF5M110XM05-1-ND,IF5M110XM05-1,Altech Corporation,MULTI-COLOR LED 110V AC MULTI LE,0,63,"59.29000","0","1","*","Active","-","-","-","-","-","-","-","-","-","-"
-,-,IF5M220XM05-1-ND,IF5M220XM05-1,Altech Corporation,MULTI-COLOR LED 230V AC MULTI LE,0,0,"59.29000","0","1","*","Active","-","-","-","-","-","-","-","-","-","-"
//media.digikey.com/pdf/Data%20Sheets/Phoenix%20Contact%20PDFs/2700155.pdf,//media.digikey.com/Photos/Phoenix%20Photos/MFG_2700155.jpg,277-12058-ND,2700155,Phoenix Contact,OUTLET BOX WITH MAGNETIC BASE,3,0,"64.00000","0","1","PSD-S","Active","Outlet Box","-","-","-","-","-","Magnetic Base","-","-","-30°C ~ 60°C"
//media.digikey.com/pdf/Data%20Sheets/Phoenix%20Contact%20PDFs/2700151.pdf,//media.digikey.com/Photos/Phoenix%20Photos/MFG_2700151.jpg,277-12054-ND,2700151,Phoenix Contact,MOUNTING BASE FOLDING,5,0,"70.00000","0","1","PSD-S","Active","Mounting Base, Folding","-","-","-","-","-","-","-","IP65 - Dust Tight, Water Resistant","-20°C ~ 60°C"
-,-,IF5B024Z05-1-ND,IF5B024Z05-1,Altech Corporation,SINGLE COLOR LED 24V ACDC BLUE L,0,0,"70.16000","0","1","*","Active","-","-","-","-","-","-","-","-","-","-"
-,-,IF5G024Z05-1-ND,IF5G024Z05-1,Altech Corporation,SINGLE COLOR LED 24V ACDC GRN LE,0,4,"70.16000","0","1","*","Active","-","-","-","-","-","-","-","-","-","-"
-,-,IF5R024Z05-1-ND,IF5R024Z05-1,Altech Corporation,SINGLE COLOR LED 24V ACDC RED LE,0,44,"70.16000","0","1","*","Active","-","-","-","-","-","-","-","-","-","-"
-,-,IF5R110Z05-1-ND,IF5R110Z05-1,Altech Corporation,SINGLE COLOR LED 110 ACDC RED LE,0,0,"70.16000","0","1","*","Active","-","-","-","-","-","-","-","-","-","-"
-,-,IF5W024Z05-1-ND,IF5W024Z05-1,Altech Corporation,SINGLE COLOR LED 24V ACDC WHITE,0,20,"70.16000","0","1","*","Active","-","-","-","-","-","-","-","-","-","-"
-,-,IF5Y024Z05-1-ND,IF5Y024Z05-1,Altech Corporation,SINGLE COLOR LED 24V ACDC YEL LE,0,0,"70.16000","0","1","*","Active","-","-","-","-","-","-","-","-","-","-"
-,-,IF5M024ZM05-1-ND,IF5M024ZM05-1,Altech Corporation,MULTI-COLOR LED 24V ACDC MULTI L,0,228,"74.12000","0","1","*","Active","-","-","-","-","-","-","-","-","-","-"
-,-,IF5M110ZM05-1-ND,IF5M110ZM05-1,Altech Corporation,MULTI-COLOR LED 110V ACDC BUZZER,0,136,"74.12000","0","1","*","Active","-","-","-","-","-","-","-","-","-","-"
-,-,IF5M220ZM05-1-ND,IF5M220ZM05-1,Altech Corporation,MULTI-COLOR LED 230V AC MULTI LE,0,0,"74.12000","0","1","*","Active","-","-","-","-","-","-","-","-","-","-"
//media.digikey.com/pdf/Data%20Sheets/Phoenix%20Contact%20PDFs/2700136_Ds.pdf,//media.digikey.com/Photos/Phoenix%20Photos/MFG_2700136.jpg,277-12042-ND,2700136,Phoenix Contact,ACOUSTIC ELEMENT BUZZER 12-30V,0,19,"81.00000","0","1","PSD-S","Active","Acoustic Element","1","-","-","Buzzer, Continuous/Pulse Tone","24VAC/DC","-","-","IP65 - Dust Tight, Water Resistant","-30°C ~ 50°C"
-,-,IT120R024-ND,IT120R024,Altech Corporation,LED SIGNALING DEVICE 12-24 V ACD,0,19,"87.95000","0","1","*","Active","-","-","-","-","-","-","-","-","-","-"
-,-,IT120Y024-ND,IT120Y024,Altech Corporation,LED SIGNALING DEVICE 12-24 V ACD,0,48,"87.95000","0","1","*","Active","-","-","-","-","-","-","-","-","-","-"
https://www.mspindy.com/specifications/JT028-G-CS.pdf,-,JT028-G-CS-ND,JT028-G-CS,Mallory Sonalert Products Inc.,COMPLETE UNIT GREEN LED STACK,0,0,"105.62000","0","1","JT Stack Light","Active","Complete Unit","1","LED","Green","Steady","24VAC/DC","-","Wire Leads","NEMA 12","-25°C ~ 60°C"
https://www.mspindy.com/Specifications/JT028-RY-CD.pdf,//media.digikey.com/Photos/Mallory%20Sonalert%20Products%20Photos/MFG_2StackRYDirect.jpg,JT028-RY-CD-ND,JT028-RY-CD,Mallory Sonalert Products Inc.,COMPLETE UNIT RD/YL LED 2 STACK,0,0,"109.88000","0","1","JT Stack Light","Active","Complete Unit","2","LED","Red, Yellow","Steady","24VAC/DC","-","Wire Leads","NEMA 12","-25°C ~ 60°C"
https://www.mspindy.com/Specifications/JT028-YG-CD.pdf,//media.digikey.com/Photos/Mallory%20Sonalert%20Products%20Photos/MFG_2StackYGDirect.jpg,JT028-YG-CD-ND,JT028-YG-CD,Mallory Sonalert Products Inc.,COMPLETE UNIT GRN/YLW LED 2STACK,0,0,"109.88000","0","1","JT Stack Light","Active","Complete Unit","2","LED","Green, Yellow","Steady","24VAC/DC","-","Wire Leads","NEMA 12","-25°C ~ 60°C"
-,-,IT120R220-ND,IT120R220,Altech Corporation,LED SIGNALING DEVICE 110-220 V A,0,6,"113.65000","0","1","*","Active","-","-","-","-","-","-","-","-","-","-"
-,-,IT120Y220-ND,IT120Y220,Altech Corporation,LED SIGNALING DEVICE 110-220 V A,0,0,"113.65000","0","1","*","Active","-","-","-","-","-","-","-","-","-","-"
https://www.mspindy.com/Specifications/JT120-R-CD.pdf,//media.digikey.com/Photos/Mallory%20Sonalert%20Products%20Photos/MFG_1StackRDirect.jpg,JT120-R-CD-ND,JT120-R-CD,Mallory Sonalert Products Inc.,COMPLETE UNIT RED LED STEADY,0,0,"125.89000","0","1","JT Stack Light","Active","Complete Unit","1","LED","Red","Steady","120VAC","-","Wire Leads","NEMA 3R, 4X, 12","-25°C ~ 60°C"
https://www.mspindy.com/Specifications/JT028-RY-CS.pdf,//media.digikey.com/Photos/Mallory%20Sonalert%20Products%20Photos/MFG_2StackRYPole.jpg,458-1514-ND,JT028-RY-CS,Mallory Sonalert Products Inc.,COMPLETE UNIT RD/YLW LED 2 STACK,1,0,"128.02000","0","1","JT Stack Light","Active","Complete Unit","2","LED","Red, Yellow","Steady","24VAC/DC","-","Wire Leads","NEMA 12","-25°C ~ 60°C"
https://www.mspindy.com/Specifications/JT028-YG-CS.pdf,//media.digikey.com/Photos/Mallory%20Sonalert%20Products%20Photos/MFG_2StackYGPole.jpg,458-1516-ND,JT028-YG-CS,Mallory Sonalert Products Inc.,COMPLETE UNIT GRN/YLW LED 2STACK,0,0,"128.02000","0","1","JT Stack Light","Active","Complete Unit","2","LED","Green, Yellow","Steady","24VAC/DC","-","Wire Leads","NEMA 12","-25°C ~ 60°C"
-,-,5.05525.1430000-ND,5.05525.1430000,RAFI USA,EXTENSION 100MM,0,0,"130.50000","0","1","Tilted Diamond+","Active","Tube","-","-","-","-","-","-","-","-","-"
//media.digikey.com/pdf/Data%20Sheets/Phoenix%20Contact%20PDFs/2700101.pdf,-,2700101-ND,2700101,Phoenix Contact,OPTIC ELEMENT RED XENON FLASHING,0,0,"131.65000","0","1","PSD-S","Active","Optical Element","1","Xenon","Red","Flashing","24VDC","-","-","IP65 - Dust Tight, Water Resistant","-20°C ~ 50°C"
https://www.mspindy.com/Specifications/JT120-RG-CD.pdf,//media.digikey.com/Photos/Mallory%20Sonalert%20Products%20Photos/MFG_2StackRGDirect.jpg,JT120-RG-CD-ND,JT120-RG-CD,Mallory Sonalert Products Inc.,COMPLETE UNIT GRN/RD LED 2 STACK,0,0,"148.97000","0","1","JT Stack Light","Active","Complete Unit","2","LED","Green, Red","Steady","120VAC","-","Wire Leads","NEMA 3R, 4X, 12","-25°C ~ 60°C"
https://www.mspindy.com/Specifications/JT120-RY-CD.pdf,//media.digikey.com/Photos/Mallory%20Sonalert%20Products%20Photos/MFG_2StackRYDirect.jpg,JT120-RY-CD-ND,JT120-RY-CD,Mallory Sonalert Products Inc.,COMPLETE UNIT RD/YLW LED 2 STACK,0,0,"148.97000","0","1","JT Stack Light","Active","Complete Unit","2","LED","Red, Yellow","Steady","120VAC","-","Wire Leads","NEMA 3R, 4X, 12","-25°C ~ 60°C"
https://www.mspindy.com/Specifications/JT120-YG-CD.pdf,//media.digikey.com/Photos/Mallory%20Sonalert%20Products%20Photos/MFG_2StackYGDirect.jpg,JT120-YG-CD-ND,JT120-YG-CD,Mallory Sonalert Products Inc.,COMPLETE UNIT GRN/YLW LED 2STACK,0,0,"148.97000","0","1","JT Stack Light","Active","Complete Unit","2","LED","Green, Yellow","Steady","120VAC","-","Wire Leads","NEMA 3R, 4X, 12","-25°C ~ 60°C"
https://www.mspindy.com/Specifications/JT028-RY-CDL.pdf,//media.digikey.com/Photos/Mallory%20Sonalert%20Products%20Photos/MFG_2StackRYDirect.jpg,JT028-RY-CDL-ND,JT028-RY-CDL,Mallory Sonalert Products Inc.,COMPLETE UNIT RD/YL LED 2 STACK,0,0,"155.26000","0","1","JT Stack Light","Active","Complete Unit","2","LED","Red, Yellow","Steady Lighting, Multiple Tone","24VAC/DC","Alarm","Wire Leads","NEMA 12","-25°C ~ 60°C"
https://www.mspindy.com/Specifications/JT028-YG-CDL.pdf,//media.digikey.com/Photos/Mallory%20Sonalert%20Products%20Photos/MFG_2StackYGDirect.jpg,JT028-YG-CDL-ND,JT028-YG-CDL,Mallory Sonalert Products Inc.,COMPLETE UNIT GRN/YLW LED 2STACK,0,0,"155.26000","0","1","JT Stack Light","Active","Complete Unit","2","LED","Green, Yellow","Steady Lighting, Multiple Tone","24VAC/DC","Alarm","Wire Leads","NEMA 12","-25°C ~ 60°C"
-,-,5.05525.1450000-ND,5.05525.1450000,RAFI USA,EXTENSION BAR 400MM,0,0,"166.50000","0","1","Tilted Diamond+","Active","Tube","-","-","-","-","-","-","-","-","-"
https://www.mspindy.com/Specifications/JT120-RG-CS.pdf,//media.digikey.com/Photos/Mallory%20Sonalert%20Products%20Photos/MFG_2StackRGPole.jpg,458-1519-ND,JT120-RG-CS,Mallory Sonalert Products Inc.,COMPLETE UNIT GRN/RD LED 2 STACK,0,0,"166.80000","0","1","JT Stack Light","Active","Complete Unit","2","LED","Green, Red","Steady","120VAC","-","Wire Leads","NEMA 3R, 4X, 12","-25°C ~ 60°C"
https://www.mspindy.com/Specifications/JT120-RY-CS.pdf,//media.digikey.com/Photos/Mallory%20Sonalert%20Products%20Photos/MFG_2StackRYPole.jpg,458-1521-ND,JT120-RY-CS,Mallory Sonalert Products Inc.,COMPLETE UNIT RD/YLW LED 2 STACK,0,0,"166.80000","0","1","JT Stack Light","Active","Complete Unit","2","LED","Red, Yellow","Steady","120VAC","-","Wire Leads","NEMA 3R, 4X, 12","-25°C ~ 60°C"
https://www.mspindy.com/Specifications/JT120-YG-CS.pdf,//media.digikey.com/Photos/Mallory%20Sonalert%20Products%20Photos/MFG_2StackYGPole.jpg,458-1523-ND,JT120-YG-CS,Mallory Sonalert Products Inc.,COMPLETE UNIT GRN/YLW LED 2STACK,0,0,"166.80000","0","1","JT Stack Light","Active","Complete Unit","2","LED","Green, Yellow","Steady","120VAC","-","Wire Leads","NEMA 3R, 4X, 12","-25°C ~ 60°C"
https://www.mspindy.com/Specifications/JT120-R-CDL.pdf,//media.digikey.com/Photos/Mallory%20Sonalert%20Products%20Photos/MFG_1StackRDirect.jpg,JT120-R-CDL-ND,JT120-R-CDL,Mallory Sonalert Products Inc.,COMPLETE UNIT RED LED STEADY,0,0,"171.00000","0","1","JT Stack Light","Active","Complete Unit","1","LED","Red","Steady Lighting, Multiple Tone","120VAC","Alarm","Wire Leads","NEMA 3R, 4X, 12","-25°C ~ 60°C"
https://www.mspindy.com/Specifications/JT028-YG-CSL.pdf,//media.digikey.com/Photos/Mallory%20Sonalert%20Products%20Photos/MFG_2StackYGPole.jpg,458-1515-ND,JT028-YG-CSL,Mallory Sonalert Products Inc.,COMPLETE UNIT GRN/YLW LED 2STACK,1,0,"176.24000","0","1","JT Stack Light","Active","Complete Unit","2","LED","Green, Yellow","Steady Lighting, Multiple Tone","24VAC/DC","Alarm","Wire Leads","NEMA 12","-25°C ~ 60°C"
https://www.mspindy.com/Specifications/JT120-RG-CDL.pdf,//media.digikey.com/Photos/Mallory%20Sonalert%20Products%20Photos/MFG_2StackRGDirect.jpg,458-1518-ND,JT120-RG-CDL,Mallory Sonalert Products Inc.,COMPLETE UNIT GRN/RD LED 2 STACK,0,0,"193.03000","0","1","JT Stack Light","Active","Complete Unit","2","LED","Green, Red","Steady Lighting, Multiple Tone","120VAC","Alarm","Wire Leads","NEMA 3R, 4X, 12","-25°C ~ 60°C"
https://www.mspindy.com/Specifications/JT120-RY-CDL.pdf,//media.digikey.com/Photos/Mallory%20Sonalert%20Products%20Photos/MFG_2StackRYDirect.jpg,JT120-RY-CDL-ND,JT120-RY-CDL,Mallory Sonalert Products Inc.,COMPLETE UNIT RD/YLW LED 2 STACK,0,0,"193.03000","0","1","JT Stack Light","Active","Complete Unit","2","LED","Red, Yellow","Steady Lighting, Multiple Tone","120VAC","Alarm","Wire Leads","NEMA 3R, 4X, 12","-25°C ~ 60°C"
https://www.mspindy.com/Specifications/JT120-YG-CDL.pdf,//media.digikey.com/Photos/Mallory%20Sonalert%20Products%20Photos/MFG_2StackYGDirect.jpg,JT120-YG-CDL-ND,JT120-YG-CDL,Mallory Sonalert Products Inc.,COMPLETE UNIT GRN/YLW LED 2STACK,0,0,"193.03000","0","1","JT Stack Light","Active","Complete Unit","2","LED","Green, Yellow","Steady Lighting, Multiple Tone","120VAC","Alarm","Wire Leads","NEMA 3R, 4X, 12","-25°C ~ 60°C"
https://www.mspindy.com/Specifications/JT120-RY-CSL.pdf,//media.digikey.com/Photos/Mallory%20Sonalert%20Products%20Photos/MFG_2StackRYPole.jpg,458-1520-ND,JT120-RY-CSL,Mallory Sonalert Products Inc.,COMPLETE UNIT RD/YLW LED 2 STACK,1,0,"214.01000","0","1","JT Stack Light","Active","Complete Unit","2","LED","Red, Yellow","Steady Lighting, Multiple Tone","120VAC","Alarm","Wire Leads","NEMA 3R, 4X, 12","-25°C ~ 60°C"
https://www.mspindy.com/Specifications/JT120-RG-CSL.pdf,//media.digikey.com/Photos/Mallory%20Sonalert%20Products%20Photos/MFG_2StackRGPole.jpg,458-1517-ND,JT120-RG-CSL,Mallory Sonalert Products Inc.,COMPLETE UNIT GRN/RD LED 2 STACK,0,0,"214.01000","0","1","JT Stack Light","Active","Complete Unit","2","LED","Green, Red","Steady Lighting, Multiple Tone","120VAC","Alarm","Wire Leads","NEMA 3R, 4X, 12","-25°C ~ 60°C"
https://www.mspindy.com/Specifications/JT120-YG-CSL.pdf,//media.digikey.com/Photos/Mallory%20Sonalert%20Products%20Photos/MFG_2StackYGPole.jpg,458-1522-ND,JT120-YG-CSL,Mallory Sonalert Products Inc.,COMPLETE UNIT GRN/YLW LED 2STACK,0,0,"214.01000","0","1","JT Stack Light","Active","Complete Unit","2","LED","Green, Yellow","Steady Lighting, Multiple Tone","120VAC","Alarm","Wire Leads","NEMA 3R, 4X, 12","-25°C ~ 60°C"
https://www.mspindy.com/Specifications/JT028-RYGBC-CSL.pdf,//media.digikey.com/photos/Mallory%20Sonalert%20Products%20Photos/JT028-RYGBC-CS.jpg,458-1504-ND,JT028-RYGBC-CSL,Mallory Sonalert Products Inc.,COMPLETE UNIT B/G/R/W/Y 5STACK,1,0,"298.98000","0","1","JT Stack Light","Active","Complete Unit","5","LED","Blue, Green, Red, White, Yellow","Steady Lighting, Multiple Tone","24VAC/DC","Alarm","Wire Leads","NEMA 12","-25°C ~ 60°C"
https://www.phoenixcontact.com/pxc-oc-itemdetail-pdf-web/eshop?lineItemType=LineItem&UID=2702090,-,2702090-ND,2702090,Phoenix Contact,OPTIC EMELENT MC LED PERMA,0,0,"362.00000","0","1","PSD-S","Active","Optical Element","1","LED","Blue, Green, Red, Turquoise, Violet, White, Yellow","Steady","24VDC","-","-","IP65 - Dust Tight, Water Resistant","-20°C ~ 50°C"
//media.digikey.com/pdf/Data%20Sheets/Adafruit%20PDFs/2993_Web.pdf,//media.digikey.com/Photos/Adafruit%20Industries%20LLC/MFG_2993.jpg,1528-1616-ND,2993,Adafruit Industries LLC,LED PNL INDICATOR RD/GRN/YLW 12V,0,0,"27.50000","0","1","-","Active","Complete Unit","3","LED","Green, Red, Yellow","Buzzer, Continuous/Pulse Tone","12VDC","Alarm","Wire Leads","-","-"
//media.digikey.com/pdf/Data%20Sheets/Hammond%20PDFs/PBR_Series.pdf,//media.digikey.com/Photos/Hammond%20Mfg%20Photos/MFG_PBR50EXT.jpg,HM1642-ND,PBR50EXT,Hammond Manufacturing,EXTENSION ADAPTER,0,0,"Obsolete","0","1","PBR","Obsolete","Extension Adapter","-","-","-","-","-","-","-","-","-25°C ~ 45°C"
//media.digikey.com/pdf/Data%20Sheets/Phoenix%20Contact%20PDFs/2700097.pdf,-,2700097-ND,2700097,Phoenix Contact,OPTIC ELEMENT GREEN STEADY,0,0,"Obsolete","0","1","PSD-S","Obsolete","Optical Element","1","Not Included","Green","Steady","12 ~ 240VAC/DC","-","-","IP65 - Dust Tight, Water Resistant","-20°C ~ 60°C"
//media.digikey.com/pdf/Data%20Sheets/Phoenix%20Contact%20PDFs/2700098.pdf,-,2700098-ND,2700098,Phoenix Contact,OPTIC ELEMENT YELLOW STEADY,0,0,"Obsolete","0","1","PSD-S","Obsolete","Optical Element","1","Not Included","Yellow","Steady","12 ~ 240VAC/DC","-","-","IP65 - Dust Tight, Water Resistant","-20°C ~ 60°C"
//media.digikey.com/pdf/Data%20Sheets/Phoenix%20Contact%20PDFs/2700099.pdf,-,2700099-ND,2700099,Phoenix Contact,OPTIC ELEMENT CLEAR STEADY,0,0,"Obsolete","0","1","PSD-S","Obsolete","Optical Element","1","Not Included","Clear","Steady","12 ~ 240VAC/DC","-","-","IP65 - Dust Tight, Water Resistant","-20°C ~ 60°C"
//media.digikey.com/pdf/Data%20Sheets/Phoenix%20Contact%20PDFs/2700100.pdf,-,2700100-ND,2700100,Phoenix Contact,OPTIC ELEMENT BLUE STEADY,0,0,"Obsolete","0","1","PSD-S","Obsolete","Optical Element","1","Not Included","Blue","Steady","12 ~ 240VAC/DC","-","-","IP65 - Dust Tight, Water Resistant","-20°C ~ 60°C"
//media.digikey.com/pdf/Data%20Sheets/Phoenix%20Contact%20PDFs/2700102.pdf,-,2700102-ND,2700102,Phoenix Contact,OPTIC ELEMENT GREEN XENON FLASH,0,0,"Obsolete","0","1","PSD-S","Obsolete","Optical Element","1","Xenon","Green","Flashing","24VDC","-","-","IP65 - Dust Tight, Water Resistant","-20°C ~ 50°C"
//media.digikey.com/pdf/Data%20Sheets/Phoenix%20Contact%20PDFs/2700103.pdf,-,2700103-ND,2700103,Phoenix Contact,OPTIC ELEMENT YELLOW XENON FLASH,0,0,"Obsolete","0","1","PSD-S","Obsolete","Optical Element","1","Xenon","Yellow","Flashing","24VDC","-","-","IP65 - Dust Tight, Water Resistant","-20°C ~ 50°C"
//media.digikey.com/pdf/Data%20Sheets/Phoenix%20Contact%20PDFs/2700105.pdf,-,2700105-ND,2700105,Phoenix Contact,OPTIC ELEMENT CLEAR XENON FLASH,0,0,"Obsolete","0","1","PSD-S","Obsolete","Optical Element","1","Xenon","Clear","Flashing","24VDC","-","-","IP65 - Dust Tight, Water Resistant","-20°C ~ 50°C"
//media.digikey.com/pdf/Data%20Sheets/Phoenix%20Contact%20PDFs/2700106.pdf,-,2700106-ND,2700106,Phoenix Contact,OPTIC ELEMENT BLUE XENON FLASH,0,0,"Obsolete","0","1","PSD-S","Obsolete","Optical Element","1","Xenon","Blue","Flashing","24VDC","-","-","IP65 - Dust Tight, Water Resistant","-20°C ~ 50°C"
